timestamp,node_id,tilt_x,tilt_y,tilt_magnitude,tilt_change,abs_tilt_change,anomaly_score,anomaly
2026-09-01 00:00:00,N01,0.5248,0.2931,0.6011011978028326,0.0,0.0,0.5798336352143539,0
2026-09-01 00:05:00,N01,0.5324,0.3762,0.6519019864979704,0.05080078869513782,0.05080078869513782,2.11863855756176,0
2026-09-01 00:10:00,N01,0.4883,0.2883,0.5670571223430669,-0.08484486415490344,0.08484486415490344,0.45139426970334845,0
2026-09-01 00:15:00,N01,0.579,0.3384,0.6706381736823516,0.10358105133928464,0.10358105133928464,2.6861757514893743,0
2026-09-01 00:20:00,N01,0.4765,0.3271,0.5779676980593292,-0.09267047562302233,0.09267047562302233,0.12090240040220465,0
2026-09-01 00:25:00,N01,0.4768,0.2767,0.5512722829963429,-0.02669541506298634,0.02669541506298634,0.9295322889960834,0
2026-09-01 00:30:00,N01,0.5121,0.2043,0.5513482565493428,7.597355299993058e-05,7.597355299993058e-05,0.9272309767462659,0
2026-09-01 00:35:00,N01,0.4138,0.2719,0.4951363953498066,-0.05621186119953625,0.05621186119953625,2.6299425080031504,0
2026-09-01 00:40:00,N01,0.4494,0.3157,0.5492056536489769,0.05406925829917031,0.05406925829917031,0.9921324866323614,0
2026-09-01 00:45:00,N01,0.4546,0.2294,0.5092008640998167,-0.0400047895491602,0.0400047895491602,2.2039161745815155,0
2026-09-01 00:50:00,N01,0.5733,0.2887,0.6418882924621698,0.13268742836235314,0.13268742836235314,1.8153141000293604,0
2026-09-01 00:55:00,N01,0.5034,0.2288,0.5529565986585204,-0.0889316938036494,0.0889316938036494,0.878512741892208,0
2026-09-01 01:00:00,N01,0.4728,0.3055,0.5629121512278803,0.009955552569359871,0.009955552569359871,0.5769494454962685,0
2026-09-01 01:05:00,N01,0.4425,0.3188,0.5453803168432099,-0.01753183438467043,0.01753183438467043,1.108005630682867,0
2026-09-01 01:10:00,N01,0.47,0.2854,0.5498664928871371,0.004486176043927204,0.004486176043927204,0.9721150282684025,0
2026-09-01 01:15:00,N01,0.4699,0.3926,0.6123240726935371,0.06245757980639999,0.06245757980639999,0.9197853479395957,0
2026-09-01 01:20:00,N01,0.4993,0.2471,0.5570986447658978,-0.05522542792763929,0.05522542792763929,0.7530461674090404,0
2026-09-01 01:25:00,N01,0.5411,0.239,0.5915320870417766,0.034433442275878856,0.034433442275878856,0.2899760341844364,0
2026-09-01 01:30:00,N01,0.5104,0.202,0.5489190832900601,-0.042613003751716505,0.042613003751716505,1.0008129794008171,0
2026-09-01 01:35:00,N01,0.4336,0.3098,0.532902430093915,-0.016016653196145092,0.016016653196145092,1.485972863938561,0
2026-09-01 01:40:00,N01,0.5369,0.3086,0.6192701914350472,0.08636776134113222,0.08636776134113222,1.130189988993298,0
2026-09-01 01:45:00,N01,0.4942,0.2849,0.5704398741322348,-0.0488303173028124,0.0488303173028124,0.34892745298738487,0
2026-09-01 01:50:00,N01,0.4261,0.264,0.501255633384803,-0.0691842407474319,0.0691842407474319,2.4445848816525757,0
2026-09-01 01:55:00,N01,0.477,0.3529,0.593352686013976,0.092097052629173,0.092097052629173,0.34512373428912185,0
2026-09-01 02:00:00,N01,0.5172,0.2118,0.5588873589552729,-0.03446532705870309,0.03446532705870309,0.6988642881511995,0
2026-09-01 02:05:00,N01,0.5162,0.2807,0.5875839769769083,0.028696618021635478,0.028696618021635478,0.1703839696153655,0
2026-09-01 02:10:00,N01,0.4662,0.3306,0.5715232278744233,-0.016060749102485006,0.016060749102485006,0.31611162248665325,0
2026-09-01 02:15:00,N01,0.5515,0.3466,0.6513707162591822,0.07984748838475886,0.07984748838475886,2.102545869248396,0
2026-09-01 02:20:00,N01,0.458,0.2845,0.5391699639260332,-0.11220075233314897,0.11220075233314897,1.2961232147584987,0
2026-09-01 02:25:00,N01,0.5166,0.3488,0.623327361825229,0.08415739789919574,0.08415739789919574,1.2530855960808178,0
2026-09-01 02:30:00,N01,0.476,0.2907,0.5577476938544883,-0.06557966797074066,0.06557966797074066,0.7333858440553637,0
2026-09-01 02:35:00,N01,0.4447,0.2402,0.5054247026016833,-0.05232299125280504,0.05232299125280504,2.318299751099937,0
2026-09-01 02:40:00,N01,0.5406,0.3678,0.653854112168762,0.14842940956707873,0.14842940956707873,2.1777703283159884,0
2026-09-01 02:45:00,N01,0.4964,0.3502,0.6074973250969917,-0.04635678707177027,0.04635678707177027,0.7735785044776682,0
2026-09-01 02:50:00,N01,0.5181,0.2677,0.5831731303823934,-0.024324194714598346,0.024324194714598346,0.03677516893136065,0
2026-09-01 02:55:00,N01,0.5181,0.3769,0.6406880832355164,0.057514952853123025,0.057514952853123025,1.7789586041156162,0
2026-09-01 03:00:00,N01,0.4982,0.3782,0.6254905914560186,-0.015197491779497807,0.015197491779497807,1.3186119095403064,0
2026-09-01 03:05:00,N01,0.369,0.3411,0.5025039402830589,-0.1229866511729597,0.1229866511729597,2.40677246084226,0
2026-09-01 03:10:00,N01,0.5044,0.285,0.5793482199851829,0.07684427970212404,0.07684427970212404,0.07908505879239791,0
2026-09-01 03:15:00,N01,0.5046,0.2006,0.5430115284227399,-0.03633669156244301,0.03633669156244301,1.179758518286511,0
2026-09-01 03:20:00,N01,0.489,0.3179,0.5832507265319092,0.040239198109169316,0.040239198109169316,0.03912563119577102,0
2026-09-01 03:25:00,N01,0.5739,0.2741,0.6359968710614856,0.05274614452957638,0.05274614452957638,1.636857259420045,0
2026-09-01 03:30:00,N01,0.4596,0.2749,0.5355391395593789,-0.10045773150210668,0.10045773150210668,1.4061043892854461,0
2026-09-01 03:35:00,N01,0.5458,0.3164,0.6308776426534705,0.09533850309409153,0.09533850309409153,1.4817908898770786,0
2026-09-01 03:40:00,N01,0.4735,0.3257,0.5747023055460975,-0.05617533710737299,0.05617533710737299,0.21981429137523478,0
2026-09-01 03:45:00,N01,0.5049,0.3484,0.6134383180076054,0.03873601246150793,0.03873601246150793,0.9535369139690223,0
2026-09-01 03:50:00,N01,0.4649,0.2836,0.5445741180041519,-0.0688642000034535,0.0688642000034535,1.1324261716586788,0
2026-09-01 03:55:00,N01,0.4804,0.2268,0.5312460823384959,-0.01332803566565599,0.01332803566565599,1.536145236152183,0
2026-09-01 04:00:00,N01,0.5148,0.3131,0.6025368453464071,0.07129076300791115,0.07129076300791115,0.6233207849920079,0
2026-09-01 04:05:00,N01,0.5003,0.2883,0.577422704783939,-0.02511414056246808,0.02511414056246808,0.13741077273968047,0
2026-09-01 04:10:00,N01,0.4292,0.279,0.511911750207006,-0.06551095457693301,0.06551095457693301,2.121800817855463,0
2026-09-01 04:15:00,N01,0.4829,0.2599,0.5483980488659674,0.03648629865896147,0.03648629865896147,1.0165956150074766,0
2026-09-01 04:20:00,N01,0.4919,0.3202,0.5869358142079932,0.0385377653420258,0.0385377653420258,0.1507504937401307,0
2026-09-01 04:25:00,N01,0.5943,0.3087,0.6696926011238291,0.08275678691583588,0.08275678691583588,2.6575334460278794,0
2026-09-01 04:30:00,N01,0.5129,0.2963,0.5923344494455813,-0.07735815167824778,0.07735815167824778,0.31428036583351104,0
2026-09-01 04:35:00,N01,0.4041,0.2987,0.5025121889068961,-0.08982226053868525,0.08982226053868525,2.4065226020646837,0
2026-09-01 04:40:00,N01,0.503,0.4232,0.6573486441759806,0.15483645526908452,0.15483645526908452,2.283623075726645,0
2026-09-01 04:45:00,N01,0.4904,0.3151,0.5829066563353004,-0.07444198784068023,0.07444198784068023,0.02870341284494759,0
2026-09-01 04:50:00,N01,0.4983,0.2416,0.5537810487909459,-0.029125607544354448,0.029125607544354448,0.8535393516241994,0
2026-09-01 04:55:00,N01,0.5571,0.3376,0.6514093720541638,0.09762832326321791,0.09762832326321791,2.103716790588849,0
2026-09-01 05:00:00,N01,0.5396,0.2545,0.5966057408372801,-0.0548036312168837,0.0548036312168837,0.4436619047259433,0
2026-09-01 05:05:00,N01,0.5701,0.2299,0.6147097038440178,0.018103963006737667,0.018103963006737667,0.99204841809182,0
2026-09-01 05:10:00,N01,0.5293,0.4095,0.6692150177633494,0.054505313919331555,0.054505313919331555,2.643066985076894,0
2026-09-01 05:15:00,N01,0.4505,0.2717,0.5260904294890756,-0.14312458827427377,0.14312458827427377,1.6923149371820756,0
2026-09-01 05:20:00,N01,0.505,0.2748,0.5749261169924358,0.0488356875033602,0.0488356875033602,0.21303482664349807,0
2026-09-01 05:25:00,N01,0.4225,0.3034,0.5201517182515117,-0.054774398740924046,0.054774398740924046,1.8722042325944863,0
2026-09-01 05:30:00,N01,0.4469,0.3237,0.55181636438221,0.031664646130698304,0.031664646130698304,0.9130515386724158,0
2026-09-01 05:35:00,N01,0.454,0.3775,0.5904424188691053,0.03862605448689527,0.03862605448689527,0.25696893348971034,0
2026-09-01 05:40:00,N01,0.4608,0.2839,0.5412354847938188,-0.049206934075286535,0.049206934075286535,1.233556594038614,0
2026-09-01 05:45:00,N01,0.5407,0.2385,0.5909642459574014,0.0497287611635826,0.0497287611635826,0.2727755796601675,0
2026-09-01 05:50:00,N01,0.5114,0.3654,0.6285277400401672,0.037563494082765825,0.037563494082765825,1.4106100716010392,0
2026-09-01 05:55:00,N01,0.4196,0.3092,0.521218572194046,-0.10730916784612121,0.10730916784612121,1.8398881969508394,0
2026-09-01 06:00:00,N01,0.513,0.3391,0.6149453715575067,0.09372679936346073,0.09372679936346073,0.9991870205991829,0
2026-09-01 06:05:00,N01,0.4382,0.234,0.4967647733082529,-0.11818059824925381,0.11818059824925381,2.5806173679362,0
2026-09-01 06:10:00,N01,0.5261,0.3148,0.6130907355359401,0.11632596222768715,0.11632596222768715,0.9430083054167011,0
2026-09-01 06:15:00,N01,0.5125,0.3173,0.6027732077655742,-0.010317527770365875,0.010317527770365875,0.6304804308048915,0
2026-09-01 06:20:00,N01,0.466,0.3116,0.5605805562093641,-0.0421926515562101,0.0421926515562101,0.6475757090557717,0
2026-09-01 06:25:00,N01,0.5147,0.2643,0.5785936225020114,0.018013066292647317,0.018013066292647317,0.10194254489293252,0
2026-09-01 06:30:00,N01,0.5933,0.3237,0.6758598819281997,0.09726625942618827,0.09726625942618827,2.844346334233539,0
2026-09-01 06:35:00,N01,0.4404,0.3328,0.552003623176515,-0.12385625875168471,0.12385625875168471,0.9073792890512827,0
2026-09-01 06:40:00,N01,0.4513,0.3394,0.5646804848761819,0.012676861699666975,0.012676861699666975,0.5233849124987806,0
2026-09-01 06:45:00,N01,0.5579,0.259,0.61508813189656,0.05040764702037803,0.05040764702037803,1.0035113690609647,0
2026-09-01 06:50:00,N01,0.5482,0.3206,0.635065036039617,0.019976904143056973,0.019976904143056973,1.6086310772032235,0
2026-09-01 06:55:00,N01,0.5411,0.3948,0.6698180723151623,0.03475303627554538,0.03475303627554538,2.661334089517787,0
2026-09-01 07:00:00,N01,0.4877,0.2623,0.553762205283098,-0.11605586703206427,0.11605586703206427,0.8541101396646095,0
2026-09-01 07:05:00,N01,0.4555,0.2592,0.5240848118386947,-0.029677393444403344,0.029677393444403344,1.7530670316283636,0
2026-09-01 07:10:00,N01,0.4961,0.3171,0.5887848673327126,0.06470005549401792,0.06470005549401792,0.20676009758851308,0
2026-09-01 07:15:00,N01,0.5138,0.3414,0.6168828089677973,0.028097941635084722,0.028097941635084722,1.05787386976577,0
2026-09-01 07:20:00,N01,0.5007,0.3727,0.6241840914345703,0.007301282466772974,0.007301282466772974,1.279036762860664,0
2026-09-01 07:25:00,N01,0.4868,0.436,0.653506113207826,0.029322021773255713,0.029322021773255713,2.167229103901666,0
2026-09-01 07:30:00,N01,0.5313,0.2571,0.5902373251498079,-0.06326878805801817,0.06326878805801817,0.25075644677633674,0
2026-09-01 07:35:00,N01,0.4465,0.3241,0.5517273420812132,-0.038509983068594655,0.038509983068594655,0.9157481100936727,0
2026-09-01 07:40:00,N01,0.4888,0.3357,0.592975488532199,0.041248146450985734,0.041248146450985734,0.33369805849619755,0
2026-09-01 07:45:00,N01,0.5237,0.2964,0.6017596280908184,0.008784139558619453,0.008784139558619453,0.5997781241524206,0
2026-09-01 07:50:00,N01,0.4577,0.2243,0.5097055816841718,-0.0920540464066466,0.0920540464066466,2.1886277917994725,0
2026-09-01 07:55:00,N01,0.4777,0.3428,0.5879703478917964,0.07826476620762457,0.07826476620762457,0.18208751755139324,0
2026-09-01 08:00:00,N01,0.5107,0.2377,0.5633078909441976,-0.02466245694759872,0.02466245694759872,0.564962107522207,0
2026-09-01 08:05:00,N01,0.5087,0.3193,0.6006065101212275,0.03729861917702981,0.03729861917702981,0.5648490678674417,0
2026-09-01 08:10:00,N01,0.4558,0.3077,0.5499390238926494,-0.050667486228578085,0.050667486228578085,0.9699179941047219,0
2026-09-01 08:15:00,N01,0.5029,0.2429,0.558487976593946,0.00854895270129663,0.00854895270129663,0.7109619653584694,0
2026-09-01 08:20:00,N01,0.5179,0.328,0.6130288818644681,0.05454090527052213,0.05454090527052213,0.9411346980068347,0
2026-09-01 08:25:00,N01,0.5542,0.3527,0.6569131830006154,0.043884301136147275,0.043884301136147275,2.270432536418989,0
2026-09-01 08:30:00,N01,0.4311,0.2531,0.4999068113158691,-0.1570063716847463,0.1570063716847463,2.4854420039996707,0
2026-09-01 08:35:00,N01,0.5258,0.3257,0.6185031366129036,0.11859632529703446,0.11859632529703446,1.10695515807151,0
2026-09-01 08:40:00,N01,0.5258,0.4926,0.7205001040943714,0.1019969674814678,0.1019969674814678,4.196541750257885,0
2026-09-01 08:45:00,N01,0.5285,0.3568,0.637666441017559,-0.08283366307681239,0.08283366307681239,1.6874301448535136,0
2026-09-01 08:50:00,N01,0.5477,0.3326,0.6407792521609919,0.00311281114343287,0.00311281114343287,1.7817201988642462,0
2026-09-01 08:55:00,N01,0.4842,0.3379,0.5904456367863176,-0.05033361537467429,0.05033361537467429,0.2570664073079936,0
2026-09-01 09:00:00,N01,0.4614,0.2882,0.5440121322176557,-0.04643350456866191,0.04643350456866191,1.1494492635586766,0
2026-09-01 09:05:00,N01,0.4757,0.3041,0.5645948104614494,0.020582678243793784,0.020582678243793784,0.5259800732137211,0
2026-09-01 09:10:00,N01,0.6157,0.2066,0.6494382572654618,0.08484344680401235,0.08484344680401235,2.0440098211248734,0
2026-09-01 09:15:00,N01,0.5343,0.2194,0.5775922869983635,-0.07184597026709827,0.07184597026709827,0.1322739637845072,0
2026-09-01 09:20:00,N01,0.4764,0.3544,0.5937645324537328,0.016172245455369327,0.016172245455369327,0.3575989604623292,0
2026-09-01 09:25:00,N01,0.5032,0.2461,0.5601566298813216,-0.0336079025724112,0.0336079025724112,0.6604168467046211,0
2026-09-01 09:30:00,N01,0.4642,0.334,0.571872048626264,0.011715418744942308,0.011715418744942308,0.30554550523263824,0
2026-09-01 09:35:00,N01,0.4635,0.3108,0.5580581421321618,-0.01381390649410219,0.01381390649410219,0.723982066080871,0
2026-09-01 09:40:00,N01,0.5023,0.2674,0.569041342962003,0.010983200829841278,0.010983200829841278,0.39129031199187436,0
2026-09-01 09:45:00,N01,0.6072,0.3317,0.691893582857942,0.12285223989593896,0.12285223989593896,3.3300226110763647,0
2026-09-01 09:50:00,N01,0.3987,0.3093,0.5046069559568119,-0.18728662690113007,0.18728662690113007,2.343070086259744,0
2026-09-01 09:55:00,N01,0.4669,0.3426,0.5791117077041354,0.07450475174732352,0.07450475174732352,0.08624924406628356,0
2026-09-01 10:00:00,N01,0.4604,0.2943,0.5464253379923006,-0.032686369711834806,0.032686369711834806,1.076350931425571,0
2026-09-01 10:05:00,N01,0.5252,0.3433,0.627447153153156,0.08102181516085538,0.08102181516085538,1.3778780518141887,0
2026-09-01 10:10:00,N01,0.44,0.2833,0.5233152873746381,-0.10413186577851796,0.10413186577851796,1.7763766703873864,0
2026-09-01 10:15:00,N01,0.4763,0.2673,0.5461785239278454,0.022863236553207322,0.022863236553207322,1.0838271676621292,0
2026-09-01 10:20:00,N01,0.5883,0.3202,0.6697946924244772,0.12361616849663182,0.12361616849663182,2.660625890062733,0
2026-09-01 10:25:00,N01,0.437,0.3459,0.5573291756224502,-0.11246551680202699,0.11246551680202699,0.7460631652563628,0
2026-09-01 10:30:00,N01,0.6061,0.3516,0.7006994862278694,0.14337031060541916,0.14337031060541916,3.5967619235834714,0
2026-09-01 10:35:00,N01,0.424,0.2758,0.5058079082023135,-0.1948915780255559,0.1948915780255559,2.3066920835879303,0
2026-09-01 10:40:00,N01,0.5633,0.2646,0.6223504237967545,0.11654251559444107,0.11654251559444107,1.2234932002606185,0
2026-09-01 10:45:00,N01,0.5222,0.3387,0.6224231117174233,7.268792066872365e-05,7.268792066872365e-05,1.2256949875358412,0
2026-09-01 10:50:00,N01,0.4537,0.297,0.5422662537905157,-0.08015685792690752,0.08015685792690752,1.2023336062334622,0
2026-09-01 10:55:00,N01,0.3379,0.2488,0.419616312838288,-0.12264994095222775,0.12264994095222775,4.917518699038344,0
2026-09-01 11:00:00,N01,0.4874,0.2376,0.5422292135250553,0.12261290068676728,0.12261290068676728,1.203455591625415,0
2026-09-01 11:05:00,N01,0.5816,0.2285,0.6248766358250243,0.08264742229996902,0.08264742229996902,1.3000146008893212,0
2026-09-01 11:10:00,N01,0.478,0.3065,0.567825897612992,-0.057050738212032326,0.057050738212032326,0.4281073247576923,0
2026-09-01 11:15:00,N01,0.5721,0.2282,0.6159331538405771,0.04810725622758516,0.04810725622758516,1.0291078993579363,0
2026-09-01 11:20:00,N01,0.5582,0.3005,0.6339459677291117,0.018012813888534596,0.018012813888534596,1.5747334179565815,0
2026-09-01 11:25:00,N01,0.4509,0.3231,0.5547111140043978,-0.07923485372471395,0.07923485372471395,0.8253667786125372,0
2026-09-01 11:30:00,N01,0.51,0.27,0.5770615218501404,0.022350407845742604,0.022350407845742604,0.14835135241714464,0
2026-09-01 11:35:00,N01,0.5035,0.2807,0.5764587929765664,-0.0006027288735739322,0.0006027288735739322,0.1666085917498333,0
2026-09-01 11:40:00,N01,0.5057,0.3331,0.6055477685533983,0.029088975576831877,0.029088975576831877,0.7145245550659878,0
2026-09-01 11:45:00,N01,0.5793,0.2381,0.6263226804132196,0.020774911859821277,0.020774911859821277,1.343816687183736,0
2026-09-01 11:50:00,N01,0.6067,0.2024,0.6395706763134158,0.013247995900196208,0.013247995900196208,1.7451112699273177,0
2026-09-01 11:55:00,N01,0.4924,0.3294,0.5924205600753573,-0.04715011623805854,0.04715011623805854,0.31688873992315014,0
2026-09-01 12:00:00,N01,0.514,0.2689,0.5800889673144973,-0.012331592760859933,0.012331592760859933,0.05664710722032352,0
2026-09-01 12:05:00,N01,0.4896,0.2753,0.5616923090091229,-0.018396658305374403,0.018396658305374403,0.6138996436905474,0
2026-09-01 12:10:00,N01,0.4705,0.3425,0.5819591910091291,0.020266882000006148,0.020266882000006148,3.773624475819392e-06,0
2026-09-01 12:15:00,N01,0.5179,0.2654,0.5819429267548494,-1.6264254279696466e-05,1.6264254279696466e-05,0.0004888863358665324,0
2026-09-01 12:20:00,N01,0.545,0.3154,0.6296841748051162,0.047741248050266805,0.047741248050266805,1.445639596818774,0
2026-09-01 12:25:00,N01,0.5406,0.3315,0.6341455747697053,0.004461399964589163,0.004461399964589163,1.5807797078762904,0
2026-09-01 12:30:00,N01,0.4586,0.272,0.5331959864815188,-0.10094958828818656,0.10094958828818656,1.4770807576182823,0
2026-09-01 12:35:00,N01,0.5374,0.3305,0.6308954033752346,0.09769941689371586,0.09769941689371586,1.482328879281912,0
2026-09-01 12:40:00,N01,0.499,0.3059,0.5852997608063752,-0.045595642568859396,0.045595642568859396,0.10119285709119547,0
2026-09-01 12:45:00,N01,0.5639,0.2704,0.6253793808561328,0.040079620049757514,0.040079620049757514,1.3152432331296209,0
2026-09-01 12:50:00,N01,0.5274,0.2899,0.6018245342290393,-0.023554846627093506,0.023554846627093506,0.6017441937263438,0
2026-09-01 12:55:00,N01,0.4891,0.3549,0.604295308603335,0.00247077437429577,0.00247077437429577,0.6765863343079144,0
2026-09-01 13:00:00,N01,0.5413,0.3407,0.639595325186168,0.035300016582832994,0.035300016582832994,1.7458579080740018,0
2026-09-01 13:05:00,N01,0.5653,0.3011,0.6404883293238058,0.0008930041376378206,0.0008930041376378206,1.772907865328016,0
2026-09-01 13:10:00,N01,0.5341,0.2845,0.605147139132294,-0.03534119019151183,0.03534119019151183,0.7023891032144006,0
2026-09-01 13:15:00,N01,0.5162,0.2935,0.5938052626913978,-0.011341876440896237,0.011341876440896237,0.3588327186739054,0
2026-09-01 13:20:00,N01,0.5048,0.3298,0.6029851407787757,0.009179878087377968,0.009179878087377968,0.6369000863318868,0
2026-09-01 13:25:00,N01,0.4591,0.4046,0.6119427832730769,0.008957642494301199,0.008957642494301199,0.9082357233744327,0
2026-09-01 13:30:00,N01,0.4497,0.2393,0.5094061051852442,-0.10253667808783273,0.10253667808783273,2.197699224005824,0
2026-09-01 13:35:00,N01,0.5579,0.3396,0.6531313573853271,0.14372525220008292,0.14372525220008292,2.1558773883249573,0
2026-09-01 13:40:00,N01,0.5312,0.3314,0.626098554542334,-0.027032802842993142,0.027032802842993142,1.3370276982289804,0
2026-09-01 13:45:00,N01,0.4994,0.2551,0.5607819273122129,-0.0653166272301211,0.0653166272301211,0.6414759839876861,0
2026-09-01 13:50:00,N01,0.5038,0.2661,0.569757536150247,0.008975608838034166,0.008975608838034166,0.3695961290524067,0
2026-09-01 13:55:00,N01,0.5488,0.2926,0.6219294172170987,0.052171881066851666,0.052171881066851666,1.2107405046085324,0
2026-09-01 14:00:00,N01,0.4587,0.2839,0.5394487000633147,-0.08248071715378402,0.08248071715378402,1.287680028124944,0
2026-09-01 14:05:00,N01,0.5206,0.2718,0.587281533848971,0.04783283378565628,0.04783283378565628,0.16122267535292598,0
2026-09-01 14:10:00,N01,0.4589,0.3122,0.5550297739761354,-0.03225175987283557,0.03225175987283557,0.8157142604989377,0
2026-09-01 14:15:00,N01,0.5122,0.2747,0.5812133257247291,0.02618355174859366,0.02618355174859366,0.022589205746977196,0
2026-09-01 14:20:00,N01,0.4764,0.3116,0.5692552327383561,-0.011958092986372959,0.011958092986372959,0.38481138422035777,0
2026-09-01 14:25:00,N01,0.4276,0.2296,0.4853430951399226,-0.08391213759843352,0.08391213759843352,2.9265910238250665,0
2026-09-01 14:30:00,N01,0.4641,0.2893,0.5468850884783749,0.06154199333845234,0.06154199333845234,1.0624246454525657,0
2026-09-01 14:35:00,N01,0.5155,0.3738,0.6367626637924054,0.08987757531403051,0.08987757531403051,1.6600538603804955,0
2026-09-01 14:40:00,N01,0.5429,0.292,0.6164449772688557,-0.020317686523549705,0.020317686523549705,1.0446115250109613,0
2026-09-01 14:45:00,N01,0.499,0.2499,0.5580779605037275,-0.05836701676512823,0.05836701676512823,0.7233817484775112,0
2026-09-01 14:50:00,N01,0.4991,0.2856,0.5750375379051353,0.016959577401407855,0.016959577401407855,0.20965977965469162,0
2026-09-01 14:55:00,N01,0.5161,0.2586,0.5772635186810267,0.002225980775891312,0.002225980775891312,0.1422326734428526,0
2026-09-01 15:00:00,N01,0.526,0.3766,0.6469185110970315,0.06965499241600481,0.06965499241600481,1.967684277631536,0
2026-09-01 15:05:00,N01,0.4946,0.3201,0.5891461363702557,-0.057772374726775766,0.057772374726775766,0.21770328543150427,0
2026-09-01 15:10:00,N01,0.5345,0.2799,0.6033525171904066,0.01420638082015091,0.01420638082015091,0.6480282724308167,0
2026-09-01 15:15:00,N01,0.5112,0.3006,0.5930310278560473,-0.01032148933435928,0.01032148933435928,0.33538039822195703,0
2026-09-01 15:20:00,N01,0.5049,0.2613,0.5685083112848923,-0.024522716571155012,0.024522716571155012,0.4074363559721634,0
2026-09-01 15:25:00,N01,0.5012,0.3249,0.5972951113143318,0.028786800029439452,0.028786800029439452,0.4645436018541924,0
2026-09-01 15:30:00,N01,0.5726,0.348,0.6700557887221034,0.07276067740777159,0.07276067740777159,2.668534748927207,0
2026-09-01 15:35:00,N01,0.6077,0.2616,0.6616145781344301,-0.00844121058767322,0.00844121058767322,2.4128423327949786,0
2026-09-01 15:40:00,N01,0.5436,0.3092,0.6253843618127974,-0.0362302163216327,0.0362302163216327,1.3153941111145986,0
2026-09-01 15:45:00,N01,0.6095,0.2596,0.6624820073028399,0.037097645490042463,0.037097645490042463,2.4391175995461896,0
2026-09-01 15:50:00,N01,0.458,0.27,0.5316615464748227,-0.13082046082801724,0.13082046082801724,1.5235604264580842,0
2026-09-01 15:55:00,N01,0.3938,0.2737,0.47957286203454,-0.05208868444028264,0.05208868444028264,3.1013769539991087,0
2026-09-01 16:00:00,N01,0.462,0.3075,0.5549777022547843,0.07540484022024424,0.07540484022024424,0.8172915631981356,0
2026-09-01 16:05:00,N01,0.5171,0.3938,0.6499775765362987,0.09499987428151446,0.09499987428151446,2.060346322387897,0
2026-09-01 16:10:00,N01,0.5475,0.2712,0.6109874712299754,-0.0389901053063233,0.0389901053063233,0.8792983995245166,0
2026-09-01 16:15:00,N01,0.4551,0.3246,0.5590001520572244,-0.05198731917275101,0.05198731917275101,0.6954476762255168,0
2026-09-01 16:20:00,N01,0.434,0.3916,0.5845567209433145,0.025556568886090036,0.025556568886090036,0.07868546245919594,0
2026-09-01 16:25:00,N01,0.559,0.2765,0.6236451314650023,0.03908841052168788,0.03908841052168788,1.2627111451798738,0
2026-09-01 16:30:00,N01,0.4143,0.3677,0.5539384261811054,-0.06970670528389689,0.06970670528389689,0.8487722385760735,0
2026-09-01 16:35:00,N01,0.4943,0.3619,0.6126206819884552,0.05868225580734976,0.05868225580734976,0.9287699297690846,0
2026-09-01 16:40:00,N01,0.4203,0.27,0.4995518891967079,-0.11306879279174731,0.11306879279174731,2.4961929375588485,0
2026-09-01 16:45:00,N01,0.5003,0.3023,0.584538604371003,0.08498671517429512,0.08498671517429512,0.07813669399782038,0
2026-09-01 16:50:00,N01,0.4775,0.3311,0.5810623546573982,-0.0034762497136048287,0.0034762497136048287,0.027162265093258732,0
2026-09-01 16:55:00,N01,0.4466,0.2929,0.5340804901885108,-0.04698186446888741,0.04698186446888741,1.4502882866131206,0
2026-09-01 17:00:00,N01,0.506,0.3257,0.6017611569385316,0.06768066675002082,0.06768066675002082,0.599824434425293,0
2026-09-01 17:05:00,N01,0.5356,0.2438,0.588477527183494,-0.013283629755037607,0.013283629755037607,0.19745046782487372,0
2026-09-01 17:10:00,N01,0.4233,0.3639,0.5582168933308987,-0.030260633852595253,0.030260633852595253,0.7191733390449382,0
2026-09-01 17:15:00,N01,0.5166,0.2626,0.579512139648515,0.021295246317616257,0.021295246317616257,0.07411977397529312,0
2026-09-01 17:20:00,N01,0.5776,0.3058,0.6535559654689107,0.0740438258203957,0.0740438258203957,2.168739177007176,0
2026-09-01 17:25:00,N01,0.559,0.3034,0.6360287414889362,-0.017527223979974527,0.017527223979974527,1.6378226454287654,0
2026-09-01 17:30:00,N01,0.603,0.3878,0.7169364267492621,0.08090768526032588,0.08090768526032588,4.088594523823643,0
2026-09-01 17:35:00,N01,0.4876,0.3486,0.5993961294502993,-0.11754029729896276,0.11754029729896276,0.5281854690891677,0
2026-09-01 17:40:00,N01,0.5323,0.3684,0.6473498667644877,0.047953737314188394,0.047953737314188394,1.9807504571420054,0
2026-09-01 17:45:00,N01,0.4518,0.3343,0.5620317873572632,-0.08531807940722447,0.08531807940722447,0.6036165168618756,0
2026-09-01 17:50:00,N01,0.5529,0.2121,0.5921864740096652,0.030154686652401952,0.030154686652401952,0.3097980470541555,0
2026-09-01 17:55:00,N01,0.4408,0.198,0.4832273171086254,-0.1089591569010398,0.1089591569010398,2.9906799825357853,0
2026-09-01 18:00:00,N01,0.4865,0.3359,0.5911946041702343,0.10796728706160891,0.10796728706160891,0.279753352267945,0
2026-09-01 18:05:00,N01,0.5751,0.3037,0.6503642825371024,0.05916967836686815,0.05916967836686815,2.0720600203997344,0
2026-09-01 18:10:00,N01,0.5814,0.231,0.6256092710310486,-0.02475501150605386,0.02475501150605386,1.3222068284171409,0
2026-09-01 18:15:00,N01,0.4148,0.2972,0.5102811773914456,-0.11532809363960295,0.11532809363960295,2.1711924422628663,0
2026-09-01 18:20:00,N01,0.5192,0.2984,0.5988415483247634,0.08856037093331781,0.08856037093331781,0.5113866715166171,0
2026-09-01 18:25:00,N01,0.3966,0.2955,0.4945824602632002,-0.10425908806156325,0.10425908806156325,2.646721736432973,0
2026-09-01 18:30:00,N01,0.4348,0.3335,0.5479719792106162,0.05338951894741606,0.05338951894741606,1.029501676109241,0
2026-09-01 18:35:00,N01,0.5183,0.253,0.5767528846915289,0.02878090548091261,0.02878090548091261,0.1577002698471642,0
2026-09-01 18:40:00,N01,0.4743,0.247,0.5347611522913758,-0.04199173240015308,0.04199173240015308,1.4296703745442823,0
2026-09-01 18:45:00,N01,0.4969,0.3478,0.6065265451734162,0.07176539288204042,0.07176539288204042,0.7441726435986414,0
2026-09-01 18:50:00,N01,0.4507,0.3252,0.5557747115513623,-0.05075183362205393,0.05075183362205393,0.7931493823337615,0
2026-09-01 18:55:00,N01,0.4735,0.2604,0.5403798756430517,-0.015394835908310589,0.015394835908310589,1.2594738210467826,0
2026-09-01 19:00:00,N01,0.4946,0.2482,0.5533826885619029,0.013002812918851192,0.013002812918851192,0.8656060674580335,0
2026-09-01 19:05:00,N01,0.4723,0.2401,0.5298257260647127,-0.023556962497190193,0.023556962497190193,1.5791691986087706,0
2026-09-01 19:10:00,N01,0.5982,0.3018,0.670019760902617,0.14019403483790427,0.14019403483790427,2.667443431501018,0
2026-09-01 19:15:00,N01,0.465,0.3107,0.5592490411256867,-0.1107707197769302,0.1107707197769302,0.6879085861147971,0
2026-09-01 19:20:00,N01,0.4944,0.289,0.5726712494966025,0.013422208370915789,0.013422208370915789,0.28133693948375565,0
2026-09-01 19:25:00,N01,0.5307,0.3379,0.6291413990511195,0.05647014955451701,0.05647014955451701,1.429198395344656,0
2026-09-01 19:30:00,N01,0.4735,0.2712,0.5456662807980717,-0.08347511825304788,0.08347511825304788,1.0993435064785357,0
2026-09-01 19:35:00,N01,0.4862,0.1849,0.5201715582382412,-0.02549472255983043,0.02549472255983043,1.871603260246953,0
2026-09-01 19:40:00,N01,0.4242,0.3683,0.5617744476211072,0.04160288938286594,0.04160288938286594,0.611411585853598,0
2026-09-01 19:45:00,N01,0.5822,0.2875,0.6493174031242348,0.08754295550312763,0.08754295550312763,2.040349032539047,0
2026-09-01 19:50:00,N01,0.5288,0.3156,0.6158188045196412,-0.03349859860459359,0.03349859860459359,1.02564414805716,0
2026-09-01 19:55:00,N01,0.6539,0.356,0.7445275078867134,0.12870870336707219,0.12870870336707219,4.924355002307324,0
2026-09-01 20:00:00,N01,0.4936,0.2522,0.5542975735108354,-0.19022993437587798,0.19022993437587798,0.8378933193106075,0
2026-09-01 20:05:00,N01,0.4197,0.3102,0.5218928338270223,-0.03240473968381308,0.03240473968381308,1.819464161292643,0
2026-09-01 20:10:00,N01,0.4622,0.2289,0.515775193277071,-0.006117640549951342,0.006117640549951342,2.0047733982793163,0
2026-09-01 20:15:00,N01,0.4677,0.2459,0.5284033497244316,0.012628156447360595,0.012628156447360595,1.6222543508293406,0
2026-09-01 20:20:00,N01,0.5844,0.3441,0.6781800424666005,0.14977669274216887,0.14977669274216887,2.914626236353819,0
2026-09-01 20:25:00,N01,0.4996,0.374,0.6240802512497892,-0.0540997912168113,0.0540997912168113,1.2758913434374022,0
2026-09-01 20:30:00,N01,0.5039,0.2569,0.5656083627387417,-0.058471888511047454,0.058471888511047454,0.4952785964568641,0
2026-09-01 20:35:00,N01,0.5762,0.3269,0.6624726786819213,0.09686431594317957,0.09686431594317957,2.438835026614607,0
2026-09-01 20:40:00,N01,0.4481,0.2905,0.5340260855051933,-0.12844659317672802,0.12844659317672802,1.4519362569820484,0
2026-09-01 20:45:00,N01,0.4562,0.2309,0.5113054370921554,-0.02272064841303789,0.02272064841303789,2.1401666273159208,0
2026-09-01 20:50:00,N01,0.5463,0.3955,0.6744360162387534,0.163130579146598,0.163130579146598,2.801216068189239,0
2026-09-01 20:55:00,N01,0.4301,0.3281,0.5409580575238713,-0.1334779587148821,0.1334779587148821,1.241960133817308,0
2026-09-01 21:00:00,N01,0.4675,0.2756,0.5426892388835438,0.00173118135967254,0.00173118135967254,1.1895209795016755,0
2026-09-01 21:05:00,N01,0.4704,0.2568,0.5359313388858689,-0.006757899997674954,0.006757899997674954,1.394224293136431,0
2026-09-01 21:10:00,N01,0.5024,0.2585,0.5650026637105351,0.029071324824666234,0.029071324824666234,0.5136258046401614,0
2026-09-01 21:15:00,N01,0.5135,0.2975,0.5934547160483266,0.028452052337791467,0.028452052337791467,0.34821432250869055,0
2026-09-01 21:20:00,N01,0.4881,0.2546,0.5505113713630264,-0.042943344685300144,0.042943344685300144,0.952581036798908,0
2026-09-01 21:25:00,N01,0.4712,0.3378,0.5797743354099075,0.029262964046881113,0.029262964046881113,0.06617761129213659,0
2026-09-01 21:30:00,N01,0.525,0.2511,0.5819589418507117,0.0021846064408042043,0.0021846064408042043,3.7736244724564195e-06,0
2026-09-01 21:35:00,N01,0.505,0.3376,0.6074526812847236,0.025493739434011897,0.025493739434011897,0.7722262003139914,0
2026-09-01 21:40:00,N01,0.4165,0.3272,0.5296528013708603,-0.07779987991386328,0.07779987991386328,1.5844072544919632,0
2026-09-01 21:45:00,N01,0.4669,0.3285,0.5708834031568968,0.041230601786036436,0.041230601786036436,0.335492530737466,0
2026-09-01 21:50:00,N01,0.4618,0.2098,0.5072231067291789,-0.06366029642771787,0.06366029642771787,2.2638243542637246,0
2026-09-01 21:55:00,N01,0.4186,0.3024,0.5164026723401032,0.009179565610924256,0.009179565610924256,1.9857664518191276,0
2026-09-01 22:00:00,N01,0.513,0.2548,0.5727931913003157,0.05639051896021252,0.05639051896021252,0.27764320455141395,0
2026-09-01 22:05:00,N01,0.5319,0.2169,0.5744242508808277,0.0016310595805120176,0.0016310595805120176,0.22823683556379995,0
2026-09-01 22:10:00,N01,0.4967,0.2394,0.5513830338340127,-0.023041217046815055,0.023041217046815055,0.926177539226684,0
2026-09-01 22:15:00,N01,0.4674,0.3024,0.5566942787563026,0.005311244922289959,0.005311244922289959,0.7652948041325593,0
2026-09-01 22:20:00,N01,0.457,0.2808,0.5363745333253621,-0.020319745430940506,0.020319745430940506,1.3807995057942122,0
2026-09-01 22:25:00,N01,0.5503,0.2712,0.6134977832070789,0.07712324988171682,0.07712324988171682,0.955338172256711,0
2026-09-01 22:30:00,N01,0.5418,0.2435,0.5940029377031733,-0.019494845503905678,0.019494845503905678,0.36482048557592406,0
2026-09-01 22:35:00,N01,0.5265,0.3721,0.6447175040279269,0.050714566324753685,0.050714566324753685,1.901013649102817,0
2026-09-01 22:40:00,N01,0.3764,0.2602,0.4575816866964848,-0.18713581733144213,0.18713581733144213,3.7675108808064914,0
2026-09-01 22:45:00,N01,0.5289,0.2898,0.6030914109817848,0.14550972428529996,0.14550972428529996,0.640119113352717,0
2026-09-01 22:50:00,N01,0.5186,0.2698,0.5845836124969634,-0.018507798484821314,0.018507798484821314,0.07950003357487222,0
2026-09-01 22:55:00,N01,0.5043,0.2922,0.5828373100617358,-0.0017463024352276646,0.0017463024352276646,0.026602847285857215,0
2026-09-01 23:00:00,N01,0.5584,0.3127,0.639993632780827,0.05715632271909121,0.05715632271909121,1.7579230295615398,0
2026-09-01 23:05:00,N01,0.5169,0.2794,0.5875797562884548,-0.05241387649237217,0.05241387649237217,0.17025612088831243,0
2026-09-01 23:10:00,N01,0.4756,0.2784,0.5510915713381942,-0.03648818495026063,0.03648818495026063,0.9350062195437681,0
2026-09-01 23:15:00,N01,0.5197,0.279,0.5898551432343369,0.03876357189614266,0.03876357189614266,0.23917978767586012,0
2026-09-01 23:20:00,N01,0.5145,0.4038,0.6540372237113113,0.06418208047697449,0.06418208047697449,2.18331695367853,0
2026-09-01 23:25:00,N01,0.5436,0.2837,0.6131775028488896,-0.04085972086242173,0.04085972086242173,0.9456365710734977,0
2026-09-01 23:30:00,N01,0.5601,0.2796,0.6260097203718166,0.012832217522926959,0.012832217522926959,1.334336825461528,0
2026-09-01 23:35:00,N01,0.3981,0.2496,0.4698763347945925,-0.15613338557722406,0.15613338557722406,3.3950941231566625,0
2026-09-01 23:40:00,N01,0.4065,0.2824,0.4949666756459469,0.025090340851354365,0.025090340851354365,2.63508348164602,0
2026-09-01 23:45:00,N01,0.5009,0.3838,0.6310334777173078,0.1360668020713609,0.1360668020713609,1.4865112843722559,0
2026-09-01 23:50:00,N01,0.5163,0.289,0.5916812401961041,-0.03935223752120365,0.03935223752120365,0.29449402719120205,0
2026-09-01 23:55:00,N01,0.5415,0.1894,0.5736676825480062,-0.018013557648097978,0.018013557648097978,0.2511540206024924,0
2026-09-01 00:00:00,N02,0.5118,0.3385,0.6136134695392532,0.0,0.0,0.7747833790590053,0
2026-09-01 00:05:00,N02,0.4261,0.3572,0.5560153325224044,-0.057598137016848794,0.057598137016848794,1.2797395454668141,0
2026-09-01 00:10:00,N02,0.5169,0.2792,0.5874846806513341,0.03146934812892965,0.03146934812892965,0.15722933073787712,0
2026-09-01 00:15:00,N02,0.5316,0.4135,0.6734840829596495,0.08599940230831538,0.08599940230831538,2.9103654334168616,0
2026-09-01 00:20:00,N02,0.5091,0.3124,0.5973077682401259,-0.07617631471952357,0.07617631471952357,0.19315975623717865,0
2026-09-01 00:25:00,N02,0.477,0.2575,0.5420657247972795,-0.055242043442846334,0.055242043442846334,1.7773214177941756,0
2026-09-01 00:30:00,N02,0.5415,0.2572,0.5994781814211423,0.05741245662386274,0.05741245662386274,0.27057829556922,0
2026-09-01 00:35:00,N02,0.5036,0.2761,0.5743206160325434,-0.025157565388598924,0.025157565388598924,0.626790916233832,0
2026-09-01 00:40:00,N02,0.5239,0.3167,0.6121846943529379,0.03786407832039451,0.03786407832039451,0.7238190332257393,0
2026-09-01 00:45:00,N02,0.5519,0.2745,0.6163958630620423,0.004211168709104429,0.004211168709104429,0.8740312293141294,0
2026-09-01 00:50:00,N02,0.4865,0.2511,0.547479186819006,-0.06891667624303632,0.06891667624303632,1.584223473993782,0
2026-09-01 00:55:00,N02,0.4778,0.3189,0.5744476042251373,0.026968417406131318,0.026968417406131318,0.6222612531867091,0
2026-09-01 01:00:00,N02,0.5378,0.2539,0.5947218257303156,0.020274221505178325,0.020274221505178325,0.10091930466915541,0
2026-09-01 01:05:00,N02,0.5435,0.3678,0.6562538304650114,0.06153200473469578,0.06153200473469578,2.2957631115527577,0
2026-09-01 01:10:00,N02,0.5207,0.3938,0.6528452573160044,-0.0034085731490069993,0.0034085731490069993,2.174179462544987,0
2026-09-01 01:15:00,N02,0.4613,0.2378,0.5189860595430286,-0.13385919777297584,0.13385919777297584,2.6005720264270535,0
2026-09-01 01:20:00,N02,0.4111,0.3748,0.5563076936372533,0.03732163409422473,0.03732163409422473,1.2693110378134984,0
2026-09-01 01:25:00,N02,0.5327,0.2972,0.6099976475364475,0.053689953899194176,0.053689953899194176,0.6458071728737919,0
2026-09-01 01:30:00,N02,0.514,0.2437,0.5688459281738774,-0.041151719362570116,0.041151719362570116,0.8220727828497993,0
2026-09-01 01:35:00,N02,0.6223,0.3065,0.693685476278695,0.12483954810481768,0.12483954810481768,3.630948213189772,0
2026-09-01 01:40:00,N02,0.5055,0.3363,0.6071473791428239,-0.08653809713587113,0.08653809713587113,0.544138229066842,0
2026-09-01 01:45:00,N02,0.5241,0.3112,0.6095295316881701,0.002382152545346239,0.002382152545346239,0.6291095018824838,0
2026-09-01 01:50:00,N02,0.4605,0.3236,0.5628296456300077,-0.04669988605816244,0.04669988605816244,1.036673307224207,0
2026-09-01 01:55:00,N02,0.5941,0.3673,0.6984726909478995,0.13564304531789184,0.13564304531789184,3.8017079424433393,0
2026-09-01 02:00:00,N02,0.5797,0.2744,0.6413637423490667,-0.057108948598832865,0.057108948598832865,1.764634346511815,0
2026-09-01 02:05:00,N02,0.4505,0.2937,0.5377824281249807,-0.10358131422408601,0.10358131422408601,1.930106415045197,0
2026-09-01 02:10:00,N02,0.5028,0.3547,0.6153209975289321,0.07753856940395143,0.07753856940395143,0.8356908246945912,0
2026-09-01 02:15:00,N02,0.4154,0.3765,0.5606330439779661,-0.054687953550966006,0.054687953550966006,1.115025988125164,0
2026-09-01 02:20:00,N02,0.4921,0.2787,0.5655405378927314,0.004907493914765304,0.004907493914765304,0.9399759036596389,0
2026-09-01 02:25:00,N02,0.4494,0.2173,0.4991789759194592,-0.0663615619732722,0.0663615619732722,3.307089797318137,0
2026-09-01 02:30:00,N02,0.5412,0.3037,0.6205893408688229,0.12141036494936369,0.12141036494936369,1.0236123917222244,0
2026-09-01 02:35:00,N02,0.4355,0.2352,0.4949538261292663,-0.1256355147395566,0.1256355147395566,3.4578006979322913,0
2026-09-01 02:40:00,N02,0.4832,0.3835,0.6168909871281959,0.1219371609989296,0.1219371609989296,0.8916922822072019,0
2026-09-01 02:45:00,N02,0.487,0.2248,0.5363804992726712,-0.08051048785552473,0.08051048785552473,1.9801131533669847,0
2026-09-01 02:50:00,N02,0.4877,0.2864,0.5655760337920976,0.02919553451942647,0.02919553451942647,0.9387097665456333,0
2026-09-01 02:55:00,N02,0.3652,0.2973,0.4709122317375075,-0.09466380205459013,0.09466380205459013,4.3153632750963915,0
2026-09-01 03:00:00,N02,0.4885,0.3348,0.5922189544416828,0.12130672270417531,0.12130672270417531,0.011641999777690681,0
2026-09-01 03:05:00,N02,0.5924,0.3563,0.6912940401883991,0.09907508574671631,0.09907508574671631,3.5456457967485235,0
2026-09-01 03:10:00,N02,0.4866,0.2447,0.5446628773837997,-0.14663116280459942,0.14663116280459942,1.6846811033003872,0
2026-09-01 03:15:00,N02,0.6287,0.303,0.6979059320567493,0.15324305467294963,0.15324305467294963,3.781491678604696,0
2026-09-01 03:20:00,N02,0.5007,0.2988,0.5830796943814799,-0.11482623767526945,0.11482623767526945,0.31435499039227777,0
2026-09-01 03:25:00,N02,0.5099,0.2928,0.587987967563963,0.004908273182483103,0.004908273182483103,0.13927710948274447,0
2026-09-01 03:30:00,N02,0.4713,0.2727,0.5445080164699139,-0.04347995109404912,0.04347995109404912,1.6902049850467429,0
2026-09-01 03:35:00,N02,0.4984,0.2728,0.5681746210453262,0.023666604575412364,0.023666604575412364,0.846018277555686,0
2026-09-01 03:40:00,N02,0.4644,0.3053,0.5557656430546962,-0.01240897799063001,0.01240897799063001,1.2886459574097748,0
2026-09-01 03:45:00,N02,0.4873,0.3752,0.6150092113131315,0.05924356825843524,0.05924356825843524,0.8245694245748934,0
2026-09-01 03:50:00,N02,0.3675,0.3546,0.5106832775801455,-0.10432593373298593,0.10432593373298593,2.8967318809565974,0
2026-09-01 03:55:00,N02,0.5623,0.1963,0.5955795328921235,0.08489625531197798,0.08489625531197798,0.13151368007315153,0
2026-09-01 04:00:00,N02,0.4829,0.2814,0.5589081946080232,-0.0366713382841003,0.0366713382841003,1.1765512866059977,0
2026-09-01 04:05:00,N02,0.4296,0.2611,0.5027219609287026,-0.05618623367932063,0.05618623367932063,3.180711683376491,0
2026-09-01 04:10:00,N02,0.4445,0.3876,0.5897575857926712,0.08703562486396865,0.08703562486396865,0.07615490784840453,0
2026-09-01 04:15:00,N02,0.5468,0.3636,0.6566545514956855,0.06689696570301429,0.06689696570301429,2.3100568124691394,0
2026-09-01 04:20:00,N02,0.5361,0.2435,0.5888085087700414,-0.0678460427256441,0.0678460427256441,0.11000844202717941,0
2026-09-01 04:25:00,N02,0.4738,0.3245,0.5742705721173601,-0.014537936652681327,0.014537936652681327,0.6285759804095529,0
2026-09-01 04:30:00,N02,0.4389,0.3356,0.5525039094884306,-0.021766662628929456,0.021766662628929456,1.4049918451878414,0
2026-09-01 04:35:00,N02,0.488,0.2813,0.563270530029754,0.01076662054132338,0.01076662054132338,1.0209469807619524,0
2026-09-01 04:40:00,N02,0.5355,0.3222,0.6249584706202485,0.06168794059049443,0.06168794059049443,1.1794590509970857,0
2026-09-01 04:45:00,N02,0.482,0.358,0.6004065289451805,-0.024551941675067912,0.024551941675067912,0.30369240947720005,0
2026-09-01 04:50:00,N02,0.4459,0.3308,0.555207573795603,-0.0451989551495775,0.0451989551495775,1.3085522624686468,0
2026-09-01 04:55:00,N02,0.5297,0.2845,0.6012672783380116,0.0460597045424086,0.0460597045424086,0.334395301123259,0
2026-09-01 05:00:00,N02,0.5163,0.2374,0.5682644190867487,-0.033002859251262895,0.033002859251262895,0.8428151855073079,0
2026-09-01 05:05:00,N02,0.5462,0.2908,0.6187883967884337,0.05052397770168493,0.05052397770168493,0.9593727983849197,0
2026-09-01 05:10:00,N02,0.4739,0.3525,0.5906246354496228,-0.028163761338810822,0.028163761338810822,0.045227286068063914,0
2026-09-01 05:15:00,N02,0.4648,0.2296,0.5184160491342836,-0.07220858631533922,0.07220858631533922,2.620904271750235,0
2026-09-01 05:20:00,N02,0.4222,0.3303,0.5360512382226161,0.017635189088332504,0.017635189088332504,1.99185788002878,0
2026-09-01 05:25:00,N02,0.436,0.3877,0.5834443332486827,0.04739309502606659,0.04739309502606659,0.30134833860383176,0
2026-09-01 05:30:00,N02,0.3959,0.3848,0.5520940590153095,-0.03135027423337322,0.03135027423337322,1.4196111929005777,0
2026-09-01 05:35:00,N02,0.5106,0.2952,0.5897926754377338,0.037698616422424336,0.037698616422424336,0.07490326180691012,0
2026-09-01 05:40:00,N02,0.4728,0.32,0.5709114116918665,-0.018881263745867294,0.018881263745867294,0.7483970798197226,0
2026-09-01 05:45:00,N02,0.4981,0.3552,0.6117766340748885,0.040865222383021926,0.040865222383021926,0.7092635416896912,0
2026-09-01 05:50:00,N02,0.5057,0.3075,0.5918519578408101,-0.019924676234078342,0.019924676234078342,0.0014487522633942114,0
2026-09-01 05:55:00,N02,0.4818,0.2972,0.5660910527468174,-0.02576090509399276,0.02576090509399276,0.9203390638833671,0
2026-09-01 06:00:00,N02,0.5154,0.2145,0.5582538938511759,-0.007837158895641516,0.007837158895641516,1.1998901648076357,0
2026-09-01 06:05:00,N02,0.4326,0.3372,0.5484948495656089,-0.009759044285566953,0.009759044285566953,1.547994830073022,0
2026-09-01 06:10:00,N02,0.5085,0.2908,0.5857788746617617,0.037284025096152806,0.037284025096152806,0.2180753527080792,0
2026-09-01 06:15:00,N02,0.5009,0.3174,0.5929954215674856,0.007216546905723931,0.007216546905723931,0.039338546796840006,0
2026-09-01 06:20:00,N02,0.473,0.2611,0.540279751610219,-0.05271566995726662,0.05271566995726662,1.8410270000481803,0
2026-09-01 06:25:00,N02,0.5098,0.2511,0.5682844798162273,0.0280047282060083,0.0280047282060083,0.842099620200319,0
2026-09-01 06:30:00,N02,0.5204,0.2149,0.5630259052654683,-0.005258574550759065,0.005258574550759065,1.029672734964468,0
2026-09-01 06:35:00,N02,0.5515,0.3236,0.6394288154282696,0.07640291016280132,0.07640291016280132,1.6956155913583815,0
2026-09-01 06:40:00,N02,0.5128,0.3491,0.6203504251630687,-0.019078390265200862,0.019078390265200862,1.0150902793775551,0
2026-09-01 06:45:00,N02,0.5833,0.3507,0.6806095650224143,0.06025913985934561,0.06025913985934561,3.1645310541202805,0
2026-09-01 06:50:00,N02,0.408,0.236,0.4713385195377097,-0.2092710454847046,0.2092710454847046,4.300157608675185,0
2026-09-01 06:55:00,N02,0.4688,0.3013,0.5572747347583595,0.08593621522064981,0.08593621522064981,1.2348167250601063,0
2026-09-01 07:00:00,N02,0.5259,0.2637,0.5883098673318339,0.031035132573474344,0.031035132573474344,0.1277949594212446,0
2026-09-01 07:05:00,N02,0.5093,0.2622,0.5728309785617394,-0.015478888770094512,0.015478888770094512,0.6799262169833025,0
2026-09-01 07:10:00,N02,0.4694,0.2297,0.5225882222170721,-0.05024275634466724,0.05024275634466724,2.4720830478767777,0
2026-09-01 07:15:00,N02,0.4538,0.2324,0.5098472320215145,-0.012740990195557633,0.012740990195557633,2.9265535879616866,0
2026-09-01 07:20:00,N02,0.4512,0.3527,0.5726942727145087,0.06284704069299418,0.06284704069299418,0.6848025083288024,0
2026-09-01 07:25:00,N02,0.4525,0.4316,0.6253277620576269,0.05263348934311818,0.05263348934311818,1.1926316597518287,0
2026-09-01 07:30:00,N02,0.5247,0.3092,0.6090276923096355,-0.016300069747991364,0.016300069747991364,0.6112089141025764,0
2026-09-01 07:35:00,N02,0.4571,0.335,0.5667145754257605,-0.04231311688387496,0.04231311688387496,0.8980980383190202,0
2026-09-01 07:40:00,N02,0.4712,0.3061,0.5618955863859406,-0.004818989039819921,0.004818989039819921,1.069991157925519,0
2026-09-01 07:45:00,N02,0.628,0.2952,0.6939214941187511,0.13202590773281053,0.13202590773281053,3.6393669587969524,0
2026-09-01 07:50:00,N02,0.5575,0.2648,0.6171914532784782,-0.0767300408402729,0.0767300408402729,0.9024098961053477,0
2026-09-01 07:55:00,N02,0.4983,0.3885,0.6318505677769073,0.014659114498429049,0.014659114498429049,1.4252998427274273,0
2026-09-01 08:00:00,N02,0.4687,0.3906,0.6101213403905817,-0.021729227386325545,0.021729227386325545,0.6502192913481194,0
2026-09-01 08:05:00,N02,0.5354,0.2719,0.6004854452857288,-0.009635895104852965,0.009635895104852965,0.30650735175091665,0
2026-09-01 08:10:00,N02,0.5316,0.3486,0.6357047427855167,0.035219297499787916,0.035219297499787916,1.5627780897756987,0
2026-09-01 08:15:00,N02,0.5311,0.2215,0.5754384936724342,-0.06026624911308254,0.06026624911308254,0.5869162717240864,0
2026-09-01 08:20:00,N02,0.4636,0.2876,0.5455627553270109,-0.02987573834542323,0.02987573834542323,1.6525824980440786,0
2026-09-01 08:25:00,N02,0.4963,0.331,0.596552336346108,0.05098958101909712,0.05098958101909712,0.16621353497791144,0
2026-09-01 08:30:00,N02,0.5089,0.2332,0.5597869684085188,-0.03676536793758922,0.03676536793758922,1.1452054651593286,0
2026-09-01 08:35:00,N02,0.519,0.3305,0.6152976921783472,0.05551072376982835,0.05551072376982835,0.8348595239004903,0
2026-09-01 08:40:00,N02,0.528,0.354,0.6356886030125127,0.020390910834165554,0.020390910834165554,1.5622023848076094,0
2026-09-01 08:45:00,N02,0.5417,0.323,0.6306884254526953,-0.005000177559817409,0.005000177559817409,1.383846278943641,0
2026-09-01 08:50:00,N02,0.4965,0.217,0.5418498408230826,-0.0888385846296127,0.0888385846296127,1.7850219893230006,0
2026-09-01 08:55:00,N02,0.5215,0.3104,0.6068858294605337,0.06503598863745108,0.06503598863745108,0.5348087638098239,0
2026-09-01 09:00:00,N02,0.5136,0.2362,0.5653100034494347,-0.04157582601109899,0.04157582601109899,0.9481990567541093,0
2026-09-01 09:05:00,N02,0.4459,0.3527,0.5685280116229983,0.003218008173563547,0.003218008173563547,0.8334128517425868,0
2026-09-01 09:10:00,N02,0.498,0.3341,0.5996889276950176,0.031160916072019318,0.031160916072019318,0.27809560556152985,0
2026-09-01 09:15:00,N02,0.5014,0.3015,0.5850676969377133,-0.01462123075730426,0.01462123075730426,0.2434430297397528,0
2026-09-01 09:20:00,N02,0.5469,0.2742,0.6117885664181704,0.026720869480457043,0.026720869480457043,0.7096891678311893,0
2026-09-01 09:25:00,N02,0.5048,0.2769,0.5757574576156179,-0.03603110880255245,0.03603110880255245,0.575538842395487,0
2026-09-01 09:30:00,N02,0.4783,0.2845,0.556516971888549,-0.019240485727068934,0.019240485727068934,1.2618460921197534,0
2026-09-01 09:35:00,N02,0.5111,0.2761,0.580908271588553,0.024391299700003977,0.024391299700003977,0.3918095425351923,0
2026-09-01 09:40:00,N02,0.5628,0.2553,0.6179983252404492,0.037090053651896215,0.037090053651896215,0.9311909822460589,0
2026-09-01 09:45:00,N02,0.4907,0.278,0.5639773842983423,-0.054020940942106854,0.054020940942106854,0.9957335211896615,0
2026-09-01 09:50:00,N02,0.5723,0.3098,0.6507713346483541,0.0867939503500118,0.0867939503500118,2.1002027354307953,0
2026-09-01 09:55:00,N02,0.5516,0.2257,0.5959891358070212,-0.05478219884133295,0.05478219884133295,0.14612419739532959,0
2026-09-01 10:00:00,N02,0.5134,0.3445,0.6182716312430969,0.022282495436075744,0.022282495436075744,0.9409397949148792,0
2026-09-01 10:05:00,N02,0.5041,0.3533,0.6155791581916984,-0.002692473051398525,0.002692473051398525,0.8448994037795186,0
2026-09-01 10:10:00,N02,0.4741,0.3705,0.601698479306704,-0.013880678884994446,0.013880678884994446,0.34977622004077447,0
2026-09-01 10:15:00,N02,0.6149,0.2819,0.676438925550563,0.074740446243859,0.074740446243859,3.015764534079114,0
2026-09-01 10:20:00,N02,0.4777,0.3727,0.6058899074914518,-0.07054901805911118,0.07054901805911118,0.49928427252429525,0
2026-09-01 10:25:00,N02,0.579,0.2739,0.6405171426277364,0.03462723513628463,0.03462723513628463,1.7344361730038522,0
2026-09-01 10:30:00,N02,0.479,0.2859,0.5578349307814991,-0.08268221184623725,0.08268221184623725,1.2148345584245455,0
2026-09-01 10:35:00,N02,0.4328,0.2541,0.5018791189121141,-0.05595581186938503,0.05595581186938503,3.2107758197274294,0
2026-09-01 10:40:00,N02,0.4498,0.2616,0.520340849828264,0.018461730916149888,0.018461730916149888,2.552246718646233,0
2026-09-01 10:45:00,N02,0.4983,0.3117,0.5877582666368887,0.06741741680862468,0.06741741680862468,0.1474705310915188,0
2026-09-01 10:50:00,N02,0.5775,0.2501,0.6293300088189026,0.04157174218201387,0.04157174218201387,1.3353916194749147,0
2026-09-01 10:55:00,N02,0.5492,0.2893,0.6207375693479492,-0.00859243947095334,0.00859243947095334,1.0288996948227316,0
2026-09-01 11:00:00,N02,0.4975,0.3337,0.599050865953802,-0.021686703394147244,0.021686703394147244,0.2553359723079949,0
2026-09-01 11:05:00,N02,0.4439,0.3191,0.5466918876295861,-0.05235897832421588,0.05235897832421588,1.612306400228889,0
2026-09-01 11:10:00,N02,0.5083,0.3246,0.6031036809703618,0.05641179334077573,0.05641179334077573,0.39989969939432374,0
2026-09-01 11:15:00,N02,0.5145,0.4228,0.6659354998796805,0.06283181890931866,0.06283181890931866,2.6411078186966614,0
2026-09-01 11:20:00,N02,0.4681,0.2735,0.5421437632215278,-0.12379173665815268,0.12379173665815268,1.7745377907549018,0
2026-09-01 11:25:00,N02,0.4688,0.2722,0.5420943460321275,-4.94171894003248e-05,4.94171894003248e-05,1.7763004996504848,0
2026-09-01 11:30:00,N02,0.4681,0.3595,0.590218484969761,0.048124138937633565,0.048124138937633565,0.059714655189727656,0
2026-09-01 11:35:00,N02,0.571,0.2715,0.6322604289373169,0.042041943967555895,0.042041943967555895,1.4399195716552577,0
2026-09-01 11:40:00,N02,0.4584,0.3236,0.5611127515927614,-0.07114767734455552,0.07114767734455552,1.0979148393500173,0
2026-09-01 11:45:00,N02,0.4724,0.3316,0.5771657647504744,0.016053013157713014,0.016053013157713014,0.5253045910256973,0
2026-09-01 11:50:00,N02,0.5101,0.2242,0.557196240116532,-0.019969524633942415,0.019969524633942415,1.2376166253596579,0
2026-09-01 11:55:00,N02,0.5774,0.3898,0.6966597447821999,0.13946350466566793,0.13946350466566793,3.737040235269556,0
2026-09-01 12:00:00,N02,0.4694,0.2806,0.5468754154284136,-0.14978432935378638,0.14978432935378638,1.6057599720020785,0
2026-09-01 12:05:00,N02,0.5143,0.3167,0.603989552889783,0.057114137461369396,0.057114137461369396,0.4314987104198366,0
2026-09-01 12:10:00,N02,0.5329,0.4005,0.6666203267227906,0.06263077383300764,0.06263077383300764,2.6655355610052154,0
2026-09-01 12:15:00,N02,0.4912,0.2601,0.5558142225600206,-0.11080610416277004,0.11080610416277004,1.2869131286670368,0
2026-09-01 12:20:00,N02,0.431,0.2635,0.5051665566919489,-0.05064766586807168,0.05064766586807168,3.093513063821851,0
2026-09-01 12:25:00,N02,0.4983,0.3897,0.6325891083475909,0.12742255165564198,0.12742255165564198,1.451643551252547,0
2026-09-01 12:30:00,N02,0.4741,0.3112,0.5671122023021546,-0.06547690604543621,0.06547690604543621,0.8839147057449073,0
2026-09-01 12:35:00,N02,0.4992,0.3594,0.6151170620296594,0.04800485972750479,0.04800485972750479,0.8284164547222127,0
2026-09-01 12:40:00,N02,0.6263,0.2735,0.6834134473362373,0.06829638530657789,0.06829638530657789,3.2645454085730425,0
2026-09-01 12:45:00,N02,0.4755,0.3522,0.5917305890352467,-0.09168285830099066,0.09168285830099066,0.005777972031031886,0
2026-09-01 12:50:00,N02,0.5341,0.3923,0.6626930662078788,0.07096247717263215,0.07096247717263215,2.5254503572752576,0
2026-09-01 12:55:00,N02,0.5292,0.282,0.599647096215766,-0.06304596999211287,0.06304596999211287,0.2766034786015179,0
2026-09-01 13:00:00,N02,0.5295,0.3554,0.6377142071492526,0.03806711093348669,0.03806711093348669,1.6344555921245247,0
2026-09-01 13:05:00,N02,0.541,0.3254,0.6313209643279717,-0.006393242821280953,0.006393242821280953,1.4064089118206196,0
2026-09-01 13:10:00,N02,0.5533,0.3585,0.6592898755479262,0.027968911219954484,0.027968911219954484,2.404058701406951,0
2026-09-01 13:15:00,N02,0.5691,0.3324,0.6590634036266921,-0.00022647192123403936,0.00022647192123403936,2.3959804582894586,0
2026-09-01 13:20:00,N02,0.4916,0.3073,0.579744642062348,-0.07931876156434414,0.07931876156434414,0.4333161547463457,0
2026-09-01 13:25:00,N02,0.5603,0.2592,0.6173497631003029,0.03760512103795488,0.03760512103795488,0.9080568002408262,0
2026-09-01 13:30:00,N02,0.5184,0.2803,0.589327285979531,-0.028022477120771883,0.028022477120771883,0.09150368258841393,0
2026-09-01 13:35:00,N02,0.5014,0.3639,0.6195362539835744,0.03020896800404338,0.03020896800404338,0.9860488304801711,0
2026-09-01 13:40:00,N02,0.5096,0.3023,0.5925178900252718,-0.027018363958302594,0.027018363958302594,0.02230501843158141,0
2026-09-01 13:45:00,N02,0.432,0.3373,0.5480832874664214,-0.044434602558850345,0.044434602558850345,1.5626752314096013,0
2026-09-01 13:50:00,N02,0.5323,0.4082,0.6707984272491998,0.12271513978277837,0.12271513978277837,2.8145682165227037,0
2026-09-01 13:55:00,N02,0.4846,0.311,0.5758108717278617,-0.09498755552133809,0.09498755552133809,0.5736335634440867,0
2026-09-01 14:00:00,N02,0.5125,0.3789,0.6373550501878839,0.061544178460022136,0.061544178460022136,1.621644479667548,0
2026-09-01 14:05:00,N02,0.4952,0.314,0.586360844531761,-0.05099420565612289,0.05099420565612289,0.19731651394655783,0
2026-09-01 14:10:00,N02,0.5304,0.3093,0.613995643307019,0.027634798775257985,0.027634798775257985,0.7884154999520371,0
2026-09-01 14:15:00,N02,0.4777,0.3097,0.5693078077806416,-0.04468783552637734,0.04468783552637734,0.8055975583092811,0
2026-09-01 14:20:00,N02,0.5537,0.2487,0.6069887807859384,0.037680973005296825,0.037680973005296825,0.5384810328988822,0
2026-09-01 14:25:00,N02,0.5066,0.265,0.5717241992429567,-0.03526458154298173,0.03526458154298173,0.719404984884509,0
2026-09-01 14:30:00,N02,0.5598,0.2238,0.602878495221052,0.03115429597809527,0.03115429597809527,0.39186733397079826,0
2026-09-01 14:35:00,N02,0.4721,0.3189,0.5697153850827622,-0.033163110138289764,0.033163110138289764,0.7910592945026201,0
2026-09-01 14:40:00,N02,0.5783,0.2967,0.6499705993350776,0.08025521425231541,0.08025521425231541,2.0716405432695675,0
2026-09-01 14:45:00,N02,0.4722,0.3941,0.6150509328502802,-0.034919666484797385,0.034919666484797385,0.8260576299051025,0
2026-09-01 14:50:00,N02,0.4276,0.1901,0.467952743340607,-0.14709818950967324,0.14709818950967324,4.420928091446644,0
2026-09-01 14:55:00,N02,0.522,0.2749,0.5899610241363408,0.12200828079573378,0.12200828079573378,0.06889827139375043,0
2026-09-01 15:00:00,N02,0.4489,0.3354,0.5603609283310178,-0.029600095805322968,0.029600095805322968,1.1247323408603906,0
2026-09-01 15:05:00,N02,0.5122,0.2718,0.5798483249954249,0.01948739666440713,0.01948739666440713,0.4296177892449347,0
2026-09-01 15:10:00,N02,0.436,0.3436,0.5551188701530511,-0.024729454842373877,0.024729454842373877,1.311716317359149,0
2026-09-01 15:15:00,N02,0.5325,0.295,0.6087538500904943,0.05363497993744326,0.05363497993744326,0.6014409746158533,0
2026-09-01 15:20:00,N02,0.5923,0.2465,0.6415462103387409,0.03279236024824661,0.03279236024824661,1.7711429713943911,0
2026-09-01 15:25:00,N02,0.4237,0.2654,0.4999588483065381,-0.14158736203220285,0.14158736203220285,3.2792717847843367,0
2026-09-01 15:30:00,N02,0.4977,0.3122,0.5875152168242113,0.08755636851767318,0.08755636851767318,0.1561401068418837,0
2026-09-01 15:35:00,N02,0.4879,0.3176,0.5821650710923836,-0.005350145731827682,0.005350145731827682,0.3469795614648436,0
2026-09-01 15:40:00,N02,0.4374,0.3722,0.5743270845084707,-0.007837986583912881,0.007837986583912881,0.6265601859920611,0
2026-09-01 15:45:00,N02,0.4959,0.3559,0.6103946428336343,0.03606755832516362,0.03606755832516362,0.6599679770463419,0
2026-09-01 15:50:00,N02,0.5171,0.3228,0.609583669400682,-0.0008109734329523333,0.0008109734329523333,0.6310405916224944,0
2026-09-01 15:55:00,N02,0.5285,0.3224,0.6190751246819727,0.009491455281290695,0.009491455281290695,0.9696003692906343,0
2026-09-01 16:00:00,N02,0.5321,0.3665,0.6461057653356763,0.02703064065370364,0.02703064065370364,1.9337820905051315,0
2026-09-01 16:05:00,N02,0.5098,0.3355,0.6102919711089112,-0.03581379422676512,0.03581379422676512,0.6563056813008644,0
2026-09-01 16:10:00,N02,0.4955,0.372,0.6196000726274974,0.009308101518586187,0.009308101518586187,0.9883252386027748,0
2026-09-01 16:15:00,N02,0.4662,0.39,0.6078177687432311,-0.011782303884266265,0.011782303884266265,0.5680509955856172,0
2026-09-01 16:20:00,N02,0.498,0.2285,0.5479199302817885,-0.05989783846144259,0.05989783846144259,1.568502174746607,0
2026-09-01 16:25:00,N02,0.5064,0.2659,0.5719648328350266,0.0240449025532381,0.0240449025532381,0.7108215956131847,0
2026-09-01 16:30:00,N02,0.542,0.2674,0.6043730305035128,0.03240819766848613,0.03240819766848613,0.4451773394390336,0
2026-09-01 16:35:00,N02,0.4777,0.2055,0.5200264800950044,-0.08434655040850836,0.08434655040850836,2.563460272716046,0
2026-09-01 16:40:00,N02,0.4774,0.1788,0.5097844642591612,-0.010242015835843166,0.010242015835843166,2.9287925111865514,0
2026-09-01 16:45:00,N02,0.4208,0.338,0.5397375658595573,0.029953101600396104,0.029953101600396104,1.8603667410845928,0
2026-09-01 16:50:00,N02,0.5393,0.3213,0.6277564655182772,0.0880188996587199,0.0880188996587199,1.2792634015965652,0
2026-09-01 16:55:00,N02,0.4517,0.2976,0.5409238855883515,-0.08683257992992577,0.08683257992992577,1.818050770380335,0
2026-09-01 17:00:00,N02,0.4998,0.2421,0.5553489443584098,0.014425058770058286,0.014425058770058286,1.3035095809309685,0
2026-09-01 17:05:00,N02,0.5752,0.3439,0.6701658376849718,0.11481689332656209,0.11481689332656209,2.7920037755731304,0
2026-09-01 17:10:00,N02,0.489,0.3013,0.574371560925504,-0.09579427675946783,0.09579427675946783,0.62497371422182,0
2026-09-01 17:15:00,N02,0.5104,0.1979,0.5474235745745701,-0.026947986350933872,0.026947986350933872,1.5862071602203756,0
2026-09-01 17:20:00,N02,0.4876,0.2659,0.5553886657107795,0.007965091136209357,0.007965091136209357,1.3020927221007441,0
2026-09-01 17:25:00,N02,0.4499,0.2859,0.5330561133689399,-0.022332552341839618,0.022332552341839618,2.0986938471694336,0
2026-09-01 17:30:00,N02,0.5899,0.332,0.6769091593411926,0.14385304597225268,0.14385304597225268,3.0325377519776824,0
2026-09-01 17:35:00,N02,0.4714,0.3286,0.5746267658228252,-0.10228239351836732,0.10228239351836732,0.6158705671557206,0
2026-09-01 17:40:00,N02,0.57,0.3462,0.6668991228064406,0.09227235698361536,0.09227235698361536,2.675480204613383,0
2026-09-01 17:45:00,N02,0.503,0.2677,0.5698002193751771,-0.09709890343126348,0.09709890343126348,0.7880332591553073,0
2026-09-01 17:50:00,N02,0.5349,0.3197,0.623158166118362,0.053357946743184836,0.053357946743184836,1.115242271395848,0
2026-09-01 17:55:00,N02,0.5448,0.3318,0.6378857891503775,0.01472762303201558,0.01472762303201558,1.6405759142912637,0
2026-09-01 18:00:00,N02,0.5525,0.2732,0.6163558144448708,-0.02152997470550677,0.02152997470550677,0.8726026969633272,0
2026-09-01 18:05:00,N02,0.5659,0.3099,0.6451982796009301,0.02884246515605937,0.02884246515605937,1.9014121156712092,0
2026-09-01 18:10:00,N02,0.6038,0.2655,0.659594337452953,0.014396057852022914,0.014396057852022914,2.414918843694878,0
2026-09-01 18:15:00,N02,0.5868,0.3099,0.6636054927439947,0.004011155291041679,0.004011155291041679,2.5579965702690464,0
2026-09-01 18:20:00,N02,0.4674,0.2758,0.542704707921352,-0.12090078482264277,0.12090078482264277,1.7545289188560964,0
2026-09-01 18:25:00,N02,0.484,0.3212,0.5808833273558469,0.038178619434494965,0.038178619434494965,0.3926993021799233,0
2026-09-01 18:30:00,N02,0.5261,0.2713,0.5919331887975197,0.011049861441672748,0.011049861441672748,0.0014487522633942114,0
2026-09-01 18:35:00,N02,0.4988,0.4071,0.6438414789371683,0.051908290139648594,0.051908290139648594,1.853015097779898,0
2026-09-01 18:40:00,N02,0.5864,0.3218,0.6688947600332955,0.025053281096127256,0.025053281096127256,2.7466644936193134,0
2026-09-01 18:45:00,N02,0.5019,0.306,0.5878261732859469,-0.08106858674734863,0.08106858674734863,0.1450483040119,0
2026-09-01 18:50:00,N02,0.5307,0.2489,0.5861686617348286,-0.0016575115511182625,0.0016575115511182625,0.20417166556164357,0
2026-09-01 18:55:00,N02,0.4871,0.2166,0.5330872067495148,-0.0530814549853138,0.0530814549853138,2.0975847477002345,0
2026-09-01 19:00:00,N02,0.52,0.3324,0.6171626689941639,0.08407546224464912,0.08407546224464912,0.9013831619946161,0
2026-09-01 19:05:00,N02,0.4758,0.3787,0.6081112809346657,-0.009051388059498233,0.009051388059498233,0.5785205620883284,0
2026-09-01 19:10:00,N02,0.4387,0.2268,0.4938582083958917,-0.11425307253877404,0.11425307253877404,3.496881332590262,0
2026-09-01 19:15:00,N02,0.5112,0.3524,0.6208954823478746,0.12703727395198294,0.12703727395198294,1.034532444339135,0
2026-09-01 19:20:00,N02,0.5842,0.2771,0.6465864598025542,0.02569097745467963,0.02569097745467963,1.9509284402491263,0
2026-09-01 19:25:00,N02,0.5539,0.2981,0.6290221140786705,-0.017564345723883767,0.017564345723883767,1.3244090281115402,0
2026-09-01 19:30:00,N02,0.4914,0.3442,0.5999563317442362,-0.029065782334434243,0.029065782334434243,0.28763389582029375,0
2026-09-01 19:35:00,N02,0.5326,0.2212,0.5767080717312703,-0.023248260012965982,0.023248260012965982,0.5416304801785937,0
2026-09-01 19:40:00,N02,0.5738,0.369,0.6822077689384665,0.10549969720719621,0.10549969720719621,3.221538915027927,0
2026-09-01 19:45:00,N02,0.4687,0.3198,0.5674079044215017,-0.11479986451696478,0.11479986451696478,0.8733670246132823,0
2026-09-01 19:50:00,N02,0.5247,0.313,0.6109657028017204,0.04355779838021867,0.04355779838021867,0.6803376601034268,0
2026-09-01 19:55:00,N02,0.4725,0.2664,0.5424253036133179,-0.06854039918840249,0.06854039918840249,1.7644952578003468,0
2026-09-01 20:00:00,N02,0.4987,0.3586,0.614243966189331,0.0718186625760131,0.0718186625760131,0.7972731658561468,0
2026-09-01 20:05:00,N02,0.5272,0.2815,0.5976471283290835,-0.01659683786024746,0.01659683786024746,0.2052647151567461,0
2026-09-01 20:10:00,N02,0.5386,0.1576,0.5611842121799222,-0.036462916149161306,0.036462916149161306,1.0953658434601161,0
2026-09-01 20:15:00,N02,0.5574,0.213,0.5967107842162734,0.035526572036351234,0.035526572036351234,0.1718653632914185,0
2026-09-01 20:20:00,N02,0.4819,0.244,0.5401514694972143,-0.05655931471905917,0.05655931471905917,1.8456028171774355,0
2026-09-01 20:25:00,N02,0.4353,0.358,0.5636045510816959,0.023453081584481672,0.023453081584481672,1.00903246504961,0
2026-09-01 20:30:00,N02,0.4766,0.3173,0.5725616560685846,0.00895710498688862,0.00895710498688862,0.6895329380499082,0
2026-09-01 20:35:00,N02,0.4977,0.3239,0.5938152069457299,0.02125355087714531,0.02125355087714531,0.06858025390797721,0
2026-09-01 20:40:00,N02,0.5038,0.2359,0.5562942117261332,-0.03752099521959662,0.03752099521959662,1.2697919369692205,0
2026-09-01 20:45:00,N02,0.5498,0.2753,0.6148740765392536,0.058579864813120386,0.058579864813120386,0.8197491733443474,0
2026-09-01 20:50:00,N02,0.4222,0.2786,0.5058367325531036,-0.10903734398615006,0.10903734398615006,3.0696079213724805,0
2026-09-01 20:55:00,N02,0.575,0.3425,0.6692766617774745,0.1634399292243709,0.1634399292243709,2.7602869114433926,0
2026-09-01 21:00:00,N02,0.4826,0.2825,0.5592039073540169,-0.11007275442345754,0.11007275442345754,1.1660032264223696,0
2026-09-01 21:05:00,N02,0.4839,0.4038,0.6302488794119352,0.07104497205791827,0.07104497205791827,1.3681676916854788,0
2026-09-01 21:10:00,N02,0.5191,0.3215,0.610595659991127,-0.01965321942080822,0.01965321942080822,0.667138249900321,0
2026-09-01 21:15:00,N02,0.5515,0.3119,0.6335880838525927,0.022992423861465716,0.022992423861465716,1.4872769620252884,0
2026-09-01 21:20:00,N02,0.487,0.2902,0.56690831710251,-0.06667976675008269,0.06667976675008269,0.891187281531845,0
2026-09-01 21:25:00,N02,0.4964,0.2981,0.5790307159382825,0.012122398835772485,0.012122398835772485,0.4587818670814754,0
2026-09-01 21:30:00,N02,0.5364,0.3026,0.6158666414086738,0.03683592547039127,0.03683592547039127,0.8551539170378124,0
2026-09-01 21:35:00,N02,0.5366,0.296,0.6128258806545298,-0.003040760754143945,0.003040760754143945,0.7466901194056135,0
2026-09-01 21:40:00,N02,0.5039,0.2001,0.542176373516958,-0.07064950713757179,0.07064950713757179,1.7733745830018914,0
2026-09-01 21:45:00,N02,0.5458,0.3173,0.6313294940045174,0.08915312048755941,0.08915312048755941,1.4067131649945877,0
2026-09-01 21:50:00,N02,0.5499,0.1552,0.5713817025421798,-0.05994779146233764,0.05994779146233764,0.7316218266048371,0
2026-09-01 21:55:00,N02,0.6044,0.293,0.6716757848843444,0.10029408234216464,0.10029408234216464,2.8458635234157916,0
2026-09-01 22:00:00,N02,0.5554,0.248,0.6082541902856075,-0.06342159459873697,0.06342159459873697,0.5836181321287106,0
2026-09-01 22:05:00,N02,0.5306,0.2473,0.5854004185171036,-0.022853771768503894,0.022853771768503894,0.2315748661541542,0
2026-09-01 22:10:00,N02,0.4688,0.3957,0.6134752888258825,0.028074870308778976,0.028074870308778976,0.7698544793054534,0
2026-09-01 22:15:00,N02,0.4905,0.3109,0.5807314870058279,-0.03274380182005465,0.03274380182005465,0.3981154405506985,0
2026-09-01 22:20:00,N02,0.5435,0.3248,0.6331566077993658,0.052425120793537894,0.052425120793537894,1.4718862308549505,0
2026-09-01 22:25:00,N02,0.5075,0.3182,0.5990054173377732,-0.03415119046159254,0.03415119046159254,0.2537148222438585,0
2026-09-01 22:30:00,N02,0.6202,0.2971,0.6876892103268742,0.088683792989101,0.088683792989101,3.417061679742246,0
2026-09-01 22:35:00,N02,0.5101,0.3525,0.6200469820908735,-0.06764222823600075,0.06764222823600075,1.0042664788103384,0
2026-09-01 22:40:00,N02,0.5553,0.3594,0.6614578217845791,0.041410839693705626,0.041410839693705626,2.4813892449458863,0
2026-09-01 22:45:00,N02,0.5319,0.2428,0.5846960321397777,-0.0767617896448014,0.0767617896448014,0.25670029615749435,0
2026-09-01 22:50:00,N02,0.5817,0.2427,0.63030007139457,0.045604039254792283,0.045604039254792283,1.3699937073749164,0
2026-09-01 22:55:00,N02,0.5151,0.2623,0.5780391855229193,-0.052260885871650675,0.052260885871650675,0.49414971184583467,0
2026-09-01 23:00:00,N02,0.4968,0.3164,0.5889984719844357,0.010959286461516338,0.010959286461516338,0.10323246282015382,0
2026-09-01 23:05:00,N02,0.5161,0.3211,0.6078358495515052,0.01883737756706949,0.01883737756706949,0.5686959371934003,0
2026-09-01 23:10:00,N02,0.5807,0.3227,0.6643401086792818,0.05650425912777668,0.05650425912777668,2.5842002872282923,0
2026-09-01 23:15:00,N02,0.4878,0.3482,0.5993263551688679,-0.06501375351041394,0.06501375351041394,0.2651626600643541,0
2026-09-01 23:20:00,N02,0.5595,0.2386,0.6082517653077548,0.008925410138886924,0.008925410138886924,0.5835316332791342,0
2026-09-01 23:25:00,N02,0.5299,0.3351,0.6269657247409941,0.01871395943323928,0.01871395943323928,1.2510577140790966,0
2026-09-01 23:30:00,N02,0.4851,0.3688,0.609372997432607,-0.017592727308387124,0.017592727308387124,0.6235259321146971,0
2026-09-01 23:35:00,N02,0.4925,0.3063,0.5799792582498102,-0.029393739182796752,0.029393739182796752,0.4249474060233618,0
2026-09-01 23:40:00,N02,0.4913,0.3008,0.5760697266824564,-0.003909531567353852,0.003909531567353852,0.5644002190012578,0
2026-09-01 23:45:00,N02,0.4452,0.228,0.5001870050291191,-0.07588272165333732,0.07588272165333732,3.2711334448795206,0
2026-09-01 23:50:00,N02,0.5797,0.2577,0.6343984394684463,0.13421143443932726,0.13421143443932726,1.516182309941359,0
2026-09-01 23:55:00,N02,0.4504,0.1923,0.4897340604858927,-0.14466437898255363,0.14466437898255363,3.6439895007372556,0
2026-09-01 00:00:00,N03,0.4681,0.2338,0.5232399545141789,0.0,0.0,2.2992762496061547,0
2026-09-01 00:05:00,N03,0.5851,0.3525,0.6830799806757624,0.15984002616158344,0.15984002616158344,1.6795922981145888,0
2026-09-01 00:10:00,N03,0.4716,0.4166,0.6292552105465636,-0.05382477012919873,0.05382477012919873,1.888265601308802,0
2026-09-01 00:15:00,N03,0.5581,0.2898,0.628855826084167,-0.0003993844623966236,0.0003993844623966236,1.889813975316024,0
2026-09-01 00:20:00,N03,0.387,0.4225,0.5729530958115158,-0.055902730272651247,0.055902730272651247,2.106543324193281,0
2026-09-01 00:25:00,N03,0.4455,0.2277,0.5003174392323337,-0.07263565657918203,0.07263565657918203,2.3881445711967677,0
2026-09-01 00:30:00,N03,0.5691,0.434,0.7157030180179486,0.21538557878561482,0.21538557878561482,1.5531160131981538,0
2026-09-01 00:35:00,N03,0.5902,0.3422,0.6822293456016092,-0.03347367241633936,0.03347367241633936,1.6828901260534785,0
2026-09-01 00:40:00,N03,0.5537,0.3587,0.6597343253158805,-0.022495020285728695,0.022495020285728695,1.7701010918815963,0
2026-09-01 00:45:00,N03,0.5649,0.3321,0.6552880435350549,-0.004446281780825623,0.004446281780825623,1.7873388860033368,0
2026-09-01 00:50:00,N03,0.5352,0.3169,0.6219844451431241,-0.033303598391930755,0.033303598391930755,1.916453638709502,0
2026-09-01 00:55:00,N03,0.4953,0.308,0.5832547385148277,-0.038729706628296445,0.038729706628296445,2.0666048756673203,0
2026-09-01 01:00:00,N03,0.4514,0.3191,0.5527990321988634,-0.03045570631596428,0.03045570631596428,2.1846786328391605,0
2026-09-01 01:05:00,N03,0.4896,0.2708,0.5595004915100611,0.0067014593111976994,0.0067014593111976994,2.1586977387762127,0
2026-09-01 01:10:00,N03,0.551,0.3976,0.6794753564331822,0.11997486492312115,0.11997486492312115,1.693567069315053,0
2026-09-01 01:15:00,N03,0.5909,0.2515,0.642195499828518,-0.03727985660466426,0.03727985660466426,1.8380973813187784,0
2026-09-01 01:20:00,N03,0.4985,0.379,0.626213422085474,-0.015982077743043943,0.015982077743043943,1.9000583139255025,0
2026-09-01 01:25:00,N03,0.5019,0.3228,0.5967440406070261,-0.02946938147844791,0.02946938147844791,2.0143081873840822,0
2026-09-01 01:30:00,N03,0.5815,0.2876,0.648734159729546,0.05199011912251983,0.05199011912251983,1.8127476444460358,0
2026-09-01 01:35:00,N03,0.5623,0.2713,0.6243276223266114,-0.024406537402934525,0.024406537402934525,1.9073693728283112,0
2026-09-01 01:40:00,N03,0.5299,0.356,0.6383807719535418,0.014053149626930383,0.014053149626930383,1.8528867034941925,0
2026-09-01 01:45:00,N03,0.4834,0.364,0.6051211118445629,-0.03325966010897896,0.03325966010897896,1.9818311118288308,0
2026-09-01 01:50:00,N03,0.565,0.3716,0.6762481497202044,0.07112703787564156,0.07112703787564156,1.706078630131219,0
2026-09-01 01:55:00,N03,0.5802,0.4142,0.7128770440966662,0.036628894376461774,0.036628894376461774,1.5640720342174577,0
2026-09-01 02:00:00,N03,0.5783,0.3265,0.6641032600431954,-0.04877378405347077,0.04877378405347077,1.7531631646261643,0
2026-09-01 02:05:00,N03,0.5811,0.3772,0.6927893258415576,0.028686065798362193,0.028686065798362193,1.6419501284827271,0
2026-09-01 02:10:00,N03,0.5804,0.354,0.6798383337235405,-0.01295099211801709,0.01295099211801709,1.6921598423081985,0
2026-09-01 02:15:00,N03,0.5459,0.3209,0.6332326744570278,-0.04660565926651272,0.04660565926651272,1.8728453676405474,0
2026-09-01 02:20:00,N03,0.5139,0.4435,0.6788118001331445,0.04557912567611666,0.04557912567611666,1.6961396113742544,0
2026-09-01 02:25:00,N03,0.5248,0.3234,0.6164435091717652,-0.0623682909613793,0.0623682909613793,1.9379352987176302,0
2026-09-01 02:30:00,N03,0.5541,0.4047,0.686155157380603,0.0697116482088378,0.0697116482088378,1.6676701425835079,0
2026-09-01 02:35:00,N03,0.5783,0.4244,0.7173187924486574,0.03116363506805442,0.03116363506805442,1.546851815750335,0
2026-09-01 02:40:00,N03,0.5623,0.3779,0.6774877858677602,-0.03983100658089722,0.03983100658089722,1.7012726835559064,0
2026-09-01 02:45:00,N03,0.5572,0.4733,0.7310846257445167,0.053596839876756563,0.053596839876756563,1.4934830433770825,0
2026-09-01 02:50:00,N03,0.5426,0.3835,0.6644448886100336,-0.06663973713448312,0.06663973713448312,1.7518387045061024,0
2026-09-01 02:55:00,N03,0.6367,0.3907,0.747016318429524,0.0825714298194904,0.0825714298194904,1.4317174486504258,0
2026-09-01 03:00:00,N03,0.5987,0.3655,0.7014498841684985,-0.04556643426102547,0.04556643426102547,1.6083740015573187,0
2026-09-01 03:05:00,N03,0.6132,0.3666,0.7144297026300068,0.012979818461508308,0.012979818461508308,1.5580525308529813,0
2026-09-01 03:10:00,N03,0.6622,0.4865,0.8217001216989078,0.107270419068901,0.107270419068901,1.1421757397695391,0
2026-09-01 03:15:00,N03,0.5891,0.3095,0.66545402545931,-0.15624609623959784,0.15624609623959784,1.7479263808824614,0
2026-09-01 03:20:00,N03,0.6156,0.509,0.7987767898480777,0.13332276438876767,0.13332276438876767,1.2310472271172372,0
2026-09-01 03:25:00,N03,0.5828,0.464,0.7449508977107149,-0.053825892137362774,0.053825892137362774,1.439724880225983,0
2026-09-01 03:30:00,N03,0.7099,0.3563,0.794296984760738,0.04934608705002308,0.04934608705002308,1.2484149877783144,0
2026-09-01 03:35:00,N03,0.6574,0.4674,0.8066210510518554,0.012324066291117486,0.012324066291117486,1.2006358032954279,0
2026-09-01 03:40:00,N03,0.613,0.3778,0.7200707187492073,-0.08655033230264819,0.08655033230264819,1.5361828700232216,0
2026-09-01 03:45:00,N03,0.6059,0.3393,0.6944345181512798,-0.025636200597927483,0.025636200597927483,1.6355718808314064,0
2026-09-01 03:50:00,N03,0.6055,0.3308,0.6899702095018306,-0.0044643086494491335,0.0044643086494491335,1.6528795633374889,0
2026-09-01 03:55:00,N03,0.6427,0.3555,0.7344682021707952,0.04449799266896459,0.04449799266896459,1.4803652526687003,0
2026-09-01 04:00:00,N03,0.6557,0.3182,0.7288303849319127,-0.00563781723888257,0.00563781723888257,1.5022225117562724,0
2026-09-01 04:05:00,N03,0.6635,0.4397,0.7959700622510874,0.0671396773191747,0.0671396773191747,1.241928632043342,0
2026-09-01 04:10:00,N03,0.5503,0.4187,0.6914765216549293,-0.10449354059615801,0.10449354059615801,1.6470397402992447,0
2026-09-01 04:15:00,N03,0.7144,0.3415,0.7918267550417831,0.10035023338685378,0.10035023338685378,1.2579918237567218,0
2026-09-01 04:20:00,N03,0.7396,0.425,0.8530141616643888,0.06118740662260569,0.06118740662260569,1.0207743080445617,0
2026-09-01 04:25:00,N03,0.6237,0.4032,0.7426788875415808,-0.11033527412280797,0.11033527412280797,1.4485332386406315,0
2026-09-01 04:30:00,N03,0.6899,0.4118,0.8034558170801926,0.0607769295386118,0.0607769295386118,1.2129071019310558,0
2026-09-01 04:35:00,N03,0.6919,0.364,0.7818066321028493,-0.02164918497734336,0.02164918497734336,1.2968388480368152,0
2026-09-01 04:40:00,N03,0.6765,0.3413,0.7577189056635713,-0.024087726439278034,0.024087726439278034,1.3902245778867972,0
2026-09-01 04:45:00,N03,0.6654,0.3688,0.760769741774737,0.0030508361111657445,0.0030508361111657445,1.3783967884267956,0
2026-09-01 04:50:00,N03,0.6372,0.4778,0.7964400040178795,0.035670262243142514,0.035670262243142514,1.2401067143547007,0
2026-09-01 04:55:00,N03,0.7316,0.4485,0.8581321634806611,0.061692159462781615,0.061692159462781615,1.0009323218699442,0
2026-09-01 05:00:00,N03,0.6254,0.4042,0.7446494477269153,-0.1134827157537458,0.1134827157537458,1.4408935719587355,0
2026-09-01 05:05:00,N03,0.7437,0.4291,0.8586131259187691,0.11396367819185382,0.11396367819185382,0.9990676781300558,0
2026-09-01 05:10:00,N03,0.802,0.4437,0.9165553393003611,0.057942213381592,0.057942213381592,0.7744314552219407,0
2026-09-01 05:15:00,N03,0.6986,0.4105,0.8102790938929623,-0.10627624540739888,0.10627624540739888,1.1864539334788466,0
2026-09-01 05:20:00,N03,0.6987,0.4204,0.8154249505625886,0.005145856669626303,0.005145856669626303,1.1665039567964126,0
2026-09-01 05:25:00,N03,0.7304,0.4778,0.8727983730507294,0.05737342248814081,0.05737342248814081,0.9440728798513613,0
2026-09-01 05:30:00,N03,0.6587,0.3654,0.7532614751864056,-0.11953689786432375,0.11953689786432375,1.407505594400124,0
2026-09-01 05:35:00,N03,0.6092,0.4594,0.7630026212274765,0.009741146041070903,0.009741146041070903,1.369740135924254,0
2026-09-01 05:40:00,N03,0.6488,0.3284,0.7271781074812416,-0.035824513746234965,0.035824513746234965,1.5086282277973673,0
2026-09-01 05:45:00,N03,0.7264,0.5626,0.9187903569367716,0.19161224945553001,0.19161224945553001,0.7657665131930647,0
2026-09-01 05:50:00,N03,0.7097,0.4819,0.8578471309038691,-0.060943226032902476,0.060943226032902476,1.0020373649416447,0
2026-09-01 05:55:00,N03,0.7171,0.4371,0.8398147533831494,-0.018032377520719733,0.018032377520719733,1.0719471067326718,0
2026-09-01 06:00:00,N03,0.762,0.4295,0.8747080941662768,0.03489334078312745,0.03489334078312745,0.9366690802177641,0
2026-09-01 06:05:00,N03,0.7324,0.4621,0.8659943244617716,-0.008713769704505214,0.008713769704505214,0.9704515023841407,0
2026-09-01 06:10:00,N03,0.6886,0.4976,0.84957384611345,-0.01642047834832161,0.01642047834832161,1.0341120707200289,0
2026-09-01 06:15:00,N03,0.7163,0.4122,0.8264348310665518,-0.023139015046898193,0.023139015046898193,1.1238197404584547,0
2026-09-01 06:20:00,N03,0.7548,0.4071,0.8575858266086258,0.03115099554207401,0.03115099554207401,1.003050415815738,0
2026-09-01 06:25:00,N03,0.7324,0.4535,0.8614360161962118,0.0038501895875859837,0.0038501895875859837,0.9881236120925265,0
2026-09-01 06:30:00,N03,0.7883,0.4797,0.9227832789989208,0.06134726280270897,0.06134726280270897,0.7502863498016428,0
2026-09-01 06:35:00,N03,0.7357,0.4989,0.8889070255094174,-0.033876253489503405,0.033876253489503405,0.8816212296075548,0
2026-09-01 06:40:00,N03,0.8095,0.4879,0.9451648850861948,0.056257859576777425,0.056257859576777425,0.663515079588831,0
2026-09-01 06:45:00,N03,0.7435,0.3964,0.8425705964487487,-0.10259428863744613,0.10259428863744613,1.0612629760953631,0
2026-09-01 06:50:00,N03,0.6927,0.4487,0.8253271957230053,-0.017243400725743374,0.017243400725743374,1.1281139329894716,0
2026-09-01 06:55:00,N03,0.7185,0.4567,0.8513619324353185,0.026034736712313267,0.026034736712313267,1.0271798371352858,0
2026-09-01 07:00:00,N03,0.7548,0.4945,0.9023598450729068,0.05099791263758824,0.05099791263758824,0.8294659804750332,0
2026-09-01 07:05:00,N03,0.7515,0.4943,0.8994913785023179,-0.0028684665705889234,0.0028684665705889234,0.8405867412873911,0
2026-09-01 07:10:00,N03,0.7612,0.3732,0.8477639294048785,-0.051727449097439315,0.051727449097439315,1.041128938552022,0
2026-09-01 07:15:00,N03,0.714,0.4668,0.8530523078920776,0.005288378487199097,0.005288378487199097,1.0206264188976668,0
2026-09-01 07:20:00,N03,0.7035,0.506,0.866572703239607,0.013520395347529357,0.013520395347529357,0.968209185142866,0
2026-09-01 07:25:00,N03,0.8435,0.5389,1.0009522765846532,0.13437957334504624,0.13437957334504624,0.4472328877164142,0
2026-09-01 07:30:00,N03,0.7593,0.5545,0.9402163261718018,-0.0607359504128514,0.0607359504128514,0.6827001524138308,0
2026-09-01 07:35:00,N03,0.7804,0.4651,0.9084834450885716,-0.03173288108323025,0.03173288108323025,0.8057253896719204,0
2026-09-01 07:40:00,N03,0.7453,0.4689,0.8805335314455662,-0.027949913643005364,0.027949913643005364,0.9140844368146966,0
2026-09-01 07:45:00,N03,0.7596,0.4945,0.906378734304816,0.02584520285924974,0.02584520285924974,0.8138851449381397,0
2026-09-01 07:50:00,N03,0.79,0.4882,0.9286760683898344,0.02229733408501844,0.02229733408501844,0.7274405889321003,0
2026-09-01 07:55:00,N03,0.8068,0.5495,0.976153927411041,0.0474778590212066,0.0474778590212066,0.5433736315300874,0
2026-09-01 08:00:00,N03,0.8355,0.4178,0.9341397593508158,-0.04201416806022518,0.04201416806022518,0.7062584001791591,0
2026-09-01 08:05:00,N03,0.6633,0.5407,0.8557589497048804,-0.07838080964593541,0.07838080964593541,1.0101330366447485,0
2026-09-01 08:10:00,N03,0.7257,0.4848,0.872737950360817,0.016979000655936605,0.016979000655936605,0.9443071326361225,0
2026-09-01 08:15:00,N03,0.7385,0.4079,0.843661460539712,-0.029076489821105,0.029076489821105,1.0570338040496512,0
2026-09-01 08:20:00,N03,0.8271,0.538,0.986680500466083,0.143019039926371,0.143019039926371,0.5025631503067,0
2026-09-01 08:25:00,N03,0.7742,0.3724,0.8591084914025702,-0.12757200906351285,0.12757200906351285,0.9971471952084374,0
2026-09-01 08:30:00,N03,0.7787,0.5236,0.9383659467393304,0.07925745533676021,0.07925745533676021,0.6898738902191128,0
2026-09-01 08:35:00,N03,0.7351,0.5152,0.8976653329610095,-0.040700613778320904,0.040700613778320904,0.8476661390065683,0
2026-09-01 08:40:00,N03,0.8112,0.537,0.9728383421720178,0.07517300921100833,0.07517300921100833,0.5562278271390646,0
2026-09-01 08:45:00,N03,0.821,0.4613,0.941721131758229,-0.031117210413788787,0.031117210413788787,0.6768661701853674,0
2026-09-01 08:50:00,N03,0.8778,0.5041,1.0122497962459662,0.0705286644877372,0.0705286644877372,0.40343352285207895,0
2026-09-01 08:55:00,N03,0.8196,0.4673,0.943458239669356,-0.06879155657661018,0.06879155657661018,0.6701315748503651,0
2026-09-01 09:00:00,N03,0.8018,0.4718,0.9303109587659386,-0.013147280903417435,0.013147280903417435,0.7211022808571528,0
2026-09-01 09:05:00,N03,0.8184,0.6036,1.0169127396192852,0.08660178085334658,0.08660178085334658,0.3853557531935665,0
2026-09-01 09:10:00,N03,0.7614,0.4393,0.8790417794394075,-0.13787096017987766,0.13787096017987766,0.9198678116052349,0
2026-09-01 09:15:00,N03,0.9066,0.5115,1.0409398685803133,0.16189808914090575,0.16189808914090575,0.2922049537654201,0
2026-09-01 09:20:00,N03,0.8025,0.576,0.9878169111733206,-0.05312295740699269,0.05312295740699269,0.49815739854045327,0
2026-09-01 09:25:00,N03,0.8087,0.6173,1.0173765183057843,0.02955960713246375,0.02955960713246375,0.3835577291568535,0
2026-09-01 09:30:00,N03,0.8759,0.5036,1.010353289696233,-0.007023228609551291,0.007023228609551291,0.4107860909227337,0
2026-09-01 09:35:00,N03,0.9529,0.4997,1.0759732803373885,0.06561999064115542,0.06561999064115542,0.15638388595660357,0
2026-09-01 09:40:00,N03,0.8851,0.547,1.0404859489680771,-0.03548733136931137,0.03548733136931137,0.2939647551476201,0
2026-09-01 09:45:00,N03,0.9161,0.6121,1.1017738515684603,0.06128790260038319,0.06128790260038319,0.05635762648234892,0
2026-09-01 09:50:00,N03,0.8556,0.4983,0.9901284007642646,-0.11164545080419574,0.11164545080419574,0.4891959823173368,0
2026-09-01 09:55:00,N03,0.88,0.5041,1.01415817799789,0.024029777233625538,0.024029777233625538,0.3960349157986048,0
2026-09-01 10:00:00,N03,0.9607,0.5468,1.1054115658884704,0.09125338789058035,0.09125338789058035,0.042254568328801576,0
2026-09-01 10:05:00,N03,0.8447,0.5512,1.0086325049293228,-0.09677906095914768,0.09677906095914768,0.41745740304418877,0
2026-09-01 10:10:00,N03,0.7986,0.4954,0.9397782291583476,-0.06885427577097514,0.06885427577097514,0.6843986111475618,0
2026-09-01 10:15:00,N03,0.929,0.5132,1.0613271126283357,0.12154888346998804,0.12154888346998804,0.21316562766489774,0
2026-09-01 10:20:00,N03,0.8197,0.5748,1.0011509027114744,-0.060176209916861234,0.060176209916861234,0.4464628338938904,0
2026-09-01 10:25:00,N03,0.9343,0.5859,1.1028124500566725,0.10166154734519806,0.10166154734519806,0.05233108300232048,0
2026-09-01 10:30:00,N03,0.9278,0.5142,1.060761273802923,-0.042051176253749434,0.042051176253749434,0.21535932875253752,0
2026-09-01 10:35:00,N03,0.8099,0.6291,1.0255266061882549,-0.0352346676146682,0.0352346676146682,0.3519606455896418,0
2026-09-01 10:40:00,N03,0.8679,0.5435,1.0240325483108434,-0.0014940578774114144,0.0014940578774114144,0.35775296001466234,0
2026-09-01 10:45:00,N03,0.9534,0.5858,1.11898757812587,0.09495502981502657,0.09495502981502657,0.010378286599944624,0
2026-09-01 10:50:00,N03,0.9128,0.6683,1.1312951560048332,0.012307577878963194,0.012307577878963194,0.05809354714185732,0
2026-09-01 10:55:00,N03,0.8608,0.6084,1.05410018499192,-0.07719497101291317,0.07719497101291317,0.2411837103843687,0
2026-09-01 11:00:00,N03,0.8989,0.5774,1.0683688361235553,0.014268651131635224,0.014268651131635224,0.18586556305894333,0
2026-09-01 11:05:00,N03,0.9754,0.5914,1.1406836195895864,0.07231478346603115,0.07231478346603115,0.09449169066288753,0
2026-09-01 11:10:00,N03,0.9289,0.6216,1.117694846548019,-0.022988773041567434,0.022988773041567434,0.005366494299742957,0
2026-09-01 11:15:00,N03,0.8868,0.528,1.0320844151521715,-0.08561043139584745,0.08561043139584745,0.3265366696965285,0
2026-09-01 11:20:00,N03,0.8558,0.4737,0.9781540420608608,-0.05393037309131077,0.05393037309131077,0.5356193851163418,0
2026-09-01 11:25:00,N03,1.0138,0.5188,1.1388344392404015,0.16068039717954075,0.16068039717954075,0.08732260158475479,0
2026-09-01 11:30:00,N03,0.9029,0.5622,1.0636245813255727,-0.07520985791482881,0.07520985791482881,0.2042585690581081,0
2026-09-01 11:35:00,N03,0.9324,0.6188,1.1190546009913904,0.05543001966581773,0.05543001966581773,0.010638127611882313,0
2026-09-01 11:40:00,N03,0.963,0.5508,1.109391562974949,-0.009663038016441527,0.009663038016441527,0.026824513788015637,0
2026-09-01 11:45:00,N03,0.9146,0.5961,1.0917089218285247,-0.01768264114642415,0.01768264114642415,0.09537836229243406,0
2026-09-01 11:50:00,N03,0.9136,0.6644,1.1296425629374982,0.03793364110897346,0.03793364110897346,0.05168660748621394,0
2026-09-01 11:55:00,N03,0.9535,0.6227,1.1388228747263551,0.00918031178885692,0.00918031178885692,0.08727776710910164,0
2026-09-01 12:00:00,N03,0.9651,0.6467,1.1617396007711882,0.02291672604483308,0.02291672604483308,0.17612364440116252,0
2026-09-01 12:05:00,N03,0.9441,0.5252,1.0803517251339954,-0.08138787563719285,0.08138787563719285,0.13940908910436717,0
2026-09-01 12:10:00,N03,0.958,0.5594,1.1093657467219726,0.02901402158797728,0.02901402158797728,0.026924600844062938,0
2026-09-01 12:15:00,N03,0.9146,0.6233,1.106795396629386,-0.0025703500925866596,0.0025703500925866596,0.03688959359550703,0
2026-09-01 12:20:00,N03,1.0059,0.5971,1.1697705843454946,0.06297518771610866,0.06297518771610866,0.20725897236125126,0
2026-09-01 12:25:00,N03,0.9624,0.6831,1.1801861590444112,0.010415574698916519,0.010415574698916519,0.2476391239507874,0
2026-09-01 12:30:00,N03,0.962,0.7301,1.2076795974098429,0.02749343836543172,0.02749343836543172,0.3542284616499534,0
2026-09-01 12:35:00,N03,0.9813,0.514,1.1077660809033647,-0.09991351650647817,0.09991351650647817,0.03312634679810109,0
2026-09-01 12:40:00,N03,0.9937,0.6231,1.1728995268137847,0.06513344591042003,0.06513344591042003,0.21938957243247295,0
2026-09-01 12:45:00,N03,1.0235,0.6397,1.206966586115788,0.03406705930200338,0.03406705930200338,0.3514641874767791,0
2026-09-01 12:50:00,N03,0.9551,0.5468,1.1005481588735675,-0.10641842724222061,0.10641842724222061,0.06110951567259277,0
2026-09-01 12:55:00,N03,0.9545,0.5675,1.1104622911202342,0.009914132246666707,0.009914132246666707,0.0226734068095115,0
2026-09-01 13:00:00,N03,0.939,0.6414,1.1371521270261071,0.026689835905872927,0.026689835905872927,0.08080044373961909,0
2026-09-01 13:05:00,N03,1.0545,0.6337,1.2302625492145975,0.09311042218849042,0.09311042218849042,0.44178032926893784,0
2026-09-01 13:10:00,N03,0.9142,0.6382,1.1149264011583904,-0.11533614805620718,0.11533614805620718,0.005366494299742096,0
2026-09-01 13:15:00,N03,1.0368,0.5875,1.1916838884536451,0.07675748729525478,0.07675748729525478,0.2922146821798147,0
2026-09-01 13:20:00,N03,0.9733,0.6207,1.154374887114234,-0.03730900133941106,0.03730900133941106,0.14757137892585748,0
2026-09-01 13:25:00,N03,0.9438,0.6544,1.1484762949229732,-0.005898592191260876,0.005898592191260876,0.12470312117405569,0
2026-09-01 13:30:00,N03,0.98,0.645,1.173211404649648,0.02473510972667481,0.02473510972667481,0.2205986919149424,0
2026-09-01 13:35:00,N03,0.9446,0.6041,1.121251965438634,-0.05195943921101409,0.05195943921101409,0.019157091955384162,0
2026-09-01 13:40:00,N03,1.0281,0.6094,1.1951393098714476,0.07388734443281364,0.07388734443281364,0.3056110088050854,0
2026-09-01 13:45:00,N03,1.0813,0.61,1.2414949415925949,0.04635563172114732,0.04635563172114732,0.4853272021058121,0
2026-09-01 13:50:00,N03,1.0092,0.6786,1.2161342853484562,-0.025360656244138635,0.025360656244138635,0.38700644946842155,0
2026-09-01 13:55:00,N03,0.9301,0.546,1.078518432851289,-0.13761585249716735,0.13761585249716735,0.14651658172225548,0
2026-09-01 14:00:00,N03,0.9277,0.6991,1.1616230455702916,0.08310461271900271,0.08310461271900271,0.17567177143046192,0
2026-09-01 14:05:00,N03,0.9794,0.7659,1.243312981513505,0.08168993594321328,0.08168993594321328,0.4923755628275504,0
2026-09-01 14:10:00,N03,0.9818,0.6492,1.1770267116765023,-0.06628626983700259,0.06628626983700259,0.23539025940483088,0
2026-09-01 14:15:00,N03,1.0901,0.7423,1.3188355849005593,0.141808873224057,0.141808873224057,0.7851692166931321,0
2026-09-01 14:20:00,N03,1.1191,0.7044,1.3223328514409676,0.0034972665404082726,0.0034972665404082726,0.798727772714567,0
2026-09-01 14:25:00,N03,1.0702,0.6756,1.2656079171686625,-0.05672493427230507,0.05672493427230507,0.5788108203585506,0
2026-09-01 14:30:00,N03,1.0609,0.6204,1.2289853416538374,-0.03662257551482506,0.03662257551482506,0.43682872204555917,0
2026-09-01 14:35:00,N03,0.9841,0.6498,1.1792764094986383,-0.049708932155199115,0.049708932155199115,0.24411211505989636,0
2026-09-01 14:40:00,N03,1.0195,0.6293,1.1980812743716514,0.018804864873013027,0.018804864873013027,0.31701671381161,0
2026-09-01 14:45:00,N03,1.0658,0.7018,1.276108490685647,0.07802721631399567,0.07802721631399567,0.6195205039477828,0
2026-09-01 14:50:00,N03,1.0384,0.7299,1.2692630026909315,-0.006845487994715516,0.006845487994715516,0.592981224942879,0
2026-09-01 14:55:00,N03,0.9799,0.6483,1.174945488097214,-0.0943175145937174,0.0943175145937174,0.2273215617042502,0
2026-09-01 15:00:00,N03,1.0042,0.5667,1.1530683110726787,-0.0218771770245354,0.0218771770245354,0.14250591301097615,0
2026-09-01 15:05:00,N03,1.0389,0.6559,1.2286244422116954,0.07555613113901671,0.07555613113901671,0.435429550650457,0
2026-09-01 15:10:00,N03,1.1217,0.6955,1.3198223895661112,0.09119794735441578,0.09119794735441578,0.7889949606521661,0
2026-09-01 15:15:00,N03,0.9978,0.7587,1.253487347363347,-0.0663350422027642,0.0663350422027642,0.5318205715976149,0
2026-09-01 15:20:00,N03,1.1131,0.6971,1.313369719462117,0.05988237209877001,0.05988237209877001,0.763978597706427,0
2026-09-01 15:25:00,N03,1.0437,0.622,1.214987115158017,-0.09838260430410006,0.09838260430410006,0.38255898425137935,0
2026-09-01 15:30:00,N03,1.0394,0.7264,1.268073073604199,0.053085958446182024,0.053085958446182024,0.5883679877195833,0
2026-09-01 15:35:00,N03,1.1552,0.7512,1.3779653406381454,0.10989226703394639,0.10989226703394639,1.0144094237058423,0
2026-09-01 15:40:00,N03,1.0396,0.62,1.2104413079534255,-0.16752403268471983,0.16752403268471983,0.36493533991831134,0
2026-09-01 15:45:00,N03,1.074,0.5896,1.225195559900541,0.014754251947115549,0.014754251947115549,0.4221361135133306,0
2026-09-01 15:50:00,N03,1.0862,0.6726,1.277584126388552,0.052388566488010824,0.052388566488010824,0.6252413974267023,0
2026-09-01 15:55:00,N03,1.0497,0.6023,1.2102212111841373,-0.06736291520441462,0.06736291520441462,0.36408204654131204,0
2026-09-01 16:00:00,N03,1.1017,0.6574,1.2829332211771585,0.07271200999302119,0.07271200999302119,0.6459793081685071,0
2026-09-01 16:05:00,N03,1.0205,0.5424,1.1556894089676517,-0.12724381220950676,0.12724381220950676,0.15266764996640636,0
2026-09-01 16:10:00,N03,1.0806,0.7766,1.3307155669037618,0.1750261579361101,0.1750261579361101,0.8312267303721594,0
2026-09-01 16:15:00,N03,1.1681,0.6671,1.3451691417810625,0.014453574877300701,0.014453574877300701,0.8872618087453986,0
2026-09-01 16:20:00,N03,1.0579,0.7154,1.2770863596483992,-0.06808278213266328,0.06808278213266328,0.6233116050720198,0
2026-09-01 16:25:00,N03,1.0411,0.7091,1.2596475776978258,-0.017438781950573468,0.017438781950573468,0.5557031745190445,0
2026-09-01 16:30:00,N03,1.1323,0.7573,1.362206511509911,0.10255893381208514,0.10255893381208514,0.9533140038690568,0
2026-09-01 16:35:00,N03,1.092,0.6878,1.2905552448461863,-0.07165126666372457,0.07165126666372457,0.6755291390776353,0
2026-09-01 16:40:00,N03,1.0561,0.6587,1.244681846899038,-0.0458733979471484,0.0458733979471484,0.49768251836013794,0
2026-09-01 16:45:00,N03,1.0917,0.7204,1.3079698199882135,0.06328797308917555,0.06328797308917555,0.7430437222312251,0
2026-09-01 16:50:00,N03,1.1517,0.6638,1.3293018205057872,0.021332000517573668,0.021332000517573668,0.8257457755991775,0
2026-09-01 16:55:00,N03,1.1836,0.6924,1.3712500574293516,0.04194823692356442,0.04194823692356442,0.9883749357609796,0
2026-09-01 17:00:00,N03,1.1109,0.6706,1.2976144149939148,-0.07363564243543674,0.07363564243543674,0.702896842627518,0
2026-09-01 17:05:00,N03,0.9938,0.7542,1.2475800896134883,-0.050034325380426514,0.050034325380426514,0.5089187183333328,0
2026-09-01 17:10:00,N03,1.1548,0.6979,1.3493062847255992,0.1017261951121109,0.1017261951121109,0.9033011022147595,0
2026-09-01 17:15:00,N03,1.1243,0.7398,1.345865717670229,-0.003440567055370325,0.003440567055370325,0.8899623644815194,0
2026-09-01 17:20:00,N03,1.0459,0.6895,1.2527238562428673,-0.09314186142736158,0.09314186142736158,0.5288605921367177,0
2026-09-01 17:25:00,N03,1.1667,0.6553,1.3381356358755268,0.08541177963265945,0.08541177963265945,0.8599936029208102,0
2026-09-01 17:30:00,N03,1.1447,0.6522,1.3174607887903154,-0.02067484708521139,0.02067484708521139,0.7798392683281965,0
2026-09-01 17:35:00,N03,1.1563,0.7202,1.3622473086778333,0.04478651988751792,0.04478651988751792,0.9534721704486985,0
2026-09-01 17:40:00,N03,1.0552,0.7822,1.313500620479488,-0.04874668819834538,0.04874668819834538,0.7644860879868444,0
2026-09-01 17:45:00,N03,1.1023,0.6855,1.298066076900556,-0.015434543578931814,0.015434543578931814,0.7046478911087208,0
2026-09-01 17:50:00,N03,1.152,0.7854,1.3942586417160914,0.09619256481553529,0.09619256481553529,1.0775769383596285,0
2026-09-01 17:55:00,N03,1.0942,0.7331,1.317083615417032,-0.07717502629905937,0.07717502629905937,0.7783770045137665,0
2026-09-01 18:00:00,N03,1.1694,0.7667,1.3983294497363632,0.08124583431933119,0.08124583431933119,1.0933590578971684,0
2026-09-01 18:05:00,N03,1.1598,0.7156,1.362798370999907,-0.03553107873645622,0.03553107873645622,0.9556085844963009,0
2026-09-01 18:10:00,N03,1.1126,0.7403,1.3363842448936607,-0.026414126106246272,0.026414126106246272,0.8532036335350925,0
2026-09-01 18:15:00,N03,1.1034,0.5919,1.252133048042419,-0.0842511968512416,0.0842511968512416,0.526570087254935,0
2026-09-01 18:20:00,N03,1.1818,0.7852,1.4188693667846946,0.16673631874227546,0.16673631874227546,1.172990282099746,0
2026-09-01 18:25:00,N03,1.0449,0.6915,1.2529917238353971,-0.1658776429492974,0.1658776429492974,0.5298990882643873,0
2026-09-01 18:30:00,N03,1.197,0.8469,1.4663044056402477,0.21331268180485052,0.21331268180485052,1.3568912299602636,0
2026-09-01 18:35:00,N03,1.17,0.7096,1.3683684299193692,-0.09793597572087842,0.09793597572087842,0.9772031512900019,0
2026-09-01 18:40:00,N03,1.1629,0.8167,1.421033180471167,0.052664750551797646,0.052664750551797646,1.1813791734664756,0
2026-09-01 18:45:00,N03,1.1427,0.71,1.3453115958765836,-0.07572158459458334,0.07572158459458334,0.887814089165632,0
2026-09-01 18:50:00,N03,1.1539,0.7043,1.351859349192807,0.006547753316223481,0.006547753316223481,0.9131990803085112,0
2026-09-01 18:55:00,N03,1.1871,0.8352,1.4514700995886896,0.09961075039588252,0.09961075039588252,1.299380094530569,0
2026-09-01 19:00:00,N03,1.2002,0.7434,1.4117802945217786,-0.039689805066911,0.039689805066911,1.1455066510106713,0
2026-09-01 19:05:00,N03,1.1724,0.6798,1.3552305338945103,-0.05654976062726824,0.05654976062726824,0.9262688295279435,0
2026-09-01 19:10:00,N03,1.2342,0.7561,1.4473896676430988,0.09215913374858853,0.09215913374858853,1.283560663987684,0
2026-09-01 19:15:00,N03,1.184,0.9217,1.5004622254492113,0.05307255780611242,0.05307255780611242,1.4893177145014855,0
2026-09-01 19:20:00,N03,1.2109,0.7264,1.4120679055909455,-0.08839431985826574,0.08839431985826574,1.1466216906419455,0
2026-09-01 19:25:00,N03,1.1777,0.8234,1.4369985560187597,0.02493065042781417,0.02493065042781417,1.2432753533155563,0
2026-09-01 19:30:00,N03,1.2077,0.6961,1.3939492458479257,-0.04304931017083402,0.04304931017083402,1.0763774412201181,0
2026-09-01 19:35:00,N03,1.251,0.7366,1.451750860168507,0.057801614320581285,0.057801614320581285,1.300468575493081,0
2026-09-01 19:40:00,N03,1.3017,0.826,1.541654594907692,0.08990373473918511,0.08990373473918511,1.6490164513593437,0
2026-09-01 19:45:00,N03,1.1886,0.8381,1.4543663809370733,-0.08728821397061881,0.08728821397061881,1.3106086904817693,0
2026-09-01 19:50:00,N03,1.2174,0.8186,1.467027170845857,0.012660789908783832,0.012660789908783832,1.3596933190825458,0
2026-09-01 19:55:00,N03,1.2412,0.7357,1.4428554778632543,-0.0241716929826028,0.0241716929826028,1.2659820592598148,0
2026-09-01 20:00:00,N03,1.1878,0.8315,1.4499176149009294,0.007062137037675109,0.007062137037675109,1.2933612651481912,0
2026-09-01 20:05:00,N03,1.2063,0.7618,1.426709125925814,-0.023208488975115404,0.023208488975115404,1.2033842518704958,0
2026-09-01 20:10:00,N03,1.1782,0.8052,1.427060713494699,0.00035158756888509224,0.00035158756888509224,1.2047473220551927,0
2026-09-01 20:15:00,N03,1.3321,0.7326,1.520260888795078,0.09320017530037883,0.09320017530037883,1.5660751715105024,0
2026-09-01 20:20:00,N03,1.2332,0.8586,1.5026563812129503,-0.017604507582127615,0.017604507582127615,1.4978242390968162,0
2026-09-01 20:25:00,N03,1.231,0.8126,1.4750185625950611,-0.027637818617889165,0.027637818617889165,1.3906751534577335,0
2026-09-01 20:30:00,N03,1.1849,0.8134,1.437222171412618,-0.037796391182443045,0.037796391182443045,1.244142288051543,0
2026-09-01 20:35:00,N03,1.2316,0.8433,1.4926464584756831,0.055424287063065014,0.055424287063065014,1.4590167599883959,0
2026-09-01 20:40:00,N03,1.3034,0.9255,1.598562419800991,0.10591596132530778,0.10591596132530778,1.8696424525401742,0
2026-09-01 20:45:00,N03,1.276,0.8143,1.513691015366082,-0.08487140443490881,0.08487140443490881,1.5406044228810951,0
2026-09-01 20:50:00,N03,1.2597,0.7823,1.482847726504647,-0.03084328886143517,0.03084328886143517,1.421028046565138,0
2026-09-01 20:55:00,N03,1.2699,0.7872,1.4940983401369536,0.011250613632306727,0.011250613632306727,1.4646455614004072,0
2026-09-01 21:00:00,N03,1.2644,0.8699,1.5347421184029584,0.04064377826600474,0.04064377826600474,1.622217464535382,0
2026-09-01 21:05:00,N03,1.2087,0.863,1.4851682362614682,-0.049573882141490166,0.049573882141490166,1.4300244330780385,0
2026-09-01 21:10:00,N03,1.3279,0.8021,1.5513487099939849,0.06618047373251668,0.06618047373251668,1.6865995754813026,0
2026-09-01 21:15:00,N03,1.1589,0.7796,1.3967195029783182,-0.15462920701566674,0.15462920701566674,1.0871174537591168,0
2026-09-01 21:20:00,N03,1.3328,0.8109,1.5601008460993795,0.16338134312106134,0.16338134312106134,1.7205307403842676,0
2026-09-01 21:25:00,N03,1.221,0.7888,1.4536321542948891,-0.10646869180449037,0.10646869180449037,1.3077621665049832,0
2026-09-01 21:30:00,N03,1.316,0.8433,1.5630134004543914,0.10938124615950229,0.10938124615950229,1.73182242517055,0
2026-09-01 21:35:00,N03,1.2651,0.7997,1.4966623199639923,-0.06635108049039906,0.06635108049039906,1.4745858572632085,0
2026-09-01 21:40:00,N03,1.2604,0.7739,1.4790298746137618,-0.017632445350230563,0.017632445350230563,1.4062266128894354,0
2026-09-01 21:45:00,N03,1.3638,0.8059,1.584116551898881,0.10508667728511911,0.10508667728511911,1.8136372533464806,0
2026-09-01 21:50:00,N03,1.3469,0.9001,1.6199751911680624,0.035858639269181536,0.035858639269181536,1.952657646492398,0
2026-09-01 21:55:00,N03,1.3389,0.8044,1.5619579283706717,-0.05801726279739072,0.05801726279739072,1.7277304644318345,0
2026-09-01 22:00:00,N03,1.3122,0.8268,1.550956827252132,-0.011001101118539802,0.011001101118539802,1.6850802849016868,0
2026-09-01 22:05:00,N03,1.2498,0.8462,1.5093225235184162,-0.04163430373371568,0.04163430373371568,1.5236682126262016,0
2026-09-01 22:10:00,N03,1.239,0.8914,1.5263403814352814,0.017017857916865164,0.017017857916865164,1.589644762387175,0
2026-09-01 22:15:00,N03,1.2778,0.8441,1.5314299363666626,0.0050895549313811905,0.0050895549313811905,1.609376462806339,0
2026-09-01 22:20:00,N03,1.3182,0.8231,1.5540736308167642,0.022643694450101615,0.022643694450101615,1.6971638236456172,0
2026-09-01 22:25:00,N03,1.3363,0.8143,1.5648585175663643,0.010784886749600098,0.010784886749600098,1.738975761480419,0
2026-09-01 22:30:00,N03,1.3536,0.7727,1.5586206241417442,-0.006237893424620111,0.006237893424620111,1.714792066449963,0
2026-09-01 22:35:00,N03,1.3193,0.9389,1.6192855523347325,0.0606649281929883,0.0606649281929883,1.9499839850347358,0
2026-09-01 22:40:00,N03,1.266,0.8101,1.5030029973356671,-0.11628255499906537,0.11628255499906537,1.4991680354770713,0
2026-09-01 22:45:00,N03,1.3447,0.855,1.5935002635707345,0.09049726623506738,0.09049726623506738,1.85001697417181,0
2026-09-01 22:50:00,N03,1.3395,0.8725,1.5985982922548116,0.0050980286840771605,0.0050980286840771605,1.8697815264909685,0
2026-09-01 22:55:00,N03,1.3567,0.9055,1.6311238886117756,0.03252559635696395,0.03252559635696395,1.9958800423578744,0
2026-09-01 23:00:00,N03,1.3485,0.8399,1.5886737424657085,-0.042450146146067125,0.042450146146067125,1.8313050298475742,0
2026-09-01 23:05:00,N03,1.3646,0.949,1.6621474543493426,0.07347371188363416,0.07347371188363416,2.1161553342686714,0
2026-09-01 23:10:00,N03,1.3274,0.8073,1.5536164423692225,-0.10853101198012016,0.10853101198012016,1.6953913493126704,0
2026-09-01 23:15:00,N03,1.3924,0.852,1.6323852976549378,0.07876885528571531,0.07876885528571531,2.00077040029315,0
2026-09-01 23:20:00,N03,1.2314,0.9024,1.5266537655932335,-0.10573153206170427,0.10573153206170427,1.5908597217312026,0
2026-09-01 23:25:00,N03,1.3162,0.8575,1.5708878667810762,0.044234101187842656,0.044234101187842656,1.7623509512624713,0
2026-09-01 23:30:00,N03,1.3626,0.8735,1.6185428662843626,0.047654999503286444,0.047654999503286444,1.9471046647702006,0
2026-09-01 23:35:00,N03,1.3845,0.8442,1.6215775929630996,0.003034726678736943,0.003034726678736943,1.9588699995560916,0
2026-09-01 23:40:00,N03,1.3777,0.855,1.6214445072218784,-0.00013308574122117278,0.00013308574122117278,1.9583540393176733,0
2026-09-01 23:45:00,N03,1.3919,0.9008,1.657958458466315,0.03651395124443657,0.03651395124443657,2.0999150120920955,0
2026-09-01 23:50:00,N03,1.3112,0.9263,1.6053900242620172,-0.0525684342042978,0.0525684342042978,1.8961123988560808,0
2026-09-01 23:55:00,N03,1.3342,0.9144,1.617472410892996,0.012082386630978936,0.012082386630978936,1.9429546152316273,0
2026-09-01 00:00:00,N04,0.5184,0.3919,0.649864732078915,0.0,0.0,1.2662202168326462,0
2026-09-01 00:05:00,N04,0.4888,0.2825,0.564563273690381,-0.08530145838853409,0.08530145838853409,0.7546645820957115,0
2026-09-01 00:10:00,N04,0.499,0.2848,0.5745537746808387,0.009990500990457729,0.009990500990457729,0.5179786922327951,0
2026-09-01 00:15:00,N04,0.54,0.2192,0.5827938228910805,0.008240048210241824,0.008240048210241824,0.32276294229020275,0
2026-09-01 00:20:00,N04,0.4473,0.2466,0.5107727968480702,-0.0720210260430103,0.0720210260430103,2.029019781072536,0
2026-09-01 00:25:00,N04,0.5475,0.3855,0.6696017473095481,0.15882895046147794,0.15882895046147794,1.7338116837232669,0
2026-09-01 00:30:00,N04,0.4948,0.2916,0.5743323079890248,-0.09526943932052334,0.09526943932052334,0.5232254802644497,0
2026-09-01 00:35:00,N04,0.5035,0.3581,0.6178574754747246,0.04352516748569979,0.04352516748569979,0.5079333182407432,0
2026-09-01 00:40:00,N04,0.4536,0.3119,0.5504857582172312,-0.06737171725749336,0.06737171725749336,1.08817631288918,0
2026-09-01 00:45:00,N04,0.5488,0.3251,0.6378647583931879,0.08737900017595668,0.08737900017595668,0.9819277221068358,0
2026-09-01 00:50:00,N04,0.5095,0.3501,0.6181911193150545,-0.019673639078133354,0.019673639078133354,0.5158377055503691,0
2026-09-01 00:55:00,N04,0.3648,0.3339,0.4945384211565366,-0.12365269815851793,0.12365269815851793,2.4136298882723226,0
2026-09-01 01:00:00,N04,0.4673,0.2085,0.5117045436577635,0.0171661225012269,0.0171661225012269,2.0069456805854995,0
2026-09-01 01:05:00,N04,0.5256,0.3687,0.642024181787571,0.1303196381298075,0.1303196381298075,1.0804690093112024,0
2026-09-01 01:10:00,N04,0.4931,0.3476,0.6033020553586735,-0.038722126428897496,0.038722126428897496,0.16309950402195345,0
2026-09-01 01:15:00,N04,0.5806,0.3657,0.6861726094795682,0.08287055412089461,0.08287055412089461,2.126393523438117,0
2026-09-01 01:20:00,N04,0.582,0.3371,0.67257743792072,-0.013595171558848151,0.013595171558848151,1.804309047262357,0
2026-09-01 01:25:00,N04,0.5038,0.2199,0.5497003274512396,-0.12287711046948036,0.12287711046948036,1.1067840263513966,0
2026-09-01 01:30:00,N04,0.4877,0.2578,0.5516449310924555,0.0019446036412158474,0.0019446036412158474,1.0607142402924743,0
2026-09-01 01:35:00,N04,0.6085,0.2912,0.6745885338485973,0.1229436027561418,0.1229436027561418,1.8519541082802147,0
2026-09-01 01:40:00,N04,0.5062,0.3276,0.602959534297286,-0.0716289995513113,0.0716289995513113,0.15498480564108802,0
2026-09-01 01:45:00,N04,0.5022,0.3848,0.6326735967305732,0.029714062433287225,0.029714062433287225,0.8589434274541689,0
2026-09-01 01:50:00,N04,0.4689,0.3097,0.561944214313129,-0.0707293824174442,0.0707293824174442,0.8167129618417094,0
2026-09-01 01:55:00,N04,0.4629,0.234,0.5186833427053543,-0.0432608716077747,0.0432608716077747,1.8416103020763361,0
2026-09-01 02:00:00,N04,0.4694,0.2981,0.556057524002688,0.03737418129733372,0.03737418129733372,0.9561750904982118,0
2026-09-01 02:05:00,N04,0.4785,0.2654,0.5471740216786611,-0.008883502324026904,0.008883502324026904,1.1666349718064524,0
2026-09-01 02:10:00,N04,0.4297,0.2958,0.521670135238735,-0.025503886439926182,0.025503886439926182,1.7708499218637397,0
2026-09-01 02:15:00,N04,0.4248,0.338,0.5428618977235371,0.021191762484802146,0.021191762484802146,1.2687939022237118,0
2026-09-01 02:20:00,N04,0.5041,0.2271,0.5528934978818253,0.01003160015828819,0.01003160015828819,1.031134328146173,0
2026-09-01 02:25:00,N04,0.4845,0.2624,0.5509936569507856,-0.0018998409310396758,0.0018998409310396758,1.076143636667398,0
2026-09-01 02:30:00,N04,0.516,0.367,0.6332021794024402,0.08220852245165455,0.08220852245165455,0.871466128785808,0
2026-09-01 02:35:00,N04,0.4062,0.3058,0.5084408323492519,-0.12476134705318831,0.12476134705318831,2.084266569302548,0
2026-09-01 02:40:00,N04,0.492,0.3336,0.5944349922405309,0.08599415989127901,0.08599415989127901,0.046970914527906374,0
2026-09-01 02:45:00,N04,0.5107,0.2624,0.5741674407348436,-0.020267551505687265,0.020267551505687265,0.5271313657453081,0
2026-09-01 02:50:00,N04,0.484,0.2602,0.5495089080260664,-0.02465853270877716,0.02465853270877716,1.111318961789313,0
2026-09-01 02:55:00,N04,0.5538,0.3011,0.6303615232547113,0.08085261522864484,0.08085261522864484,0.8041678793024285,0
2026-09-01 03:00:00,N04,0.5951,0.297,0.6650962411561202,0.03473471790140892,0.03473471790140892,1.627071317626964,0
2026-09-01 03:05:00,N04,0.4646,0.2243,0.5159105058050282,-0.14918573535109203,0.14918573535109203,1.9073018394502148,0
2026-09-01 03:10:00,N04,0.4098,0.2208,0.4654983136381914,-0.05041219216683679,0.05041219216683679,3.101621781397534,0
2026-09-01 03:15:00,N04,0.5134,0.3254,0.6078360963286074,0.14233778269041597,0.14233778269041597,0.2705158911149233,0
2026-09-01 03:20:00,N04,0.4209,0.3448,0.5440991178085111,-0.0637369785200963,0.0637369785200963,1.2394828059085192,0
2026-09-01 03:25:00,N04,0.4758,0.3073,0.5664088011321858,0.022309683323674778,0.022309683323674778,0.7109420195087869,0
2026-09-01 03:30:00,N04,0.5806,0.3448,0.6752654292942887,0.10885662816210284,0.10885662816210284,1.8679905013560618,0
2026-09-01 03:35:00,N04,0.4866,0.2554,0.5495532003364187,-0.12571222895786993,0.12571222895786993,1.1102696285376743,0
2026-09-01 03:40:00,N04,0.3924,0.264,0.4729416031604748,-0.07661159717594396,0.07661159717594396,2.9252821157719913,0
2026-09-01 03:45:00,N04,0.4894,0.2506,0.5498297190949212,0.07688811593444639,0.07688811593444639,1.103718596864443,0
2026-09-01 03:50:00,N04,0.4934,0.3038,0.5794290293038484,0.029599310208927254,0.029599310208927254,0.4024785806910924,0
2026-09-01 03:55:00,N04,0.4888,0.2675,0.5572088387669385,-0.022220190536909934,0.022220190536909934,0.9288991851407922,0
2026-09-01 04:00:00,N04,0.5084,0.3221,0.6018463009772511,0.04463746221031262,0.04463746221031262,0.1286110913269441,0
2026-09-01 04:05:00,N04,0.4455,0.3705,0.579431186595958,-0.022415114381293066,0.022415114381293066,0.40242747208271057,0
2026-09-01 04:10:00,N04,0.4951,0.3009,0.5793658774902091,-6.530910574897852e-05,6.530910574897852e-05,0.40397471619240166,0
2026-09-01 04:15:00,N04,0.5354,0.3117,0.6195240511876838,0.040158173697474764,0.040158173697474764,0.5474163187451665,0
2026-09-01 04:20:00,N04,0.5477,0.3144,0.6315240692166847,0.012000018029000858,0.012000018029000858,0.8317098640116066,0
2026-09-01 04:25:00,N04,0.4694,0.3181,0.5670308369039553,-0.06449323231272941,0.06449323231272941,0.6962053120795559,0
2026-09-01 04:30:00,N04,0.4428,0.3054,0.5379042665753824,-0.02912657032857291,0.02912657032857291,1.3862456036983295,0
2026-09-01 04:35:00,N04,0.4983,0.2896,0.5763428233265336,0.038438556751151265,0.038438556751151265,0.47559417406710947,0
2026-09-01 04:40:00,N04,0.4936,0.2059,0.5348231202930553,-0.041519703033478295,0.041519703033478295,1.4592413273689377,0
2026-09-01 04:45:00,N04,0.4726,0.3046,0.5622560982328249,0.02743297793976951,0.02743297793976951,0.8093240908393794,0
2026-09-01 04:50:00,N04,0.508,0.2486,0.5655669367988196,0.003310838565994789,0.003310838565994789,0.7308867058740599,0
2026-09-01 04:55:00,N04,0.5633,0.2567,0.619032939349757,0.053466002550937364,0.053466002550937364,0.5357813424318718,0
2026-09-01 05:00:00,N04,0.5485,0.3214,0.6357280943925634,0.016695155042806387,0.016695155042806387,0.9313078161773033,0
2026-09-01 05:05:00,N04,0.4677,0.3888,0.6082012249247777,-0.02752686946778571,0.02752686946778571,0.27916618670885945,0
2026-09-01 05:10:00,N04,0.4403,0.346,0.5599822229321213,-0.048219001992656385,0.048219001992656385,0.8631946824642014,0
2026-09-01 05:15:00,N04,0.55,0.2665,0.6111646668451965,0.05118244391307525,0.05118244391307525,0.349373365374008,0
2026-09-01 05:20:00,N04,0.5696,0.2875,0.6380442069324037,0.026879540087207165,0.026879540087207165,0.9861790541701088,0
2026-09-01 05:25:00,N04,0.5144,0.313,0.602143139128895,-0.03590106780350866,0.03590106780350866,0.13564351163641752,0
2026-09-01 05:30:00,N04,0.4933,0.3405,0.5994039873073919,-0.002739151821503194,0.002739151821503194,0.07075001060365219,0
2026-09-01 05:35:00,N04,0.5397,0.2126,0.5800645222731692,-0.01933946503422268,0.01933946503422268,0.38742305754075457,0
2026-09-01 05:40:00,N04,0.5652,0.2169,0.6053896678999403,0.02532514562677113,0.02532514562677113,0.2125573272573097,0
2026-09-01 05:45:00,N04,0.5516,0.3563,0.6566675338403749,0.0512778659404346,0.0512778659404346,1.4273860272369525,0
2026-09-01 05:50:00,N04,0.4455,0.2795,0.5259187199558503,-0.13074881388452464,0.13074881388452464,1.6701963054546238,0
2026-09-01 05:55:00,N04,0.4447,0.2893,0.5305210457653872,0.0046023258095369,0.0046023258095369,1.5611621758639516,0
2026-09-01 06:00:00,N04,0.4846,0.339,0.5914035508855184,0.06088250512013127,0.06088250512013127,0.11878907413408338,0
2026-09-01 06:05:00,N04,0.5655,0.3698,0.6756791324289955,0.08427558154347703,0.08427558154347703,1.8777915808685586,0
2026-09-01 06:10:00,N04,0.4719,0.2895,0.553624294987133,-0.12205483744186252,0.12205483744186252,1.0138209458298912,0
2026-09-01 06:15:00,N04,0.4158,0.2597,0.4902384419851222,-0.06338585300201077,0.06338585300201077,2.5155010954870876,0
2026-09-01 06:20:00,N04,0.5482,0.3808,0.6674817450687323,0.17724330308361008,0.17724330308361008,1.6835865130978753,0
2026-09-01 06:25:00,N04,0.4383,0.2704,0.5149981067926367,-0.15248363827609557,0.15248363827609557,1.9289175694685778,0
2026-09-01 06:30:00,N04,0.4987,0.314,0.5893196840425406,0.07432157724990396,0.07432157724990396,0.16815815768225753,0
2026-09-01 06:35:00,N04,0.4595,0.3212,0.5606332936956206,-0.02868639034692,0.02868639034692,0.8477701043404658,0
2026-09-01 06:40:00,N04,0.4763,0.2993,0.5625319368711433,0.0018986431755226851,0.0018986431755226851,0.8027891719567986,0
2026-09-01 06:45:00,N04,0.5273,0.3003,0.6068157710541149,0.04428383418297155,0.04428383418297155,0.24634326996473904,0
2026-09-01 06:50:00,N04,0.4782,0.2945,0.5616097310410495,-0.045206040013065385,0.045206040013065385,0.8246372362071309,0
2026-09-01 06:55:00,N04,0.4956,0.2815,0.5699663235665771,0.008356592525527562,0.008356592525527562,0.6266604240317019,0
2026-09-01 07:00:00,N04,0.4871,0.3799,0.6177300543117519,0.047763730745174815,0.047763730745174815,0.5049145715958684,0
2026-09-01 07:05:00,N04,0.528,0.2852,0.6001025245739265,-0.01762752973782533,0.01762752973782533,0.0872991220736462,0
2026-09-01 07:10:00,N04,0.5348,0.2833,0.6052023876357396,0.0050998630618130925,0.0050998630618130925,0.20812045306767332,0
2026-09-01 07:15:00,N04,0.5587,0.3185,0.6431080313602062,0.03790564372446659,0.03790564372446659,1.1061465905277723,0
2026-09-01 07:20:00,N04,0.4946,0.3224,0.5903989498635647,-0.05270908149664155,0.05270908149664155,0.14258917055221387,0
2026-09-01 07:25:00,N04,0.4215,0.2437,0.4868798003614444,-0.10351914950212027,0.10351914950212027,2.595070987146183,0
2026-09-01 07:30:00,N04,0.4403,0.3071,0.5368188707562356,0.049939070394791174,0.049939070394791174,1.4119598171850825,0
2026-09-01 07:35:00,N04,0.5866,0.4116,0.7165989952546683,0.17978012449843273,0.17978012449843273,2.8472278639151716,0
2026-09-01 07:40:00,N04,0.5319,0.325,0.6233318618520957,-0.09326713340257264,0.09326713340257264,0.6376275160011036,0
2026-09-01 07:45:00,N04,0.4099,0.2729,0.4924351937057301,-0.13089666814636558,0.13089666814636558,2.4634576457845565,0
2026-09-01 07:50:00,N04,0.4606,0.269,0.5333979377537937,0.04096274404806366,0.04096274404806366,1.4930054597026825,0
2026-09-01 07:55:00,N04,0.4916,0.2764,0.5639747512078886,0.03057681345409491,0.03057681345409491,0.7686073230659661,0
2026-09-01 08:00:00,N04,0.401,0.3374,0.5240608361631309,-0.03991391504475772,0.03991391504475772,1.7142116035024066,0
2026-09-01 08:05:00,N04,0.4464,0.312,0.5446255227218056,0.020564686558674716,0.020564686558674716,1.2270116980581378,0
2026-09-01 08:10:00,N04,0.6037,0.254,0.6549577772650692,0.11033225454326356,0.11033225454326356,1.3868800248991597,0
2026-09-01 08:15:00,N04,0.3735,0.2857,0.4702411509002588,-0.1847166263648104,0.1847166263648104,2.9892587818923415,0
2026-09-01 08:20:00,N04,0.555,0.3979,0.6828978034816044,0.21265665258134564,0.21265665258134564,2.0488097893994754,0
2026-09-01 08:25:00,N04,0.4385,0.3248,0.545689737854763,-0.1372080656268414,0.1372080656268414,1.2017992781814781,0
2026-09-01 08:30:00,N04,0.4767,0.2947,0.560438203551471,0.014748465696707957,0.014748465696707957,0.8523920031236847,0
2026-09-01 08:35:00,N04,0.6322,0.2249,0.6710118106263108,0.11057360707483976,0.11057360707483976,1.767217625148005,0
2026-09-01 08:40:00,N04,0.5127,0.3234,0.6061755933720856,-0.06483621725422517,0.06483621725422517,0.23117676084910974,0
2026-09-01 08:45:00,N04,0.5543,0.3049,0.6326235057283282,0.026447912356242553,0.026447912356242553,0.8577567168525861,0
2026-09-01 08:50:00,N04,0.5154,0.2804,0.5867378631041293,-0.04588564262419881,0.04588564262419881,0.2293243181038674,0
2026-09-01 08:55:00,N04,0.5135,0.2828,0.5862235836265886,-0.0005142794775407911,0.0005142794775407911,0.24150816112597803,0
2026-09-01 09:00:00,N04,0.5311,0.2815,0.6010902261724108,0.014866642545822262,0.014866642545822262,0.11069885267570118,0
2026-09-01 09:05:00,N04,0.5189,0.2985,0.598631322267721,-0.0024589039046898353,0.0024589039046898353,0.05244473115318793,0
2026-09-01 09:10:00,N04,0.5563,0.2974,0.6308061905213043,0.03217486825358329,0.03217486825358329,0.8147025329486265,0
2026-09-01 09:15:00,N04,0.4113,0.3631,0.5486431444937593,-0.08216304602754498,0.08216304602754498,1.1318298463035836,0
2026-09-01 09:20:00,N04,0.4547,0.2673,0.5274479879571066,-0.021195156536652715,0.021195156536652715,1.6339662747422554,0
2026-09-01 09:25:00,N04,0.4702,0.3687,0.5975179746250318,0.07006998666792519,0.07006998666792519,0.026068308410387566,0
2026-09-01 09:30:00,N04,0.3932,0.4569,0.6027966904355067,0.005278715810474899,0.005278715810474899,0.15112685653815813,0
2026-09-01 09:35:00,N04,0.5528,0.3112,0.6343762921169106,0.031579601681403946,0.031579601681403946,0.8992821425061637,0
2026-09-01 09:40:00,N04,0.4973,0.3143,0.5882956569617015,-0.046080635155209104,0.046080635155209104,0.192418478671529,0
2026-09-01 09:45:00,N04,0.5261,0.3323,0.6222575833206053,0.03396192635890383,0.03396192635890383,0.6121766832121097,0
2026-09-01 09:50:00,N04,0.5278,0.3045,0.6093382394040276,-0.012919343916577675,0.012919343916577675,0.3061033026818562,0
2026-09-01 09:55:00,N04,0.4901,0.2924,0.5706976169566507,-0.03864062244737698,0.03864062244737698,0.6093352841867871,0
2026-09-01 10:00:00,N04,0.4903,0.3567,0.606324154227753,0.03562653727110232,0.03562653727110232,0.2346963299233751,0
2026-09-01 10:05:00,N04,0.5297,0.153,0.5513538700326678,-0.054970284195085206,0.054970284195085206,1.0676097949804821,0
2026-09-01 10:10:00,N04,0.5328,0.3097,0.6162709874722321,0.0649171174395643,0.0649171174395643,0.4703476831474249,0
2026-09-01 10:15:00,N04,0.4991,0.2806,0.5725706681275247,-0.04370031934470742,0.04370031934470742,0.5649606543698715,0
2026-09-01 10:20:00,N04,0.5562,0.3474,0.6557783162014432,0.08320764807391856,0.08320764807391856,1.4063194892972266,0
2026-09-01 10:25:00,N04,0.4614,0.3204,0.5617349196907737,-0.09404339651066951,0.09404339651066951,0.8216713802416479,0
2026-09-01 10:30:00,N04,0.4514,0.231,0.5070729336101465,-0.05466198608062722,0.05466198608062722,2.1166735857891843,0
2026-09-01 10:35:00,N04,0.4687,0.3431,0.5808591051193052,0.07378617150915867,0.07378617150915867,0.36859852129506154,0
2026-09-01 10:40:00,N04,0.5477,0.3257,0.6372250622817656,0.0563659571624604,0.0563659571624604,0.9667726219253275,0
2026-09-01 10:45:00,N04,0.5363,0.3258,0.627505641408904,-0.009719420872861595,0.009719420872861595,0.736508916387168,0
2026-09-01 10:50:00,N04,0.4679,0.3216,0.5677648897210886,-0.05974075168781534,0.05974075168781534,0.6788147983910501,0
2026-09-01 10:55:00,N04,0.54,0.3377,0.636899748783119,0.06913485906203032,0.06913485906203032,0.959065589516729,0
2026-09-01 11:00:00,N04,0.5594,0.3354,0.6522434514811168,0.015343702697997896,0.015343702697997896,1.3225746798352591,0
2026-09-01 11:05:00,N04,0.5176,0.3535,0.6267950302929978,-0.025448421188119075,0.025448421188119075,0.7196737622266924,0
2026-09-01 11:10:00,N04,0.4987,0.2559,0.560523416103199,-0.06627161418979877,0.06627161418979877,0.8503732246207353,0
2026-09-01 11:15:00,N04,0.4918,0.2628,0.5576119439179904,-0.0029114721852085967,0.0029114721852085967,0.9193491834465654,0
2026-09-01 11:20:00,N04,0.4662,0.2928,0.5505218251804374,-0.007090118737553053,0.007090118737553053,1.087321847103205,0
2026-09-01 11:25:00,N04,0.4604,0.2846,0.5412627088577228,-0.009259116322714589,0.009259116322714589,1.3066804346534326,0
2026-09-01 11:30:00,N04,0.4053,0.3107,0.5106883394008522,-0.03057436945687053,0.03057436945687053,2.0310206703241787,0
2026-09-01 11:35:00,N04,0.5001,0.2591,0.5632342496688212,0.052545910267968954,0.052545910267968954,0.7861506140266942,0
2026-09-01 11:40:00,N04,0.533,0.3469,0.6359470182334375,0.07271276856461628,0.07271276856461628,0.9364943612904041,0
2026-09-01 11:45:00,N04,0.4196,0.2619,0.4946268997941782,-0.1413201184392593,0.1413201184392593,2.4115337326236665,0
2026-09-01 11:50:00,N04,0.4615,0.253,0.5262995819872937,0.031672682193115476,0.031672682193115476,1.6611732675796187,0
2026-09-01 11:55:00,N04,0.5415,0.2903,0.6144073078992469,0.08810772591195326,0.08810772591195326,0.42619507672932333,0
2026-09-01 12:00:00,N04,0.4868,0.1998,0.5262074495861875,-0.08819985831305943,0.08819985831305943,1.6633559848789663,0
2026-09-01 12:05:00,N04,0.5318,0.238,0.5826278743760892,0.056420424789901724,0.056420424789901724,0.3266944440216635,0
2026-09-01 12:10:00,N04,0.503,0.3139,0.5929099510043663,0.01028207662827707,0.01028207662827707,0.08310080855464437,0
2026-09-01 12:15:00,N04,0.568,0.2346,0.6145414225257724,0.021631471521406098,0.021631471521406098,0.42937239884291206,0
2026-09-01 12:20:00,N04,0.349,0.3092,0.46626777714099,-0.14827364538478238,0.14827364538478238,3.0833923498554245,0
2026-09-01 12:25:00,N04,0.59,0.3619,0.6921499909701654,0.2258822138291754,0.2258822138291754,2.2680042252941517,0
2026-09-01 12:30:00,N04,0.5105,0.2754,0.5800477652745504,-0.11210222569561501,0.11210222569561501,0.3878200491564215,0
2026-09-01 12:35:00,N04,0.5404,0.2513,0.5959730279131766,0.01592526263862626,0.01592526263862626,0.010533168095693306,0
2026-09-01 12:40:00,N04,0.5238,0.3253,0.6165926775432871,0.020619649630110426,0.020619649630110426,0.4779688725953251,0
2026-09-01 12:45:00,N04,0.553,0.438,0.7054452494701484,0.08885257192686136,0.08885257192686136,2.582983433246947,0
2026-09-01 12:50:00,N04,0.5196,0.2746,0.5876983239724272,-0.11774692549772126,0.11774692549772126,0.20656995017890478,0
2026-09-01 12:55:00,N04,0.4987,0.2115,0.5416954310311284,-0.04600289294129878,0.04600289294129878,1.2964287733229598,0
2026-09-01 13:00:00,N04,0.4653,0.2795,0.5427930913340736,0.0010976603029452248,0.0010976603029452248,1.2704240008077543,0
2026-09-01 13:05:00,N04,0.4738,0.3076,0.5648930872297873,0.022099995895713653,0.022099995895713653,0.746850938802169,0
2026-09-01 13:10:00,N04,0.4589,0.3561,0.5808583476201405,0.015965260390353286,0.015965260390353286,0.36861646727835296,0
2026-09-01 13:15:00,N04,0.5,0.2995,0.5828380993037432,0.0019797516836026485,0.0019797516836026485,0.32171398567220966,0
2026-09-01 13:20:00,N04,0.4836,0.3078,0.5732449738113715,-0.009593125492371679,0.009593125492371679,0.5489856155831928,0
2026-09-01 13:25:00,N04,0.5413,0.2566,0.5990402741051724,0.025795300293800838,0.025795300293800838,0.062133247239688924,0
2026-09-01 13:30:00,N04,0.4671,0.2848,0.5470771883381723,-0.05196308576700004,0.05196308576700004,1.16892905949874,0
2026-09-01 13:35:00,N04,0.4327,0.259,0.5042918698531634,-0.04278531848500888,0.04278531848500888,2.182560026390686,0
2026-09-01 13:40:00,N04,0.4762,0.3437,0.5872785795514766,0.08298670969831312,0.08298670969831312,0.21651415436672072,0
2026-09-01 13:45:00,N04,0.5131,0.3097,0.5993210325026145,0.012042452951137927,0.012042452951137927,0.0687847205940829,0
2026-09-01 13:50:00,N04,0.5425,0.2931,0.616614839263539,0.017293806760924513,0.017293806760924513,0.4784939079748053,0
2026-09-01 13:55:00,N04,0.5195,0.2948,0.597316741771064,-0.01929809749247502,0.01929809749247502,0.02130088211649994,0
2026-09-01 14:00:00,N04,0.5133,0.2709,0.580399603721436,-0.016917138049628022,0.016917138049628022,0.37948461172754394,0
2026-09-01 14:05:00,N04,0.3781,0.2933,0.478523249173956,-0.10187635454747995,0.10187635454747995,2.793046819978274,0
2026-09-01 14:10:00,N04,0.5711,0.3463,0.6678913833850532,0.18936813421109716,0.18936813421109716,1.6932912926192392,0
2026-09-01 14:15:00,N04,0.5483,0.3618,0.6569110518175196,-0.01098033156753353,0.01098033156753353,1.4331552343240812,0
2026-09-01 14:20:00,N04,0.5044,0.3099,0.5919944003113543,-0.06491665150616532,0.06491665150616532,0.10479120533225574,0
2026-09-01 14:25:00,N04,0.4691,0.2842,0.5484746575731645,-0.043519742738189815,0.043519742738189815,1.135821485638721,0
2026-09-01 14:30:00,N04,0.5308,0.3602,0.6414769520411471,0.09300229446798258,0.09300229446798258,1.0675045383987303,0
2026-09-01 14:35:00,N04,0.493,0.2775,0.5657342574035976,-0.07574269463754946,0.07574269463754946,0.7269226978356139,0
2026-09-01 14:40:00,N04,0.5,0.3301,0.5991377220639675,0.03340346466036992,0.03340346466036992,0.06444189591154155,0
2026-09-01 14:45:00,N04,0.4278,0.1852,0.4661672232150176,-0.13297049884894996,0.13297049884894996,3.0857745822850817,0
2026-09-01 14:50:00,N04,0.4725,0.239,0.5295066099681853,0.06333938675316775,0.06333938675316775,1.585195268858872,0
2026-09-01 14:55:00,N04,0.4746,0.2926,0.5575481324513607,0.028041522483175374,0.028041522483175374,0.9208609468483342,0
2026-09-01 15:00:00,N04,0.4773,0.3726,0.6055130469279749,0.04796491447661422,0.04796491447661422,0.21548031130672676,0
2026-09-01 15:05:00,N04,0.5163,0.315,0.604806324371695,-0.000706722556279904,0.000706722556279904,0.19873728137468724,0
2026-09-01 15:10:00,N04,0.5311,0.2431,0.5840931603776919,-0.020713163994003136,0.020713163994003136,0.2919802168248236,0
2026-09-01 15:15:00,N04,0.552,0.2962,0.6264490721519189,0.04235591177422704,0.04235591177422704,0.711477635670599,0
2026-09-01 15:20:00,N04,0.5335,0.2464,0.5876522866457681,-0.038796785506150844,0.038796785506150844,0.20766062477446542,0
2026-09-01 15:25:00,N04,0.4223,0.3409,0.5427247000091299,-0.044927586636638206,0.044927586636638206,1.2720442660595845,0
2026-09-01 15:30:00,N04,0.5188,0.2549,0.5780375852831717,0.03531288527404186,0.03531288527404186,0.43544341063734415,0
2026-09-01 15:35:00,N04,0.4565,0.3563,0.5790871609697457,0.0010495756865739336,0.0010495756865739336,0.4105778152490341,0
2026-09-01 15:40:00,N04,0.4405,0.3821,0.5831300541045711,0.0040428931348254205,0.0040428931348254205,0.31479725728194174,0
2026-09-01 15:45:00,N04,0.455,0.3319,0.5631896749763795,-0.019940379128191577,0.019940379128191577,0.7872066372187244,0
2026-09-01 15:50:00,N04,0.4836,0.3302,0.5855774927368709,0.02238781776049137,0.02238781776049137,0.25681476059593566,0
2026-09-01 15:55:00,N04,0.4728,0.2919,0.5556486749736743,-0.029928817763196558,0.029928817763196558,0.9658611709404369,0
2026-09-01 16:00:00,N04,0.502,0.2499,0.5607619905093426,0.005113315535668295,0.005113315535668295,0.8447211361348275,0
2026-09-01 16:05:00,N04,0.537,0.2743,0.6030004063016874,0.042238415792344775,0.042238415792344775,0.15595310810574564,0
2026-09-01 16:10:00,N04,0.4886,0.2503,0.5489809195227099,-0.0540194867789775,0.0540194867789775,1.123827586619409,0
2026-09-01 16:15:00,N04,0.3719,0.2904,0.471849308572133,-0.07713161095057691,0.07713161095057691,2.951159768642559,0
2026-09-01 16:20:00,N04,0.6206,0.3392,0.7072488953685259,0.2353995867963929,0.2353995867963929,2.6257137762860805,0
2026-09-01 16:25:00,N04,0.499,0.2869,0.5755976111833683,-0.1316512841851576,0.1316512841851576,0.493249064388447,0
2026-09-01 16:30:00,N04,0.5011,0.3274,0.5985749493588919,0.02297733817552361,0.02297733817552361,0.05110919531738557,0
2026-09-01 16:35:00,N04,0.441,0.3557,0.5665716989049135,-0.03200325045397834,0.03200325045397834,0.7070827931965559,0
2026-09-01 16:40:00,N04,0.5358,0.3359,0.6323847325797802,0.06581303367486668,0.06581303367486668,0.8520999199418593,0
2026-09-01 16:45:00,N04,0.5219,0.301,0.6024787216159588,-0.029906010963821394,0.029906010963821394,0.143593827606454,0
2026-09-01 16:50:00,N04,0.5336,0.3296,0.6271882651963444,0.024709543580385573,0.024709543580385573,0.7289899269628408,0
2026-09-01 16:55:00,N04,0.4823,0.2713,0.5533687558942951,-0.07381950930204928,0.07381950930204928,1.0198749462890124,0
2026-09-01 17:00:00,N04,0.5051,0.3775,0.630580890925185,0.07721213503088986,0.07721213503088986,0.8093649392239294,0
2026-09-01 17:05:00,N04,0.438,0.2266,0.4931445629833101,-0.13743632794187488,0.13743632794187488,2.446651912131579,0
2026-09-01 17:10:00,N04,0.5082,0.3025,0.591416511436737,0.0982719484534269,0.0982719484534269,0.11848202450752182,0
2026-09-01 17:15:00,N04,0.5087,0.3122,0.5968622370363198,0.005445725599582785,0.005445725599582785,0.010533168095693306,0
2026-09-01 17:20:00,N04,0.4888,0.3745,0.6157724336148866,0.01891019657856685,0.01891019657856685,0.45853639725864925,0
2026-09-01 17:25:00,N04,0.42,0.2586,0.4932281013892051,-0.12254433222568156,0.12254433222568156,2.4446727959735535,0
2026-09-01 17:30:00,N04,0.4948,0.2178,0.540614354230444,0.04738625284123893,0.04738625284123893,1.3220406645408807,0
2026-09-01 17:35:00,N04,0.4912,0.3831,0.6229310154423201,0.08231666121187609,0.08231666121187609,0.6281310263569204,0
2026-09-01 17:40:00,N04,0.501,0.3115,0.5899434294913368,-0.03298758595098328,0.03298758595098328,0.15338094613528153,0
2026-09-01 17:45:00,N04,0.437,0.2692,0.5132617655738639,-0.07668166391747289,0.07668166391747289,1.9700533910718607,0
2026-09-01 17:50:00,N04,0.4812,0.2841,0.5588078829078917,0.0455461173340278,0.0455461173340278,0.8910160814012408,0
2026-09-01 17:55:00,N04,0.5641,0.3279,0.6524777544100642,0.09366987150217243,0.09366987150217243,1.328125572356901,0
2026-09-01 18:00:00,N04,0.4444,0.3123,0.5431598751748882,-0.109317879235176,0.109317879235176,1.2617344906587187,0
2026-09-01 18:05:00,N04,0.5249,0.357,0.6347984010691898,0.09163852589430166,0.09163852589430166,0.909282365026009,0
2026-09-01 18:10:00,N04,0.579,0.2492,0.6303504104861041,-0.004447990583085759,0.004447990583085759,0.8039046056658861,0
2026-09-01 18:15:00,N04,0.4595,0.2371,0.5170654310626461,-0.11328497942345794,0.11328497942345794,1.8799403975580058,0
2026-09-01 18:20:00,N04,0.4883,0.3233,0.5856276803567263,0.06856224929408017,0.06856224929408017,0.2556257610175433,0
2026-09-01 18:25:00,N04,0.5494,0.2962,0.6241592745445669,0.03853159418784058,0.03853159418784058,0.6572298271953542,0
2026-09-01 18:30:00,N04,0.484,0.3076,0.5734751607524078,-0.05068411379215909,0.05068411379215909,0.5435322353146728,0
2026-09-01 18:35:00,N04,0.4582,0.4045,0.6112016770264951,0.037726516274087296,0.037726516274087296,0.3502501770276977,0
2026-09-01 18:40:00,N04,0.4196,0.3092,0.521218572194046,-0.08998310483244909,0.08998310483244909,1.7815479440313466,0
2026-09-01 18:45:00,N04,0.6012,0.3003,0.6720279235269915,0.15080935133294548,0.15080935133294548,1.791290450557713,0
2026-09-01 18:50:00,N04,0.4905,0.2821,0.5658362483970075,-0.10619167512998395,0.10619167512998395,0.7245064197073916,0
2026-09-01 18:55:00,N04,0.491,0.3686,0.6139600638478043,0.0481238154507968,0.0481238154507968,0.4155993762331529,0
2026-09-01 19:00:00,N04,0.3894,0.3767,0.5417889349183869,-0.07217112892941746,0.07217112892941746,1.294213564017385,0
2026-09-01 19:05:00,N04,0.4288,0.2867,0.515816178497728,-0.025972756420658882,0.025972756420658882,1.9095365564767224,0
2026-09-01 19:10:00,N04,0.4785,0.3294,0.5809187636838734,0.06510258518614542,0.06510258518614542,0.3671851446829911,0
2026-09-01 19:15:00,N04,0.4201,0.3231,0.5299788863719006,-0.0509398773119728,0.0509398773119728,1.5740065245725368,0
2026-09-01 19:20:00,N04,0.6012,0.2318,0.6443389480700356,0.11436006169813495,0.11436006169813495,1.1353083529950758,0
2026-09-01 19:25:00,N04,0.5095,0.2669,0.5751746343502988,-0.06916431371973675,0.06916431371973675,0.5032698479529615,0
2026-09-01 19:30:00,N04,0.5213,0.301,0.601959043457277,0.026784409106978213,0.026784409106978213,0.13128208392639143,0
2026-09-01 19:35:00,N04,0.4679,0.3244,0.5693555743118706,-0.03260346914540646,0.03260346914540646,0.641129741533536,0
2026-09-01 19:40:00,N04,0.5902,0.2905,0.6578193445012087,0.08846377018933815,0.08846377018933815,1.454673680926535,0
2026-09-01 19:45:00,N04,0.536,0.2353,0.5853734619881568,-0.07244588251305195,0.07244588251305195,0.2616484720749617,0
2026-09-01 19:50:00,N04,0.4522,0.3236,0.556059169513461,-0.029314292474695747,0.029314292474695747,0.9561361065491634,0
2026-09-01 19:55:00,N04,0.5742,0.3178,0.6562792698234495,0.10022010030998851,0.10022010030998851,1.418187628234189,0
2026-09-01 20:00:00,N04,0.4843,0.3,0.56968981911212,-0.08658945071132951,0.08658945071132951,0.6332111168264609,0
2026-09-01 20:05:00,N04,0.5175,0.3802,0.6421512983713418,0.07246147925922175,0.07246147925922175,1.083480540141823,0
2026-09-01 20:10:00,N04,0.7041,0.3774,0.7988664281342657,0.1567151297629239,0.1567151297629239,4.796233281805945,0
2026-09-01 20:15:00,N04,0.7165,0.4633,0.8532403764473409,0.05437394831307518,0.05437394831307518,6.084411557763534,1
2026-09-01 20:20:00,N04,0.7982,0.4967,0.9401245289853892,0.08688415253804838,0.08688415253804838,8.142792111260798,1
2026-09-01 20:25:00,N04,1.005,0.5376,1.1397538155233349,0.19962928653794565,0.19962928653794565,12.872228139750495,1
2026-09-01 20:30:00,N04,0.9621,0.5676,1.1170524472915315,-0.022701368231803354,0.022701368231803354,12.334407909695752,1
2026-09-01 20:35:00,N04,1.0972,0.6409,1.2706693708435723,0.15361692355204082,0.15361692355204082,15.97376075933223,1
2026-09-01 20:40:00,N04,1.1075,0.7661,1.3466497168900309,0.07598034604645854,0.07598034604645854,17.773818217238993,1
2026-09-01 20:45:00,N04,1.291,0.72,1.4782019483142348,0.1315522314242039,0.1315522314242039,20.8904343897242,1
2026-09-01 20:50:00,N04,1.2067,0.8504,1.476246947498961,-0.0019550008152737774,0.0019550008152737774,20.84411828324588,1
2026-09-01 20:55:00,N04,1.3458,0.8895,1.6131918329820545,0.13694488548309347,0.13694488548309347,24.08849232551862,1
2026-09-01 21:00:00,N04,1.3615,0.9446,1.6570912497505983,0.04389941676854381,0.04389941676854381,25.128517498655583,1
2026-09-01 21:05:00,N04,1.4794,0.9865,1.778146959618355,0.12105570986775671,0.12105570986775671,27.996459600898877,1
2026-09-01 21:10:00,N04,1.6207,0.9523,1.87977226812186,0.10162530850350504,0.10162530850350504,30.404074253929757,1
2026-09-01 21:15:00,N04,1.6796,1.0843,1.999190498676902,0.11941823055504197,0.11941823055504197,33.233222681197965,1
2026-09-01 21:20:00,N04,1.7853,1.1292,2.1124366807078503,0.11324618203094827,0.11324618203094827,35.916148531780834,1
2026-09-01 21:25:00,N04,1.9588,1.0718,2.232857514486762,0.12042083377891188,0.12042083377891188,38.76904972544662,1
2026-09-01 21:30:00,N04,2.0209,1.2052,2.3529861559303744,0.12012864144361224,0.12012864144361224,41.61502856327084,1
2026-09-01 21:35:00,N04,1.9751,1.1835,2.302540392696728,-0.05044576323364636,0.05044576323364636,40.41991328605164,1
2026-09-01 21:40:00,N04,2.0905,1.3461,2.486398089606731,0.18385769691000275,0.18385769691000275,44.7757031150957,1
2026-09-01 21:45:00,N04,2.1736,1.4256,2.5993984534888064,0.11300036388207557,0.11300036388207557,47.452805265008706,1
2026-09-01 21:50:00,N04,2.1874,1.3994,2.596736243826084,-0.002662209662722237,0.002662209662722237,47.38973460782896,1
2026-09-01 21:55:00,N04,2.2774,1.4682,2.709642411832233,0.11290616800614872,0.11290616800614872,50.064605154468374,1
2026-09-01 22:00:00,N04,2.4643,1.479,2.8740590616756645,0.16441664984343163,0.16441664984343163,53.95981532597442,1
2026-09-01 22:05:00,N04,2.3698,1.5599,2.8371182650710915,-0.036940796604572945,0.036940796604572945,53.084647471534545,1
2026-09-01 22:10:00,N04,2.6018,1.6202,3.065030388103844,0.22791212303275232,0.22791212303275232,58.48413481476957,1
2026-09-01 22:15:00,N04,2.7218,1.5964,3.1554220319950863,0.09039164389124243,0.09039164389124243,60.62561167273746,1
2026-09-01 22:20:00,N04,2.774,1.7596,3.2850065692476176,0.12958453725253127,0.12958453725253127,63.69561101925515,1
2026-09-01 22:25:00,N04,2.7311,1.766,3.252331964913791,-0.03267460433382663,0.03267460433382663,62.92151392341811,1
2026-09-01 22:30:00,N04,2.8748,1.7959,3.389650697343312,0.13731873242952108,0.13731873242952108,66.17474480853309,1
2026-09-01 22:35:00,N04,2.9974,1.8256,3.509590021640704,0.11993932429739207,0.11993932429739207,69.01623851620596,1
2026-09-01 22:40:00,N04,3.0262,1.9017,3.574122176143395,0.0645321545026909,0.0645321545026909,70.5450758015262,1
2026-09-01 22:45:00,N04,3.0856,1.8957,3.6214093734346022,0.04728719729120723,0.04728719729120723,71.66536119869325,1
2026-09-01 22:50:00,N04,3.254,1.9426,3.789750751698586,0.168341378263984,0.168341378263984,75.65355247691015,1
2026-09-01 22:55:00,N04,3.3333,2.0731,3.9253831023226256,0.13563235062403933,0.13563235062403933,78.86683113353726,1
2026-09-01 23:00:00,N04,3.2937,2.0661,3.888088077706059,-0.03729502461656642,0.03729502461656642,77.98327123025888,1
2026-09-01 23:05:00,N04,3.5197,2.1009,4.09903267857186,0.21094460086580114,0.21094460086580114,82.98077942483165,1
2026-09-01 23:10:00,N04,3.5168,2.2231,4.16053552442471,0.06150284585284993,0.06150284585284993,84.43784907666266,1
2026-09-01 23:15:00,N04,3.6592,2.2374,4.289021263645122,0.1284857392204115,0.1284857392204115,87.48181669661726,1
2026-09-01 23:20:00,N04,3.6701,2.3711,4.369410626160009,0.08038936251488771,0.08038936251488771,89.38632857450227,1
2026-09-01 23:25:00,N04,3.8669,2.3989,4.550564450702791,0.18115382454278173,0.18115382454278173,93.67806071135224,1
2026-09-01 23:30:00,N04,3.8643,2.3596,4.527750727458392,-0.022813723244398787,0.022813723244398787,93.13757866822506,1
2026-09-01 23:35:00,N04,3.8985,2.4761,4.618373464760077,0.09062273730168435,0.09062273730168435,95.28453038171264,1
2026-09-01 23:40:00,N04,4.0409,2.5701,4.788975550156839,0.17060208539676225,0.17060208539676225,99.32628028326106,1
2026-09-01 23:45:00,N04,4.1325,2.4748,4.816865297057828,0.02788974690098911,0.02788974690098911,99.98701887581183,1
2026-09-01 23:50:00,N04,4.2326,2.5501,4.941448448582662,0.1245831515248339,0.1245831515248339,102.93852992703398,1
2026-09-01 23:55:00,N04,4.2408,2.6625,5.007323725304766,0.06587527672210403,0.06587527672210403,104.4991872460042,1
2026-09-01 00:00:00,N05,0.5998,0.4555,0.7531535633587615,0.0,0.0,5.247686953439133,0
2026-09-01 00:05:00,N05,0.5303,0.2908,0.6047997437168768,-0.14835381964188465,0.14835381964188465,0.6607507888317128,0
2026-09-01 00:10:00,N05,0.5267,0.3444,0.6293045764969455,0.024504832780068653,0.024504832780068653,1.4184131392712553,0
2026-09-01 00:15:00,N05,0.484,0.3898,0.6214499497143756,-0.007854626782569873,0.007854626782569873,1.1755567589270595,0
2026-09-01 00:20:00,N05,0.5115,0.3249,0.605963909816418,-0.015486039897957604,0.015486039897957604,0.6967455181651783,0
2026-09-01 00:25:00,N05,0.5333,0.3211,0.6225063051889514,0.016542395372533436,0.016542395372533436,1.2082181028729682,0
2026-09-01 00:30:00,N05,0.5419,0.2691,0.6050375360256586,-0.017468769163292874,0.017468769163292874,0.6681030642463224,0
2026-09-01 00:35:00,N05,0.4721,0.245,0.5318866514587484,-0.07315088456691021,0.07315088456691021,1.5936414510142127,0
2026-09-01 00:40:00,N05,0.522,0.3389,0.622364210089237,0.09047755863048867,0.09047755863048867,1.2038246794123058,0
2026-09-01 00:45:00,N05,0.5229,0.3837,0.648575438942919,0.02621122885368199,0.02621122885368199,2.0142469107911816,0
2026-09-01 00:50:00,N05,0.4997,0.3334,0.6007126184790861,-0.047862820463832945,0.047862820463832945,0.5343813929660928,0
2026-09-01 00:55:00,N05,0.4454,0.2806,0.5264195285131432,-0.07429308996594286,0.07429308996594286,1.762678851035905,0
2026-09-01 01:00:00,N05,0.5348,0.3425,0.6350726651336838,0.10865313662054055,0.10865313662054055,1.5967560658799753,0
2026-09-01 01:05:00,N05,0.4853,0.2964,0.5686554756616699,-0.06641718947201392,0.06641718947201392,0.4567900381311665,0
2026-09-01 01:10:00,N05,0.4241,0.2821,0.5093537277766798,-0.0593017478849901,0.0593017478849901,2.2903345512061457,0
2026-09-01 01:15:00,N05,0.5445,0.3288,0.6360736513958113,0.12671992361913154,0.12671992361913154,1.6277054549628542,0
2026-09-01 01:20:00,N05,0.525,0.3025,0.6059135664432675,-0.030160084952543742,0.030160084952543742,0.6951889566994228,0
2026-09-01 01:25:00,N05,0.5004,0.267,0.5671764804714666,-0.03873708597180092,0.03873708597180092,0.5025189350453129,0
2026-09-01 01:30:00,N05,0.5349,0.321,0.623826105577508,0.056649625106041324,0.056649625106041324,1.249024872438769,0
2026-09-01 01:35:00,N05,0.5246,0.2737,0.5917067263433803,-0.032119379234127665,0.032119379234127665,0.25592916011128336,0
2026-09-01 01:40:00,N05,0.3923,0.3549,0.5290116255811397,-0.06269510076224061,0.06269510076224061,1.6825340740961074,0
2026-09-01 01:45:00,N05,0.4761,0.2569,0.5409887429512744,0.011977117370134738,0.011977117370134738,1.312214840351835,0
2026-09-01 01:50:00,N05,0.5347,0.2804,0.6037617493680765,0.06277300641680206,0.06277300641680206,0.6286571506047784,0
2026-09-01 01:55:00,N05,0.553,0.3309,0.6444406954871799,0.04067894611910339,0.04067894611910339,1.8864052122472146,0
2026-09-01 02:00:00,N05,0.5342,0.2317,0.5822838912420641,-0.062156804245115715,0.062156804245115715,0.03541448849644284,0
2026-09-01 02:05:00,N05,0.5606,0.3131,0.6421090016500314,0.05982511040796723,0.05982511040796723,1.8143118154460647,0
2026-09-01 02:10:00,N05,0.4815,0.3072,0.571151547314721,-0.07095745433531042,0.07095745433531042,0.3796142609083801,0
2026-09-01 02:15:00,N05,0.4112,0.3204,0.5212884038610489,-0.04986314345367204,0.04986314345367204,1.9213275551179072,0
2026-09-01 02:20:00,N05,0.4485,0.2324,0.505135635250573,-0.016152768610475876,0.016152768610475876,2.420753310900801,0
2026-09-01 02:25:00,N05,0.4239,0.3556,0.5533015181616621,0.04816588291108903,0.04816588291108903,0.9315174371063881,0
2026-09-01 02:30:00,N05,0.4685,0.3767,0.6011614924460814,0.04785997428441935,0.04785997428441935,0.548260079996409,0
2026-09-01 02:35:00,N05,0.4732,0.2146,0.5195877211790133,-0.08157377126706811,0.08157377126706811,1.9739107843032528,0
2026-09-01 02:40:00,N05,0.4442,0.3618,0.5728986646868711,0.05331094350785781,0.05331094350785781,0.3255953224174502,0
2026-09-01 02:45:00,N05,0.4922,0.2726,0.5626469585806005,-0.010251706106270575,0.010251706106270575,0.6425667465526127,0
2026-09-01 02:50:00,N05,0.508,0.3251,0.6031202284785347,0.040473269897934205,0.040473269897934205,0.6088220336142398,0
2026-09-01 02:55:00,N05,0.5559,0.3724,0.6691087878663677,0.06598855938783299,0.06598855938783299,2.649115369081139,0
2026-09-01 03:00:00,N05,0.482,0.2337,0.5356675181490846,-0.1334412697172831,0.1334412697172831,1.4767412310041934,0
2026-09-01 03:05:00,N05,0.4793,0.313,0.5724486789223991,0.0367811607733145,0.0367811607733145,0.3395083849971498,0
2026-09-01 03:10:00,N05,0.4518,0.2521,0.5173757338723957,-0.055072945050003486,0.055072945050003486,2.042302987462358,0
2026-09-01 03:15:00,N05,0.5172,0.2976,0.5967089742914883,0.07933324041909262,0.07933324041909262,0.41059313892151805,0
2026-09-01 03:20:00,N05,0.5016,0.2621,0.5659496178989787,-0.030759356392509596,0.030759356392509596,0.5404521700394148,0
2026-09-01 03:25:00,N05,0.4885,0.2538,0.5504967665663442,-0.01545285133263452,0.01545285133263452,1.0182372570366045,0
2026-09-01 03:30:00,N05,0.5445,0.3518,0.648261899235178,0.0977651326688338,0.0977651326688338,2.004552609505582,0
2026-09-01 03:35:00,N05,0.4077,0.2535,0.4800849299863514,-0.16817696924882658,0.16817696924882658,3.1952934353327467,0
2026-09-01 03:40:00,N05,0.4252,0.2675,0.5023457872820275,0.022260857295676117,0.022260857295676117,2.507012327160502,0
2026-09-01 03:45:00,N05,0.4958,0.2275,0.5455033363784313,0.04315754909640379,0.04315754909640379,1.1726286004456916,0
2026-09-01 03:50:00,N05,0.4539,0.2498,0.5180977224423979,-0.027405613936033357,0.027405613936033357,2.019979898712969,0
2026-09-01 03:55:00,N05,0.5104,0.3035,0.5938184992066179,0.07572077676421995,0.07572077676421995,0.3212228434232722,0
2026-09-01 04:00:00,N05,0.4639,0.3088,0.5572796874101908,-0.03653881179642704,0.03653881179642704,0.808516840026689,0
2026-09-01 04:05:00,N05,0.4727,0.2864,0.5526936312280069,-0.004586056182183995,0.004586056182183995,0.9503126293481938,0
2026-09-01 04:10:00,N05,0.5837,0.367,0.6894887163688758,0.1367950851408689,0.1367950851408689,3.2792402374931893,0
2026-09-01 04:15:00,N05,0.435,0.3415,0.5530345830054392,-0.1364541333634366,0.1364541333634366,0.9397707771595095,0
2026-09-01 04:20:00,N05,0.5406,0.2426,0.5925395514225189,0.03950496841707973,0.03950496841707973,0.2816791912430362,0
2026-09-01 04:25:00,N05,0.5409,0.3769,0.6592620268148318,0.06672247539231291,0.06672247539231291,2.344664398552935,0
2026-09-01 04:30:00,N05,0.4439,0.2541,0.5114821795527191,-0.14777984726211268,0.14777984726211268,2.224525174341396,0
2026-09-01 04:35:00,N05,0.5509,0.3136,0.6339051742965978,0.12242299474387863,0.12242299474387863,1.5606585393356325,0
2026-09-01 04:40:00,N05,0.5276,0.317,0.6155085377149532,-0.018396636581644588,0.018396636581644588,0.991854865475514,0
2026-09-01 04:45:00,N05,0.5195,0.2337,0.5696454511360552,-0.04586308657889793,0.04586308657889793,0.4261810904377785,0
2026-09-01 04:50:00,N05,0.5524,0.3585,0.6585347447173915,0.08888929358133624,0.08888929358133624,2.3221776397847855,0
2026-09-01 04:55:00,N05,0.4885,0.2978,0.5721163255842294,-0.08641841913316206,0.08641841913316206,0.34978438294555914,0
2026-09-01 05:00:00,N05,0.4234,0.3257,0.5341797918304285,-0.037936533753800905,0.037936533753800905,1.5227400847617503,0
2026-09-01 05:05:00,N05,0.5286,0.2969,0.6062735108843202,0.07209371905389172,0.07209371905389172,0.7063180410593638,0
2026-09-01 05:10:00,N05,0.5562,0.2833,0.6241933434441608,0.01791983255984053,0.01791983255984053,1.2603794614586499,0
2026-09-01 05:15:00,N05,0.5282,0.249,0.5839488333749798,-0.04024451006918095,0.04024451006918095,0.016063682405288406,0
2026-09-01 05:20:00,N05,0.4988,0.2913,0.5776306172633164,-0.006318216111663388,0.006318216111663388,0.17928857780852148,0
2026-09-01 05:25:00,N05,0.5113,0.2815,0.5836693755886118,0.006038758325295324,0.006038758325295324,0.00742315646623867,0
2026-09-01 05:30:00,N05,0.4934,0.3413,0.5999410387696444,0.01627166318103268,0.01627166318103268,0.510525000986038,0
2026-09-01 05:35:00,N05,0.4782,0.2197,0.5262540546162091,-0.07368698415343533,0.07368698415343533,1.7677951210718086,0
2026-09-01 05:40:00,N05,0.5875,0.3691,0.69382350781737,0.1675694532011609,0.1675694532011609,3.413267198909662,0
2026-09-01 05:45:00,N05,0.4354,0.3345,0.5490568367664681,-0.1447666710509019,0.1447666710509019,1.0627582952511316,0
2026-09-01 05:50:00,N05,0.4749,0.3132,0.5688798203487271,0.01982298358225898,0.01982298358225898,0.4498535483199542,0
2026-09-01 05:55:00,N05,0.5147,0.2883,0.589943200655792,0.021063380307064894,0.021063380307064894,0.2014028946390517,0
2026-09-01 06:00:00,N05,0.4608,0.2655,0.5318147139747076,-0.05812848668108439,0.05812848668108439,1.595865678526076,0
2026-09-01 06:05:00,N05,0.4542,0.2584,0.5225592789339789,-0.009255435040728677,0.009255435040728677,1.8820335022462487,0
2026-09-01 06:10:00,N05,0.4966,0.2642,0.5625061777438537,0.03994689880987479,0.03994689880987479,0.6469195344546472,0
2026-09-01 06:15:00,N05,0.5341,0.3744,0.6522562149953038,0.08975003725145014,0.08975003725145014,2.1280524388811246,0
2026-09-01 06:20:00,N05,0.471,0.312,0.5649646006609618,-0.08729161433434207,0.08729161433434207,0.5709078145433996,0
2026-09-01 06:25:00,N05,0.525,0.3236,0.6167187041107153,0.05175410344975351,0.05175410344975351,1.0292718731354005,0
2026-09-01 06:30:00,N05,0.5038,0.3371,0.6061772430568473,-0.010541461053867995,0.010541461053867995,0.7033415462148775,0
2026-09-01 06:35:00,N05,0.5241,0.2381,0.5756495635367059,-0.03052767952014135,0.03052767952014135,0.2405405698674742,0
2026-09-01 06:40:00,N05,0.5435,0.3444,0.6434311229649993,0.06778155942829334,0.06778155942829334,1.8551903454917607,0
2026-09-01 06:45:00,N05,0.4618,0.3019,0.5517271517697856,-0.09170397119521367,0.09170397119521367,0.9801951061861118,0
2026-09-01 06:50:00,N05,0.5342,0.2895,0.6076017527953651,0.05587460102557951,0.05587460102557951,0.7473858131721812,0
2026-09-01 06:55:00,N05,0.5536,0.4182,0.6938041510397585,0.08620239824439335,0.08620239824439335,3.412668708736163,0
2026-09-01 07:00:00,N05,0.4607,0.2309,0.5153244608981802,-0.17847969014157827,0.17847969014157827,2.10572608106132,0
2026-09-01 07:05:00,N05,0.5152,0.3361,0.615137586235795,0.09981312533761477,0.09981312533761477,0.9803854556607022,0
2026-09-01 07:10:00,N05,0.4885,0.3727,0.6144408352315135,-0.0006967510042814595,0.0006967510042814595,0.9588426845545726,0
2026-09-01 07:15:00,N05,0.4331,0.3346,0.5472958706220978,-0.06714496460941566,0.06714496460941566,1.1172054224754906,0
2026-09-01 07:20:00,N05,0.4697,0.386,0.6079589542066142,0.06066308358451633,0.06066308358451633,0.7584300860817852,0
2026-09-01 07:25:00,N05,0.5996,0.2617,0.6542224774493766,0.046263523242762394,0.046263523242762394,2.1888471011383377,0
2026-09-01 07:30:00,N05,0.4725,0.343,0.5838709189538386,-0.07035155849553798,0.07035155849553798,0.01365465460310616,0
2026-09-01 07:35:00,N05,0.4806,0.2977,0.5653332203223158,-0.01853769863152277,0.01853769863152277,0.5595105019583124,0
2026-09-01 07:40:00,N05,0.5013,0.204,0.5412187081023715,-0.024114512219944317,0.024114512219944317,1.305104572003417,0
2026-09-01 07:45:00,N05,0.4993,0.2655,0.5655004332447501,0.024281725142378585,0.024281725142378585,0.5543404631756582,0
2026-09-01 07:50:00,N05,0.4753,0.3722,0.6036910882231077,0.03819065497835761,0.03819065497835761,0.6264723860865996,0
2026-09-01 07:55:00,N05,0.4372,0.3407,0.5542745980107694,-0.04941649021233829,0.04941649021233829,0.9014308834760496,0
2026-09-01 08:00:00,N05,0.4861,0.286,0.5639939804643308,0.00971938245356141,0.00971938245356141,0.6009183184372134,0
2026-09-01 08:05:00,N05,0.5395,0.317,0.6257389631467741,0.06174498268244333,0.06174498268244333,1.308168314672951,0
2026-09-01 08:10:00,N05,0.5285,0.3484,0.633004589240868,0.007265626094093869,0.007265626094093869,1.532813444605995,0
2026-09-01 08:15:00,N05,0.4834,0.2694,0.5534003252619211,-0.07960426397894693,0.07960426397894693,0.9284624307533865,0
2026-09-01 08:20:00,N05,0.4457,0.2587,0.5153388982019502,-0.03806142705997084,0.03806142705997084,2.1052796955827255,0
2026-09-01 08:25:00,N05,0.6475,0.3622,0.7419198676407042,0.22658096943875394,0.22658096943875394,4.900353495657337,0
2026-09-01 08:30:00,N05,0.4324,0.2339,0.4916085536277822,-0.25031131401292195,0.25031131401292195,2.838995726545741,0
2026-09-01 08:35:00,N05,0.5241,0.3274,0.6179575794502402,0.126349025822458,0.126349025822458,1.0675765296115514,0
2026-09-01 08:40:00,N05,0.5274,0.2873,0.6005764314389967,-0.017381148011243464,0.017381148011243464,0.5301706401803234,0
2026-09-01 08:45:00,N05,0.4937,0.3164,0.5863860929455951,-0.014190338493401677,0.014190338493401677,0.09142105502958119,0
2026-09-01 08:50:00,N05,0.5043,0.189,0.5385531450098495,-0.04783294793574555,0.04783294793574555,1.387520837237749,0
2026-09-01 08:55:00,N05,0.4885,0.2574,0.552165745044004,0.013612600034154432,0.013612600034154432,0.9666342868157572,0
2026-09-01 09:00:00,N05,0.5088,0.4493,0.6787841556783718,0.12661841063436785,0.12661841063436785,2.9482670500415,0
2026-09-01 09:05:00,N05,0.5184,0.2843,0.5912402641904557,-0.08754389148791608,0.08754389148791608,0.2415066658078995,0
2026-09-01 09:10:00,N05,0.5461,0.3241,0.635032298391192,0.043792034200736296,0.043792034200736296,1.5955079708094895,0
2026-09-01 09:15:00,N05,0.521,0.3303,0.6168785050558984,-0.018153793335293655,0.018153793335293655,1.0342127417720701,0
2026-09-01 09:20:00,N05,0.6028,0.2435,0.6501231344906901,0.033244629434791784,0.033244629434791784,2.0620999468438437,0
2026-09-01 09:25:00,N05,0.5237,0.2537,0.5819152687462326,-0.06820786574445759,0.06820786574445759,0.04681188872044328,0
2026-09-01 09:30:00,N05,0.5278,0.2541,0.5857812304947984,0.0038659617485657938,0.0038659617485657938,0.07271937645554855,0
2026-09-01 09:35:00,N05,0.4791,0.2852,0.5575624180304839,-0.028218812464314458,0.028218812464314458,0.7997751216793313,0
2026-09-01 09:40:00,N05,0.5488,0.3459,0.6487127638639462,0.09115034583346227,0.09115034583346227,2.01849284559813,0
2026-09-01 09:45:00,N05,0.4377,0.3027,0.5321734491685958,-0.1165393146953504,0.1165393146953504,1.5847739827521805,0
2026-09-01 09:50:00,N05,0.4645,0.2371,0.5215138157326228,-0.010659633435972982,0.010659633435972982,1.914358069140735,0
2026-09-01 09:55:00,N05,0.4891,0.2846,0.5658762850659144,0.044362469333291576,0.044362469333291576,0.5427195402011527,0
2026-09-01 10:00:00,N05,0.6213,0.3216,0.699600064322467,0.13372377925655266,0.13372377925655266,3.5918719426505974,0
2026-09-01 10:05:00,N05,0.4311,0.2718,0.5096297185212024,-0.1899703458012646,0.1899703458012646,2.281801222369693,0
2026-09-01 10:10:00,N05,0.5511,0.4044,0.6835572909420249,0.17392757242082246,0.17392757242082246,3.095847117829872,0
2026-09-01 10:15:00,N05,0.4207,0.206,0.4684276785161184,-0.2151296124259065,0.2151296124259065,3.5557227689205844,0
2026-09-01 10:20:00,N05,0.5935,0.3195,0.6740344946662596,0.20560681615014126,0.20560681615014126,2.801412780170499,0
2026-09-01 10:25:00,N05,0.4566,0.3267,0.5614414038882419,-0.11259309077801771,0.11259309077801771,0.6798411654394363,0
2026-09-01 10:30:00,N05,0.3682,0.3002,0.4750697632979813,-0.08637164059026065,0.08637164059026065,3.350356847316003,0
2026-09-01 10:35:00,N05,0.5164,0.3462,0.6217100610413185,0.14664029774333726,0.14664029774333726,1.183599113719532,0
2026-09-01 10:40:00,N05,0.4493,0.3043,0.5426499608403192,-0.0790601002009993,0.0790601002009993,1.2608518189551063,0
2026-09-01 10:45:00,N05,0.4537,0.3128,0.5510785152770883,0.008428554436769042,0.008428554436769042,1.000250229763108,0
2026-09-01 10:50:00,N05,0.4552,0.2796,0.5342126917249346,-0.016865823552153714,0.016865823552153714,1.521722856379725,0
2026-09-01 10:55:00,N05,0.4502,0.3326,0.5597345799573222,0.025521888232387657,0.025521888232387657,0.7326142752538775,0
2026-09-01 11:00:00,N05,0.5429,0.2883,0.6147009842191568,0.05496640426183452,0.05496640426183452,0.9668862037742825,0
2026-09-01 11:05:00,N05,0.5019,0.2276,0.5510947014806076,-0.06360628273854918,0.06360628273854918,0.999749770236892,0
2026-09-01 11:10:00,N05,0.485,0.2975,0.5689738570444164,0.017879155563808813,0.017879155563808813,0.44694603760470153,0
2026-09-01 11:15:00,N05,0.631,0.2444,0.6766774416219297,0.10770358457751328,0.10770358457751328,2.8831297794453814,0
2026-09-01 11:20:00,N05,0.5732,0.3498,0.6715044899328672,-0.0051729516890625105,0.0051729516890625105,2.723187829601383,0
2026-09-01 11:25:00,N05,0.514,0.3879,0.6439428623721207,-0.027561627560746427,0.027561627560746427,1.8710127624611816,0
2026-09-01 11:30:00,N05,0.5186,0.3195,0.6091192083656531,-0.034823654006467586,0.034823654006467586,0.7943038625378211,0
2026-09-01 11:35:00,N05,0.4973,0.3612,0.614632190826351,0.005512982460697868,0.005512982460697868,0.9647591880890212,0
2026-09-01 11:40:00,N05,0.5548,0.2687,0.616443614615319,0.0018114237889680362,0.0018114237889680362,1.02076640992601,0
2026-09-01 11:45:00,N05,0.434,0.2899,0.5219176276003714,-0.09452598701494763,0.09452598701494763,1.9018726524231535,0
2026-09-01 11:50:00,N05,0.46,0.2968,0.5474397135758421,0.025522085975470676,0.025522085975470676,1.1127579572996953,0
2026-09-01 11:55:00,N05,0.5619,0.2771,0.6265109895285157,0.0790712759526736,0.0790712759526736,1.3320385172669233,0
2026-09-01 12:00:00,N05,0.4979,0.3029,0.5827974090539525,-0.043713580474563196,0.043713580474563196,0.019537085216859613,0
2026-09-01 12:05:00,N05,0.5424,0.1877,0.5739591013303996,-0.008838307723552874,0.008838307723552874,0.29280779323742956,0
2026-09-01 12:10:00,N05,0.4697,0.3106,0.563107849350371,-0.010851251980028676,0.010851251980028676,0.6283165132596861,0
2026-09-01 12:15:00,N05,0.56,0.2754,0.6240554142061425,0.060947564855771574,0.060947564855771574,1.2561148418381378,0
2026-09-01 12:20:00,N05,0.4062,0.331,0.5239841982350231,-0.10007121597111945,0.10007121597111945,1.8379765720682186,0
2026-09-01 12:25:00,N05,0.4682,0.2405,0.5263568086383988,0.0023726104033757744,0.0023726104033757744,1.7646180802542637,0
2026-09-01 12:30:00,N05,0.4688,0.2908,0.5516684511552206,0.02531164251682172,0.02531164251682172,0.9820100643212174,0
2026-09-01 12:35:00,N05,0.4698,0.1897,0.5066538561977003,-0.04501459495752025,0.04501459495752025,2.373811596929073,0
2026-09-01 12:40:00,N05,0.5449,0.3637,0.6551287659689506,0.14847490977125033,0.14847490977125033,2.216868540667416,0
2026-09-01 12:45:00,N05,0.5326,0.2431,0.5854574023786872,-0.06967136359026349,0.06967136359026349,0.06270696895237295,0
2026-09-01 12:50:00,N05,0.4899,0.2997,0.5743014017047147,-0.011156000673972488,0.011156000673972488,0.28222424392340145,0
2026-09-01 12:55:00,N05,0.5299,0.3334,0.6260587592231259,0.05175735751841126,0.05175735751841126,1.3180560559623804,0
2026-09-01 13:00:00,N05,0.4633,0.3041,0.5541874231701762,-0.07187133605294971,0.07187133605294971,0.9041262332144383,0
2026-09-01 13:05:00,N05,0.5229,0.3728,0.6421870833331982,0.08799966016302196,0.08799966016302196,1.816726014805244,0
2026-09-01 13:10:00,N05,0.5352,0.3395,0.6337975149840839,-0.008389568349114307,0.008389568349114307,1.5573298323618667,0
2026-09-01 13:15:00,N05,0.5042,0.3705,0.6256899311959558,-0.008107583788128037,0.008107583788128037,1.3066523009365163,0
2026-09-01 13:20:00,N05,0.5205,0.2569,0.5804462593556788,-0.045243671840277,0.045243671840277,0.09223203574425717,0
2026-09-01 13:25:00,N05,0.5702,0.3349,0.6612760769905411,0.0808298176348623,0.0808298176348623,2.4069366043552236,0
2026-09-01 13:30:00,N05,0.4778,0.276,0.5517869516398517,-0.10948912535068944,0.10948912535068944,0.9783461602856479,0
2026-09-01 13:35:00,N05,0.5148,0.3232,0.6078464279733822,0.05605947633353048,0.05605947633353048,0.7549508992976174,0
2026-09-01 13:40:00,N05,0.5099,0.3156,0.599667716322965,-0.00817871165041717,0.00817871165041717,0.5020741729702899,0
2026-09-01 13:45:00,N05,0.585,0.3536,0.6835626964660959,0.0838949801431309,0.0838949801431309,3.0960142506607617,0
2026-09-01 13:50:00,N05,0.5095,0.3471,0.6164970883953954,-0.0670656080707005,0.0670656080707005,1.0224197601146512,0
2026-09-01 13:55:00,N05,0.4484,0.3199,0.5508162760848666,-0.0656808123105288,0.0656808123105288,1.0083583757985974,0
2026-09-01 14:00:00,N05,0.5905,0.2891,0.6574717180229124,0.10665544193804577,0.10665544193804577,2.289310029091514,0
2026-09-01 14:05:00,N05,0.4576,0.2674,0.5300004905658108,-0.1274712274571016,0.1274712274571016,1.6519594615175364,0
2026-09-01 14:10:00,N05,0.4455,0.2608,0.5162236821378888,-0.01377680842792195,0.01377680842792195,2.0779231540159677,0
2026-09-01 14:15:00,N05,0.4815,0.2297,0.5334832143563656,0.01725953221847676,0.01725953221847676,1.544277490505283,0
2026-09-01 14:20:00,N05,0.5008,0.3451,0.6081896496981842,0.07470643534181864,0.07470643534181864,0.7655629357505636,0
2026-09-01 14:25:00,N05,0.4546,0.376,0.5899467433590934,-0.01824290633909087,0.01824290633909087,0.20151243111025832,0
2026-09-01 14:30:00,N05,0.5255,0.3515,0.6322202938849717,0.042273550525878334,0.042273550525878334,1.5085638988890155,0
2026-09-01 14:35:00,N05,0.4671,0.3427,0.5793321154571012,-0.052888178427870525,0.052888178427870525,0.1266801339010758,0
2026-09-01 14:40:00,N05,0.4454,0.3445,0.5630820632909558,-0.01625005216614539,0.01625005216614539,0.6291137897218605,0
2026-09-01 14:45:00,N05,0.5086,0.3277,0.6050299579359687,0.04194789464501292,0.04194789464501292,0.6678687580872964,0
2026-09-01 14:50:00,N05,0.4412,0.2552,0.5096905727988306,-0.09533938513713813,0.09533938513713813,2.2799196753525863,0
2026-09-01 14:55:00,N05,0.5299,0.2526,0.5870270607050411,0.0773364879062105,0.0773364879062105,0.11123906984879767,0
2026-09-01 15:00:00,N05,0.5232,0.2316,0.5721685066481726,-0.014858554056868423,0.014858554056868423,0.34817100211123586,0
2026-09-01 15:05:00,N05,0.5424,0.2384,0.592479805563025,0.020311298914852394,0.020311298914852394,0.27983191528978135,0
2026-09-01 15:10:00,N05,0.5276,0.3313,0.6229939405804843,0.030514135017459254,0.030514135017459254,1.2232952503165857,0
2026-09-01 15:15:00,N05,0.4652,0.3291,0.5698401968973407,-0.05315374368314363,0.05315374368314363,0.4201597667030717,0
2026-09-01 15:20:00,N05,0.513,0.2731,0.5811648733363021,0.0113246764389614,0.0113246764389614,0.07001328556937084,0
2026-09-01 15:25:00,N05,0.4496,0.2019,0.4928526859011727,-0.08831218743512936,0.08831218743512936,2.800528531483654,0
2026-09-01 15:30:00,N05,0.5175,0.2218,0.5630288536123171,0.07017616771114443,0.07017616771114443,0.6307589741858931,0
2026-09-01 15:35:00,N05,0.5048,0.2868,0.5805835684894983,0.017554714877181188,0.017554714877181188,0.08798658906032361,0
2026-09-01 15:40:00,N05,0.534,0.2849,0.6052470652551734,0.02466349676567503,0.02466349676567503,0.6745814764821765,0
2026-09-01 15:45:00,N05,0.4835,0.3366,0.5891280081612145,-0.01611905709395889,0.01611905709395889,0.17619804353700147,0
2026-09-01 15:50:00,N05,0.5168,0.3158,0.605649964913728,0.016521956752513556,0.016521956752513556,0.6870386886995195,0
2026-09-01 15:55:00,N05,0.5235,0.2232,0.5690962045208173,-0.036553760392910695,0.036553760392910695,0.4431631888347364,0
2026-09-01 16:00:00,N05,0.5378,0.3306,0.6312885235769774,0.06219231905616007,0.06219231905616007,1.4797545906206913,0
2026-09-01 16:05:00,N05,0.4492,0.2878,0.5334880317307971,-0.09780049184618034,0.09780049184618034,1.5441285426113123,0
2026-09-01 16:10:00,N05,0.498,0.2933,0.57795232502344,0.0444642932926429,0.0444642932926429,0.16934172936938077,0
2026-09-01 16:15:00,N05,0.5167,0.3716,0.6364475233670095,0.05849519834356953,0.05849519834356953,1.639265163164246,0
2026-09-01 16:20:00,N05,0.5541,0.2344,0.6016395681801522,-0.03480795518685731,0.03480795518685731,0.5630416533952198,0
2026-09-01 16:25:00,N05,0.5311,0.3664,0.6452256736987455,0.04358610551859332,0.04358610551859332,1.910675871106899,0
2026-09-01 16:30:00,N05,0.5193,0.3545,0.6287628646795228,-0.0164628090192227,0.0164628090192227,1.4016640084963994,0
2026-09-01 16:35:00,N05,0.6006,0.3512,0.6957454994464571,0.06698263476693433,0.06698263476693433,3.4726930561798945,0
2026-09-01 16:40:00,N05,0.5125,0.3523,0.6219095915002437,-0.07383590794621342,0.07383590794621342,1.1897683750179193,0
2026-09-01 16:45:00,N05,0.5072,0.3012,0.589892600394343,-0.03201699110590073,0.03201699110590073,0.19983839047098098,0
2026-09-01 16:50:00,N05,0.4824,0.3782,0.6129804238309736,0.023087823436630628,0.023087823436630628,0.9136883778807587,0
2026-09-01 16:55:00,N05,0.4591,0.3766,0.5938016251240813,-0.01917879870689232,0.01917879870689232,0.32070111543798346,0
2026-09-01 17:00:00,N05,0.525,0.23,0.5731710041514662,-0.020630620972615143,0.020630620972615143,0.31717488712150504,0
2026-09-01 17:05:00,N05,0.5184,0.195,0.5538624016847505,-0.01930860246671562,0.01930860246671562,0.9141755383780821,0
2026-09-01 17:10:00,N05,0.5313,0.3443,0.6331051887324886,0.07924278704773802,0.07924278704773802,1.5359238697192097,0
2026-09-01 17:15:00,N05,0.4704,0.3062,0.5612794312995979,-0.07182575743289066,0.07182575743289066,0.684849178892139,0
2026-09-01 17:20:00,N05,0.5977,0.2747,0.6578034508878773,0.09652401958827939,0.09652401958827939,2.2995668426940856,0
2026-09-01 17:25:00,N05,0.4471,0.3741,0.5829658823636251,-0.07483756852425216,0.07483756852425216,0.01432807665358914,0
2026-09-01 17:30:00,N05,0.5981,0.3002,0.6692112147894713,0.0862453324258462,0.0862453324258462,2.6522822963564017,0
2026-09-01 17:35:00,N05,0.5506,0.3671,0.6617573346779013,-0.007453880111569999,0.007453880111569999,2.4218165602335184,0
2026-09-01 17:40:00,N05,0.4629,0.2757,0.5387827948255215,-0.12297453985237983,0.12297453985237983,1.3804203187122133,0
2026-09-01 17:45:00,N05,0.5615,0.3843,0.6804180626644181,0.14163526783889657,0.14163526783889657,2.998785648497487,0
2026-09-01 17:50:00,N05,0.5281,0.256,0.5868778493008575,-0.09354021336356055,0.09354021336356055,0.10662561811783743,0
2026-09-01 17:55:00,N05,0.5994,0.2735,0.6588494592848962,0.07197160998403873,0.07197160998403873,2.331908266435997,0
2026-09-01 18:00:00,N05,0.4832,0.3171,0.57795730811194,-0.08089215117295623,0.08089215117295623,0.16918765777953215,0
2026-09-01 18:05:00,N05,0.5777,0.3427,0.6716997692421816,0.09374246113024154,0.09374246113024154,2.7292256500515473,0
2026-09-01 18:10:00,N05,0.5207,0.3232,0.6128513114940687,-0.05884845774811287,0.05884845774811287,0.9096963670995343,0
2026-09-01 18:15:00,N05,0.5022,0.3279,0.5997693306597128,-0.013081980834355855,0.013081980834355855,0.505215975973383,0
2026-09-01 18:20:00,N05,0.3735,0.2852,0.4699375384027116,-0.12983179225700126,0.12983179225700126,3.509039569701162,0
2026-09-01 18:25:00,N05,0.5121,0.2424,0.5665722990051667,0.09663476060245513,0.09663476060245513,0.5211995583312281,0
2026-09-01 18:30:00,N05,0.5193,0.2898,0.5946902807344341,0.028117981729267383,0.028117981729267383,0.348177364899225,0
2026-09-01 18:35:00,N05,0.5878,0.3787,0.6992299550219513,0.1045396742875172,0.1045396742875172,3.58042857206876,0
2026-09-01 18:40:00,N05,0.4767,0.2925,0.5592844893254237,-0.13994546569652755,0.13994546569652755,0.746530580218521,0
2026-09-01 18:45:00,N05,0.4963,0.2774,0.5685634968937067,0.009279007568282926,0.009279007568282926,0.4596339199952453,0
2026-09-01 18:50:00,N05,0.5098,0.2621,0.5732298404654106,0.004666343571703924,0.004666343571703924,0.3153557333115433,0
2026-09-01 18:55:00,N05,0.4435,0.3311,0.5534613446303184,-0.019768495835092215,0.019768495835092215,0.9265757793121311,0
2026-09-01 19:00:00,N05,0.5315,0.2598,0.591598081470858,0.03813673684053964,0.03813673684053964,0.2525699807111538,0
2026-09-01 19:05:00,N05,0.5448,0.2684,0.6073266007676594,0.015728519296801413,0.015728519296801413,0.7388784165328844,0
2026-09-01 19:10:00,N05,0.5127,0.341,0.6157453126090364,0.008418711841376991,0.008418711841376991,0.9991756835519426,0
2026-09-01 19:15:00,N05,0.4983,0.3227,0.5936650402373379,-0.022080272371698517,0.022080272371698517,0.3164780616733117,0
2026-09-01 19:20:00,N05,0.4742,0.2902,0.5559511489330695,-0.03771389130426839,0.03771389130426839,0.84959378163487,0
2026-09-01 19:25:00,N05,0.4897,0.2627,0.5557133973551475,-0.00023775157792205182,0.00023775157792205182,0.8569447976963078,0
2026-09-01 19:30:00,N05,0.4912,0.2226,0.539284896877337,-0.016428500477810415,0.016428500477810415,1.3648958781190696,0
2026-09-01 19:35:00,N05,0.4754,0.2858,0.5546952316362562,0.015410334758919175,0.015410334758919175,0.8884253565981238,0
2026-09-01 19:40:00,N05,0.4872,0.2879,0.5659065735613963,0.011211341925140061,0.011211341925140061,0.5417830533912212,0
2026-09-01 19:45:00,N05,0.4969,0.324,0.593199468981556,0.02729289542015967,0.02729289542015967,0.3020831129250896,0
2026-09-01 19:50:00,N05,0.5437,0.2675,0.6059421919622365,0.012742722980680576,0.012742722980680576,0.6960740261132501,0
2026-09-01 19:55:00,N05,0.4398,0.2479,0.5048548801388375,-0.10108731182339903,0.10108731182339903,2.4294339487066003,0
2026-09-01 20:00:00,N05,0.4756,0.2824,0.5531230604485768,0.04826818030973934,0.04826818030973934,0.9370351523898889,0
2026-09-01 20:05:00,N05,0.4615,0.2352,0.5179780786867336,-0.03514498176184322,0.03514498176184322,2.0236791514255104,0
2026-09-01 20:10:00,N05,0.4772,0.3091,0.568561913954848,0.050583835268114385,0.050583835268114385,0.45968286271552483,0
2026-09-01 20:15:00,N05,0.5298,0.2721,0.5955891620907822,0.027027248135934157,0.027027248135934157,0.37596978312665774,0
2026-09-01 20:20:00,N05,0.4794,0.2537,0.5423910489674401,-0.053198113123342106,0.053198113123342106,1.2688570879533876,0
2026-09-01 20:25:00,N05,0.4984,0.2576,0.5610350434687659,0.01864399450132581,0.01864399450132581,0.6924053805601472,0
2026-09-01 20:30:00,N05,0.5287,0.2107,0.5691381027483575,0.008103059279591651,0.008103059279591651,0.44186774193892353,0
2026-09-01 20:35:00,N05,0.482,0.3151,0.5758576299746317,0.0067195272262742245,0.0067195272262742245,0.23410738553108987,0
2026-09-01 20:40:00,N05,0.5092,0.4347,0.6695138012020364,0.09365617122740466,0.09365617122740466,2.661637933859123,0
2026-09-01 20:45:00,N05,0.5175,0.2498,0.5746357890003023,-0.09487801220173409,0.09487801220173409,0.27188535825925875,0
2026-09-01 20:50:00,N05,0.4952,0.2112,0.5383572048370858,-0.0362785841632165,0.0362785841632165,1.3935790908554773,0
2026-09-01 20:55:00,N05,0.496,0.2583,0.559227046913863,0.020869842076777223,0.020869842076777223,0.7483066361071125,0
2026-09-01 21:00:00,N05,0.5458,0.2725,0.6100441705319378,0.05081712361807478,0.05081712361807478,0.8229026705878364,0
2026-09-01 21:05:00,N05,0.4942,0.2682,0.5622854079557819,-0.047758762576155966,0.047758762576155966,0.6537454923396812,0
2026-09-01 21:10:00,N05,0.5869,0.2839,0.6519592165158798,0.08967380856009799,0.08967380856009799,2.118869574096167,0
2026-09-01 21:15:00,N05,0.5916,0.3407,0.6826910355351095,0.03073181901922961,0.03073181901922961,3.0690634579055187,0
2026-09-01 21:20:00,N05,0.5241,0.3184,0.6132367976565007,-0.06945423787860872,0.06945423787860872,0.921615173259589,0
2026-09-01 21:25:00,N05,0.5197,0.2036,0.5581586244070766,-0.0550781732494241,0.0550781732494241,0.7813410793542713,0
2026-09-01 21:30:00,N05,0.4861,0.3423,0.5945271230145854,0.03636849860750879,0.03636849860750879,0.34313270849930744,0
2026-09-01 21:35:00,N05,0.4976,0.2297,0.5480582542029634,-0.046468868811622044,0.046468868811622044,1.093633364628806,0
2026-09-01 21:40:00,N05,0.4974,0.3852,0.6291150928089391,0.08105683860597568,0.08105683860597568,1.4125545130274693,0
2026-09-01 21:45:00,N05,0.5623,0.2969,0.6358701911553961,0.006755098346457045,0.006755098346457045,1.62141468916341,0
2026-09-01 21:50:00,N05,0.5476,0.2817,0.615808939525889,-0.020061251629507115,0.020061251629507115,1.0011429575099577,0
2026-09-01 21:55:00,N05,0.4148,0.2538,0.4862853894576723,-0.1295235500682167,0.1295235500682167,3.0035820803110873,0
2026-09-01 22:00:00,N05,0.5781,0.2863,0.6451103006463312,0.15882491118865893,0.15882491118865893,1.907108663819499,0
2026-09-01 22:05:00,N05,0.4878,0.285,0.5649547238496196,-0.08015557679671159,0.08015557679671159,0.5712131946357056,0
2026-09-01 22:10:00,N05,0.5952,0.3813,0.7068611815625468,0.1419064577129272,0.1419064577129272,3.816377663800046,0
2026-09-01 22:15:00,N05,0.6109,0.292,0.677098818489591,-0.029762363072955877,0.029762363072955877,2.8961582865500204,0
2026-09-01 22:20:00,N05,0.5148,0.2242,0.5615021638426695,-0.11559665464692148,0.11559665464692148,0.6779625347914595,0
2026-09-01 22:25:00,N05,0.5738,0.2416,0.6225889494682667,0.06108678562559722,0.06108678562559722,1.2107733726631507,0
2026-09-01 22:30:00,N05,0.5108,0.2451,0.5665603674808185,-0.0560285819874482,0.0560285819874482,0.5215684678791167,0
2026-09-01 22:35:00,N05,0.4706,0.2581,0.5367308170768659,-0.02982955040395263,0.02982955040395263,1.4438652031580521,0
2026-09-01 22:40:00,N05,0.4696,0.273,0.5431879601022099,0.006457143025344059,0.006457143025344059,1.244217476294732,0
2026-09-01 22:45:00,N05,0.4726,0.3417,0.5831892060043636,0.040001245902153704,0.040001245902153704,0.007423156466242102,0
2026-09-01 22:50:00,N05,0.4448,0.311,0.5427412274740145,-0.040447978530349094,0.040447978530349094,1.2580299554956451,0
2026-09-01 22:55:00,N05,0.5609,0.2743,0.6243791316179617,0.08163790414394712,0.08163790414394712,1.2661238264869368,0
2026-09-01 23:00:00,N05,0.4641,0.2885,0.5464623134306702,-0.07791681818729146,0.07791681818729146,1.1429780897101975,0
2026-09-01 23:05:00,N05,0.559,0.3097,0.6390579707663461,0.09259565733567587,0.09259565733567587,1.7199773120710058,0
2026-09-01 23:10:00,N05,0.4734,0.3242,0.5737710344728113,-0.06528693629353477,0.06528693629353477,0.29862261265035955,0
2026-09-01 23:15:00,N05,0.4449,0.3341,0.5563801038858237,-0.017390930586987596,0.017390930586987596,0.8363309685133388,0
2026-09-01 23:20:00,N05,0.5204,0.2846,0.5931385335653047,0.03675842967948095,0.03675842967948095,0.3001990571914174,0
2026-09-01 23:25:00,N05,0.4581,0.2557,0.5246313944094463,-0.06850713915585838,0.06850713915585838,1.8179659815406304,0
2026-09-01 23:30:00,N05,0.5267,0.3614,0.6387666631877402,0.11413526877829394,0.11413526877829394,1.710970403650603,0
2026-09-01 23:35:00,N05,0.4681,0.3229,0.5686668796404447,-0.07009978354729551,0.07009978354729551,0.45643743970944,0
2026-09-01 23:40:00,N05,0.3956,0.2708,0.4794079682274795,-0.08925891141296521,0.08925891141296521,3.2162243448389622,0
2026-09-01 23:45:00,N05,0.4984,0.2545,0.5596184503748961,0.0802104821474166,0.0802104821474166,0.7362048736132389,0
2026-09-01 23:50:00,N05,0.4532,0.2666,0.525800152149084,-0.03381829822581206,0.03381829822581206,1.7818292837693808,0
2026-09-01 23:55:00,N05,0.5146,0.2906,0.5909835192287514,0.06518336707966732,0.06518336707966732,0.23356839530859397,0
