timestamp,node_id,tilt_x,tilt_y,tilt_magnitude,tilt_change,abs_tilt_change,anomaly_score,anomaly,risk_level,risk_color
2026-09-01 00:00:00,N01,0.5248,0.2931,0.6011011978028326,0.0,0.0,0.5798336352143539,0,NORMAL,GREEN
2026-09-01 00:05:00,N01,0.5324,0.3762,0.6519019864979704,0.0508007886951378,0.0508007886951378,2.11863855756176,0,NORMAL,GREEN
2026-09-01 00:10:00,N01,0.4883,0.2883,0.5670571223430669,-0.0848448641549034,0.0848448641549034,0.4513942697033484,0,NORMAL,GREEN
2026-09-01 00:15:00,N01,0.579,0.3384,0.6706381736823516,0.1035810513392846,0.1035810513392846,2.6861757514893743,0,NORMAL,GREEN
2026-09-01 00:20:00,N01,0.4765,0.3271,0.5779676980593292,-0.0926704756230223,0.0926704756230223,0.1209024004022046,0,NORMAL,GREEN
2026-09-01 00:25:00,N01,0.4768,0.2767,0.5512722829963429,-0.0266954150629863,0.0266954150629863,0.9295322889960834,0,NORMAL,GREEN
2026-09-01 00:30:00,N01,0.5121,0.2043,0.5513482565493428,7.597355299993058e-05,7.597355299993058e-05,0.927230976746266,0,NORMAL,GREEN
2026-09-01 00:35:00,N01,0.4138,0.2719,0.4951363953498066,-0.0562118611995362,0.0562118611995362,2.6299425080031504,0,NORMAL,GREEN
2026-09-01 00:40:00,N01,0.4494,0.3157,0.5492056536489769,0.0540692582991703,0.0540692582991703,0.9921324866323614,0,NORMAL,GREEN
2026-09-01 00:45:00,N01,0.4546,0.2294,0.5092008640998167,-0.0400047895491602,0.0400047895491602,2.2039161745815155,0,NORMAL,GREEN
2026-09-01 00:50:00,N01,0.5733,0.2887,0.6418882924621698,0.1326874283623531,0.1326874283623531,1.8153141000293604,0,NORMAL,GREEN
2026-09-01 00:55:00,N01,0.5034,0.2288,0.5529565986585204,-0.0889316938036494,0.0889316938036494,0.878512741892208,0,NORMAL,GREEN
2026-09-01 01:00:00,N01,0.4728,0.3055,0.5629121512278803,0.0099555525693598,0.0099555525693598,0.5769494454962685,0,NORMAL,GREEN
2026-09-01 01:05:00,N01,0.4425,0.3188,0.5453803168432099,-0.0175318343846704,0.0175318343846704,1.108005630682867,0,NORMAL,GREEN
2026-09-01 01:10:00,N01,0.47,0.2854,0.5498664928871371,0.0044861760439272,0.0044861760439272,0.9721150282684023,0,NORMAL,GREEN
2026-09-01 01:15:00,N01,0.4699,0.3926,0.6123240726935371,0.0624575798063999,0.0624575798063999,0.9197853479395957,0,NORMAL,GREEN
2026-09-01 01:20:00,N01,0.4993,0.2471,0.5570986447658978,-0.0552254279276392,0.0552254279276392,0.7530461674090404,0,NORMAL,GREEN
2026-09-01 01:25:00,N01,0.5411,0.239,0.5915320870417766,0.0344334422758788,0.0344334422758788,0.2899760341844364,0,NORMAL,GREEN
2026-09-01 01:30:00,N01,0.5104,0.202,0.5489190832900601,-0.0426130037517165,0.0426130037517165,1.0008129794008171,0,NORMAL,GREEN
2026-09-01 01:35:00,N01,0.4336,0.3098,0.532902430093915,-0.016016653196145,0.016016653196145,1.485972863938561,0,NORMAL,GREEN
2026-09-01 01:40:00,N01,0.5369,0.3086,0.6192701914350472,0.0863677613411322,0.0863677613411322,1.130189988993298,0,NORMAL,GREEN
2026-09-01 01:45:00,N01,0.4942,0.2849,0.5704398741322348,-0.0488303173028124,0.0488303173028124,0.3489274529873848,0,NORMAL,GREEN
2026-09-01 01:50:00,N01,0.4261,0.264,0.501255633384803,-0.0691842407474319,0.0691842407474319,2.444584881652576,0,NORMAL,GREEN
2026-09-01 01:55:00,N01,0.477,0.3529,0.593352686013976,0.092097052629173,0.092097052629173,0.3451237342891218,0,NORMAL,GREEN
2026-09-01 02:00:00,N01,0.5172,0.2118,0.5588873589552729,-0.034465327058703,0.034465327058703,0.6988642881511995,0,NORMAL,GREEN
2026-09-01 02:05:00,N01,0.5162,0.2807,0.5875839769769083,0.0286966180216354,0.0286966180216354,0.1703839696153655,0,NORMAL,GREEN
2026-09-01 02:10:00,N01,0.4662,0.3306,0.5715232278744233,-0.016060749102485,0.016060749102485,0.3161116224866532,0,NORMAL,GREEN
2026-09-01 02:15:00,N01,0.5515,0.3466,0.6513707162591822,0.0798474883847588,0.0798474883847588,2.102545869248396,0,NORMAL,GREEN
2026-09-01 02:20:00,N01,0.458,0.2845,0.5391699639260332,-0.1122007523331489,0.1122007523331489,1.296123214758499,0,NORMAL,GREEN
2026-09-01 02:25:00,N01,0.5166,0.3488,0.623327361825229,0.0841573978991957,0.0841573978991957,1.2530855960808178,0,NORMAL,GREEN
2026-09-01 02:30:00,N01,0.476,0.2907,0.5577476938544883,-0.0655796679707406,0.0655796679707406,0.7333858440553637,0,NORMAL,GREEN
2026-09-01 02:35:00,N01,0.4447,0.2402,0.5054247026016833,-0.052322991252805,0.052322991252805,2.318299751099937,0,NORMAL,GREEN
2026-09-01 02:40:00,N01,0.5406,0.3678,0.653854112168762,0.1484294095670787,0.1484294095670787,2.1777703283159884,0,NORMAL,GREEN
2026-09-01 02:45:00,N01,0.4964,0.3502,0.6074973250969917,-0.0463567870717702,0.0463567870717702,0.7735785044776682,0,NORMAL,GREEN
2026-09-01 02:50:00,N01,0.5181,0.2677,0.5831731303823934,-0.0243241947145983,0.0243241947145983,0.0367751689313606,0,NORMAL,GREEN
2026-09-01 02:55:00,N01,0.5181,0.3769,0.6406880832355164,0.057514952853123,0.057514952853123,1.7789586041156162,0,NORMAL,GREEN
2026-09-01 03:00:00,N01,0.4982,0.3782,0.6254905914560186,-0.0151974917794978,0.0151974917794978,1.3186119095403064,0,NORMAL,GREEN
2026-09-01 03:05:00,N01,0.369,0.3411,0.5025039402830589,-0.1229866511729597,0.1229866511729597,2.40677246084226,0,NORMAL,GREEN
2026-09-01 03:10:00,N01,0.5044,0.285,0.5793482199851829,0.076844279702124,0.076844279702124,0.0790850587923979,0,NORMAL,GREEN
2026-09-01 03:15:00,N01,0.5046,0.2006,0.5430115284227399,-0.036336691562443,0.036336691562443,1.179758518286511,0,NORMAL,GREEN
2026-09-01 03:20:00,N01,0.489,0.3179,0.5832507265319092,0.0402391981091693,0.0402391981091693,0.039125631195771,0,NORMAL,GREEN
2026-09-01 03:25:00,N01,0.5739,0.2741,0.6359968710614856,0.0527461445295763,0.0527461445295763,1.636857259420045,0,NORMAL,GREEN
2026-09-01 03:30:00,N01,0.4596,0.2749,0.5355391395593789,-0.1004577315021066,0.1004577315021066,1.406104389285446,0,NORMAL,GREEN
2026-09-01 03:35:00,N01,0.5458,0.3164,0.6308776426534705,0.0953385030940915,0.0953385030940915,1.4817908898770786,0,NORMAL,GREEN
2026-09-01 03:40:00,N01,0.4735,0.3257,0.5747023055460975,-0.0561753371073729,0.0561753371073729,0.2198142913752347,0,NORMAL,GREEN
2026-09-01 03:45:00,N01,0.5049,0.3484,0.6134383180076054,0.0387360124615079,0.0387360124615079,0.9535369139690224,0,NORMAL,GREEN
2026-09-01 03:50:00,N01,0.4649,0.2836,0.5445741180041519,-0.0688642000034535,0.0688642000034535,1.1324261716586788,0,NORMAL,GREEN
2026-09-01 03:55:00,N01,0.4804,0.2268,0.5312460823384959,-0.0133280356656559,0.0133280356656559,1.536145236152183,0,NORMAL,GREEN
2026-09-01 04:00:00,N01,0.5148,0.3131,0.6025368453464071,0.0712907630079111,0.0712907630079111,0.6233207849920079,0,NORMAL,GREEN
2026-09-01 04:05:00,N01,0.5003,0.2883,0.577422704783939,-0.025114140562468,0.025114140562468,0.1374107727396804,0,NORMAL,GREEN
2026-09-01 04:10:00,N01,0.4292,0.279,0.511911750207006,-0.065510954576933,0.065510954576933,2.121800817855463,0,NORMAL,GREEN
2026-09-01 04:15:00,N01,0.4829,0.2599,0.5483980488659674,0.0364862986589614,0.0364862986589614,1.0165956150074766,0,NORMAL,GREEN
2026-09-01 04:20:00,N01,0.4919,0.3202,0.5869358142079932,0.0385377653420258,0.0385377653420258,0.1507504937401307,0,NORMAL,GREEN
2026-09-01 04:25:00,N01,0.5943,0.3087,0.6696926011238291,0.0827567869158358,0.0827567869158358,2.6575334460278794,0,NORMAL,GREEN
2026-09-01 04:30:00,N01,0.5129,0.2963,0.5923344494455813,-0.0773581516782477,0.0773581516782477,0.314280365833511,0,NORMAL,GREEN
2026-09-01 04:35:00,N01,0.4041,0.2987,0.5025121889068961,-0.0898222605386852,0.0898222605386852,2.406522602064684,0,NORMAL,GREEN
2026-09-01 04:40:00,N01,0.503,0.4232,0.6573486441759806,0.1548364552690845,0.1548364552690845,2.283623075726645,0,WARNING,YELLOW
2026-09-01 04:45:00,N01,0.4904,0.3151,0.5829066563353004,-0.0744419878406802,0.0744419878406802,0.0287034128449475,0,NORMAL,GREEN
2026-09-01 04:50:00,N01,0.4983,0.2416,0.5537810487909459,-0.0291256075443544,0.0291256075443544,0.8535393516241994,0,NORMAL,GREEN
2026-09-01 04:55:00,N01,0.5571,0.3376,0.6514093720541638,0.0976283232632179,0.0976283232632179,2.103716790588849,0,NORMAL,GREEN
2026-09-01 05:00:00,N01,0.5396,0.2545,0.5966057408372801,-0.0548036312168837,0.0548036312168837,0.4436619047259433,0,NORMAL,GREEN
2026-09-01 05:05:00,N01,0.5701,0.2299,0.6147097038440178,0.0181039630067376,0.0181039630067376,0.99204841809182,0,NORMAL,GREEN
2026-09-01 05:10:00,N01,0.5293,0.4095,0.6692150177633494,0.0545053139193315,0.0545053139193315,2.643066985076894,0,NORMAL,GREEN
2026-09-01 05:15:00,N01,0.4505,0.2717,0.5260904294890756,-0.1431245882742737,0.1431245882742737,1.6923149371820756,0,NORMAL,GREEN
2026-09-01 05:20:00,N01,0.505,0.2748,0.5749261169924358,0.0488356875033602,0.0488356875033602,0.213034826643498,0,NORMAL,GREEN
2026-09-01 05:25:00,N01,0.4225,0.3034,0.5201517182515117,-0.054774398740924,0.054774398740924,1.8722042325944863,0,NORMAL,GREEN
2026-09-01 05:30:00,N01,0.4469,0.3237,0.55181636438221,0.0316646461306983,0.0316646461306983,0.9130515386724158,0,NORMAL,GREEN
2026-09-01 05:35:00,N01,0.454,0.3775,0.5904424188691053,0.0386260544868952,0.0386260544868952,0.2569689334897103,0,NORMAL,GREEN
2026-09-01 05:40:00,N01,0.4608,0.2839,0.5412354847938188,-0.0492069340752865,0.0492069340752865,1.233556594038614,0,NORMAL,GREEN
2026-09-01 05:45:00,N01,0.5407,0.2385,0.5909642459574014,0.0497287611635826,0.0497287611635826,0.2727755796601675,0,NORMAL,GREEN
2026-09-01 05:50:00,N01,0.5114,0.3654,0.6285277400401672,0.0375634940827658,0.0375634940827658,1.4106100716010392,0,NORMAL,GREEN
2026-09-01 05:55:00,N01,0.4196,0.3092,0.521218572194046,-0.1073091678461212,0.1073091678461212,1.8398881969508396,0,NORMAL,GREEN
2026-09-01 06:00:00,N01,0.513,0.3391,0.6149453715575067,0.0937267993634607,0.0937267993634607,0.9991870205991829,0,NORMAL,GREEN
2026-09-01 06:05:00,N01,0.4382,0.234,0.4967647733082529,-0.1181805982492538,0.1181805982492538,2.5806173679362,0,NORMAL,GREEN
2026-09-01 06:10:00,N01,0.5261,0.3148,0.6130907355359401,0.1163259622276871,0.1163259622276871,0.9430083054167012,0,NORMAL,GREEN
2026-09-01 06:15:00,N01,0.5125,0.3173,0.6027732077655742,-0.0103175277703658,0.0103175277703658,0.6304804308048915,0,NORMAL,GREEN
2026-09-01 06:20:00,N01,0.466,0.3116,0.5605805562093641,-0.0421926515562101,0.0421926515562101,0.6475757090557717,0,NORMAL,GREEN
2026-09-01 06:25:00,N01,0.5147,0.2643,0.5785936225020114,0.0180130662926473,0.0180130662926473,0.1019425448929325,0,NORMAL,GREEN
2026-09-01 06:30:00,N01,0.5933,0.3237,0.6758598819281997,0.0972662594261882,0.0972662594261882,2.844346334233539,0,NORMAL,GREEN
2026-09-01 06:35:00,N01,0.4404,0.3328,0.552003623176515,-0.1238562587516847,0.1238562587516847,0.9073792890512828,0,NORMAL,GREEN
2026-09-01 06:40:00,N01,0.4513,0.3394,0.5646804848761819,0.0126768616996669,0.0126768616996669,0.5233849124987806,0,NORMAL,GREEN
2026-09-01 06:45:00,N01,0.5579,0.259,0.61508813189656,0.050407647020378,0.050407647020378,1.0035113690609647,0,NORMAL,GREEN
2026-09-01 06:50:00,N01,0.5482,0.3206,0.635065036039617,0.0199769041430569,0.0199769041430569,1.6086310772032235,0,NORMAL,GREEN
2026-09-01 06:55:00,N01,0.5411,0.3948,0.6698180723151623,0.0347530362755453,0.0347530362755453,2.661334089517787,0,NORMAL,GREEN
2026-09-01 07:00:00,N01,0.4877,0.2623,0.553762205283098,-0.1160558670320642,0.1160558670320642,0.8541101396646095,0,NORMAL,GREEN
2026-09-01 07:05:00,N01,0.4555,0.2592,0.5240848118386947,-0.0296773934444033,0.0296773934444033,1.7530670316283636,0,NORMAL,GREEN
2026-09-01 07:10:00,N01,0.4961,0.3171,0.5887848673327126,0.0647000554940179,0.0647000554940179,0.206760097588513,0,NORMAL,GREEN
2026-09-01 07:15:00,N01,0.5138,0.3414,0.6168828089677973,0.0280979416350847,0.0280979416350847,1.05787386976577,0,NORMAL,GREEN
2026-09-01 07:20:00,N01,0.5007,0.3727,0.6241840914345703,0.0073012824667729,0.0073012824667729,1.279036762860664,0,NORMAL,GREEN
2026-09-01 07:25:00,N01,0.4868,0.436,0.653506113207826,0.0293220217732557,0.0293220217732557,2.167229103901666,0,NORMAL,GREEN
2026-09-01 07:30:00,N01,0.5313,0.2571,0.5902373251498079,-0.0632687880580181,0.0632687880580181,0.2507564467763367,0,NORMAL,GREEN
2026-09-01 07:35:00,N01,0.4465,0.3241,0.5517273420812132,-0.0385099830685946,0.0385099830685946,0.9157481100936729,0,NORMAL,GREEN
2026-09-01 07:40:00,N01,0.4888,0.3357,0.592975488532199,0.0412481464509857,0.0412481464509857,0.3336980584961975,0,NORMAL,GREEN
2026-09-01 07:45:00,N01,0.5237,0.2964,0.6017596280908184,0.0087841395586194,0.0087841395586194,0.5997781241524206,0,NORMAL,GREEN
2026-09-01 07:50:00,N01,0.4577,0.2243,0.5097055816841718,-0.0920540464066466,0.0920540464066466,2.1886277917994725,0,NORMAL,GREEN
2026-09-01 07:55:00,N01,0.4777,0.3428,0.5879703478917964,0.0782647662076245,0.0782647662076245,0.1820875175513932,0,NORMAL,GREEN
2026-09-01 08:00:00,N01,0.5107,0.2377,0.5633078909441976,-0.0246624569475987,0.0246624569475987,0.564962107522207,0,NORMAL,GREEN
2026-09-01 08:05:00,N01,0.5087,0.3193,0.6006065101212275,0.0372986191770298,0.0372986191770298,0.5648490678674417,0,NORMAL,GREEN
2026-09-01 08:10:00,N01,0.4558,0.3077,0.5499390238926494,-0.050667486228578,0.050667486228578,0.969917994104722,0,NORMAL,GREEN
2026-09-01 08:15:00,N01,0.5029,0.2429,0.558487976593946,0.0085489527012966,0.0085489527012966,0.7109619653584694,0,NORMAL,GREEN
2026-09-01 08:20:00,N01,0.5179,0.328,0.6130288818644681,0.0545409052705221,0.0545409052705221,0.9411346980068348,0,NORMAL,GREEN
2026-09-01 08:25:00,N01,0.5542,0.3527,0.6569131830006154,0.0438843011361472,0.0438843011361472,2.270432536418989,0,NORMAL,GREEN
2026-09-01 08:30:00,N01,0.4311,0.2531,0.4999068113158691,-0.1570063716847463,0.1570063716847463,2.4854420039996707,0,WARNING,YELLOW
2026-09-01 08:35:00,N01,0.5258,0.3257,0.6185031366129036,0.1185963252970344,0.1185963252970344,1.10695515807151,0,NORMAL,GREEN
2026-09-01 08:40:00,N01,0.5258,0.4926,0.7205001040943714,0.1019969674814678,0.1019969674814678,4.196541750257885,0,NORMAL,GREEN
2026-09-01 08:45:00,N01,0.5285,0.3568,0.637666441017559,-0.0828336630768123,0.0828336630768123,1.6874301448535136,0,NORMAL,GREEN
2026-09-01 08:50:00,N01,0.5477,0.3326,0.6407792521609919,0.0031128111434328,0.0031128111434328,1.7817201988642462,0,NORMAL,GREEN
2026-09-01 08:55:00,N01,0.4842,0.3379,0.5904456367863176,-0.0503336153746742,0.0503336153746742,0.2570664073079936,0,NORMAL,GREEN
2026-09-01 09:00:00,N01,0.4614,0.2882,0.5440121322176557,-0.0464335045686619,0.0464335045686619,1.1494492635586766,0,NORMAL,GREEN
2026-09-01 09:05:00,N01,0.4757,0.3041,0.5645948104614494,0.0205826782437937,0.0205826782437937,0.5259800732137211,0,NORMAL,GREEN
2026-09-01 09:10:00,N01,0.6157,0.2066,0.6494382572654618,0.0848434468040123,0.0848434468040123,2.0440098211248734,0,NORMAL,GREEN
2026-09-01 09:15:00,N01,0.5343,0.2194,0.5775922869983635,-0.0718459702670982,0.0718459702670982,0.1322739637845072,0,NORMAL,GREEN
2026-09-01 09:20:00,N01,0.4764,0.3544,0.5937645324537328,0.0161722454553693,0.0161722454553693,0.3575989604623292,0,NORMAL,GREEN
2026-09-01 09:25:00,N01,0.5032,0.2461,0.5601566298813216,-0.0336079025724112,0.0336079025724112,0.6604168467046211,0,NORMAL,GREEN
2026-09-01 09:30:00,N01,0.4642,0.334,0.571872048626264,0.0117154187449423,0.0117154187449423,0.3055455052326382,0,NORMAL,GREEN
2026-09-01 09:35:00,N01,0.4635,0.3108,0.5580581421321618,-0.0138139064941021,0.0138139064941021,0.723982066080871,0,NORMAL,GREEN
2026-09-01 09:40:00,N01,0.5023,0.2674,0.569041342962003,0.0109832008298412,0.0109832008298412,0.3912903119918743,0,NORMAL,GREEN
2026-09-01 09:45:00,N01,0.6072,0.3317,0.691893582857942,0.1228522398959389,0.1228522398959389,3.3300226110763647,0,NORMAL,GREEN
2026-09-01 09:50:00,N01,0.3987,0.3093,0.5046069559568119,-0.18728662690113,0.18728662690113,2.343070086259744,0,WARNING,YELLOW
2026-09-01 09:55:00,N01,0.4669,0.3426,0.5791117077041354,0.0745047517473235,0.0745047517473235,0.0862492440662835,0,NORMAL,GREEN
2026-09-01 10:00:00,N01,0.4604,0.2943,0.5464253379923006,-0.0326863697118348,0.0326863697118348,1.076350931425571,0,NORMAL,GREEN
2026-09-01 10:05:00,N01,0.5252,0.3433,0.627447153153156,0.0810218151608553,0.0810218151608553,1.3778780518141889,0,NORMAL,GREEN
2026-09-01 10:10:00,N01,0.44,0.2833,0.5233152873746381,-0.1041318657785179,0.1041318657785179,1.7763766703873864,0,NORMAL,GREEN
2026-09-01 10:15:00,N01,0.4763,0.2673,0.5461785239278454,0.0228632365532073,0.0228632365532073,1.0838271676621292,0,NORMAL,GREEN
2026-09-01 10:20:00,N01,0.5883,0.3202,0.6697946924244772,0.1236161684966318,0.1236161684966318,2.660625890062733,0,NORMAL,GREEN
2026-09-01 10:25:00,N01,0.437,0.3459,0.5573291756224502,-0.1124655168020269,0.1124655168020269,0.7460631652563628,0,NORMAL,GREEN
2026-09-01 10:30:00,N01,0.6061,0.3516,0.7006994862278694,0.1433703106054191,0.1433703106054191,3.596761923583472,0,NORMAL,GREEN
2026-09-01 10:35:00,N01,0.424,0.2758,0.5058079082023135,-0.1948915780255559,0.1948915780255559,2.3066920835879303,0,WARNING,YELLOW
2026-09-01 10:40:00,N01,0.5633,0.2646,0.6223504237967545,0.116542515594441,0.116542515594441,1.2234932002606185,0,NORMAL,GREEN
2026-09-01 10:45:00,N01,0.5222,0.3387,0.6224231117174233,7.268792066872365e-05,7.268792066872365e-05,1.2256949875358412,0,NORMAL,GREEN
2026-09-01 10:50:00,N01,0.4537,0.297,0.5422662537905157,-0.0801568579269075,0.0801568579269075,1.2023336062334622,0,NORMAL,GREEN
2026-09-01 10:55:00,N01,0.3379,0.2488,0.419616312838288,-0.1226499409522277,0.1226499409522277,4.917518699038344,0,NORMAL,GREEN
2026-09-01 11:00:00,N01,0.4874,0.2376,0.5422292135250553,0.1226129006867672,0.1226129006867672,1.203455591625415,0,NORMAL,GREEN
2026-09-01 11:05:00,N01,0.5816,0.2285,0.6248766358250243,0.082647422299969,0.082647422299969,1.3000146008893212,0,NORMAL,GREEN
2026-09-01 11:10:00,N01,0.478,0.3065,0.567825897612992,-0.0570507382120323,0.0570507382120323,0.4281073247576923,0,NORMAL,GREEN
2026-09-01 11:15:00,N01,0.5721,0.2282,0.6159331538405771,0.0481072562275851,0.0481072562275851,1.0291078993579363,0,NORMAL,GREEN
2026-09-01 11:20:00,N01,0.5582,0.3005,0.6339459677291117,0.0180128138885345,0.0180128138885345,1.5747334179565815,0,NORMAL,GREEN
2026-09-01 11:25:00,N01,0.4509,0.3231,0.5547111140043978,-0.0792348537247139,0.0792348537247139,0.8253667786125372,0,NORMAL,GREEN
2026-09-01 11:30:00,N01,0.51,0.27,0.5770615218501404,0.0223504078457426,0.0223504078457426,0.1483513524171446,0,NORMAL,GREEN
2026-09-01 11:35:00,N01,0.5035,0.2807,0.5764587929765664,-0.0006027288735739,0.0006027288735739,0.1666085917498333,0,NORMAL,GREEN
2026-09-01 11:40:00,N01,0.5057,0.3331,0.6055477685533983,0.0290889755768318,0.0290889755768318,0.7145245550659878,0,NORMAL,GREEN
2026-09-01 11:45:00,N01,0.5793,0.2381,0.6263226804132196,0.0207749118598212,0.0207749118598212,1.343816687183736,0,NORMAL,GREEN
2026-09-01 11:50:00,N01,0.6067,0.2024,0.6395706763134158,0.0132479959001962,0.0132479959001962,1.7451112699273177,0,NORMAL,GREEN
2026-09-01 11:55:00,N01,0.4924,0.3294,0.5924205600753573,-0.0471501162380585,0.0471501162380585,0.3168887399231501,0,NORMAL,GREEN
2026-09-01 12:00:00,N01,0.514,0.2689,0.5800889673144973,-0.0123315927608599,0.0123315927608599,0.0566471072203235,0,NORMAL,GREEN
2026-09-01 12:05:00,N01,0.4896,0.2753,0.5616923090091229,-0.0183966583053744,0.0183966583053744,0.6138996436905474,0,NORMAL,GREEN
2026-09-01 12:10:00,N01,0.4705,0.3425,0.5819591910091291,0.0202668820000061,0.0202668820000061,3.773624475819392e-06,0,NORMAL,GREEN
2026-09-01 12:15:00,N01,0.5179,0.2654,0.5819429267548494,-1.6264254279696466e-05,1.6264254279696466e-05,0.0004888863358665,0,NORMAL,GREEN
2026-09-01 12:20:00,N01,0.545,0.3154,0.6296841748051162,0.0477412480502668,0.0477412480502668,1.445639596818774,0,NORMAL,GREEN
2026-09-01 12:25:00,N01,0.5406,0.3315,0.6341455747697053,0.0044613999645891,0.0044613999645891,1.5807797078762904,0,NORMAL,GREEN
2026-09-01 12:30:00,N01,0.4586,0.272,0.5331959864815188,-0.1009495882881865,0.1009495882881865,1.4770807576182825,0,NORMAL,GREEN
2026-09-01 12:35:00,N01,0.5374,0.3305,0.6308954033752346,0.0976994168937158,0.0976994168937158,1.482328879281912,0,NORMAL,GREEN
2026-09-01 12:40:00,N01,0.499,0.3059,0.5852997608063752,-0.0455956425688593,0.0455956425688593,0.1011928570911954,0,NORMAL,GREEN
2026-09-01 12:45:00,N01,0.5639,0.2704,0.6253793808561328,0.0400796200497575,0.0400796200497575,1.3152432331296209,0,NORMAL,GREEN
2026-09-01 12:50:00,N01,0.5274,0.2899,0.6018245342290393,-0.0235548466270935,0.0235548466270935,0.6017441937263438,0,NORMAL,GREEN
2026-09-01 12:55:00,N01,0.4891,0.3549,0.604295308603335,0.0024707743742957,0.0024707743742957,0.6765863343079144,0,NORMAL,GREEN
2026-09-01 13:00:00,N01,0.5413,0.3407,0.639595325186168,0.0353000165828329,0.0353000165828329,1.7458579080740018,0,NORMAL,GREEN
2026-09-01 13:05:00,N01,0.5653,0.3011,0.6404883293238058,0.0008930041376378,0.0008930041376378,1.772907865328016,0,NORMAL,GREEN
2026-09-01 13:10:00,N01,0.5341,0.2845,0.605147139132294,-0.0353411901915118,0.0353411901915118,0.7023891032144006,0,NORMAL,GREEN
2026-09-01 13:15:00,N01,0.5162,0.2935,0.5938052626913978,-0.0113418764408962,0.0113418764408962,0.3588327186739054,0,NORMAL,GREEN
2026-09-01 13:20:00,N01,0.5048,0.3298,0.6029851407787757,0.0091798780873779,0.0091798780873779,0.6369000863318868,0,NORMAL,GREEN
2026-09-01 13:25:00,N01,0.4591,0.4046,0.6119427832730769,0.0089576424943011,0.0089576424943011,0.9082357233744328,0,NORMAL,GREEN
2026-09-01 13:30:00,N01,0.4497,0.2393,0.5094061051852442,-0.1025366780878327,0.1025366780878327,2.197699224005824,0,NORMAL,GREEN
2026-09-01 13:35:00,N01,0.5579,0.3396,0.6531313573853271,0.1437252522000829,0.1437252522000829,2.1558773883249573,0,NORMAL,GREEN
2026-09-01 13:40:00,N01,0.5312,0.3314,0.626098554542334,-0.0270328028429931,0.0270328028429931,1.3370276982289804,0,NORMAL,GREEN
2026-09-01 13:45:00,N01,0.4994,0.2551,0.5607819273122129,-0.0653166272301211,0.0653166272301211,0.6414759839876861,0,NORMAL,GREEN
2026-09-01 13:50:00,N01,0.5038,0.2661,0.569757536150247,0.0089756088380341,0.0089756088380341,0.3695961290524067,0,NORMAL,GREEN
2026-09-01 13:55:00,N01,0.5488,0.2926,0.6219294172170987,0.0521718810668516,0.0521718810668516,1.2107405046085324,0,NORMAL,GREEN
2026-09-01 14:00:00,N01,0.4587,0.2839,0.5394487000633147,-0.082480717153784,0.082480717153784,1.287680028124944,0,NORMAL,GREEN
2026-09-01 14:05:00,N01,0.5206,0.2718,0.587281533848971,0.0478328337856562,0.0478328337856562,0.1612226753529259,0,NORMAL,GREEN
2026-09-01 14:10:00,N01,0.4589,0.3122,0.5550297739761354,-0.0322517598728355,0.0322517598728355,0.8157142604989377,0,NORMAL,GREEN
2026-09-01 14:15:00,N01,0.5122,0.2747,0.5812133257247291,0.0261835517485936,0.0261835517485936,0.0225892057469771,0,NORMAL,GREEN
2026-09-01 14:20:00,N01,0.4764,0.3116,0.5692552327383561,-0.0119580929863729,0.0119580929863729,0.3848113842203577,0,NORMAL,GREEN
2026-09-01 14:25:00,N01,0.4276,0.2296,0.4853430951399226,-0.0839121375984335,0.0839121375984335,2.9265910238250665,0,NORMAL,GREEN
2026-09-01 14:30:00,N01,0.4641,0.2893,0.5468850884783749,0.0615419933384523,0.0615419933384523,1.0624246454525657,0,NORMAL,GREEN
2026-09-01 14:35:00,N01,0.5155,0.3738,0.6367626637924054,0.0898775753140305,0.0898775753140305,1.6600538603804955,0,NORMAL,GREEN
2026-09-01 14:40:00,N01,0.5429,0.292,0.6164449772688557,-0.0203176865235497,0.0203176865235497,1.044611525010961,0,NORMAL,GREEN
2026-09-01 14:45:00,N01,0.499,0.2499,0.5580779605037275,-0.0583670167651282,0.0583670167651282,0.7233817484775112,0,NORMAL,GREEN
2026-09-01 14:50:00,N01,0.4991,0.2856,0.5750375379051353,0.0169595774014078,0.0169595774014078,0.2096597796546916,0,NORMAL,GREEN
2026-09-01 14:55:00,N01,0.5161,0.2586,0.5772635186810267,0.0022259807758913,0.0022259807758913,0.1422326734428526,0,NORMAL,GREEN
2026-09-01 15:00:00,N01,0.526,0.3766,0.6469185110970315,0.0696549924160048,0.0696549924160048,1.967684277631536,0,NORMAL,GREEN
2026-09-01 15:05:00,N01,0.4946,0.3201,0.5891461363702557,-0.0577723747267757,0.0577723747267757,0.2177032854315042,0,NORMAL,GREEN
2026-09-01 15:10:00,N01,0.5345,0.2799,0.6033525171904066,0.0142063808201509,0.0142063808201509,0.6480282724308167,0,NORMAL,GREEN
2026-09-01 15:15:00,N01,0.5112,0.3006,0.5930310278560473,-0.0103214893343592,0.0103214893343592,0.335380398221957,0,NORMAL,GREEN
2026-09-01 15:20:00,N01,0.5049,0.2613,0.5685083112848923,-0.024522716571155,0.024522716571155,0.4074363559721634,0,NORMAL,GREEN
2026-09-01 15:25:00,N01,0.5012,0.3249,0.5972951113143318,0.0287868000294394,0.0287868000294394,0.4645436018541924,0,NORMAL,GREEN
2026-09-01 15:30:00,N01,0.5726,0.348,0.6700557887221034,0.0727606774077715,0.0727606774077715,2.668534748927207,0,NORMAL,GREEN
2026-09-01 15:35:00,N01,0.6077,0.2616,0.6616145781344301,-0.0084412105876732,0.0084412105876732,2.4128423327949786,0,NORMAL,GREEN
2026-09-01 15:40:00,N01,0.5436,0.3092,0.6253843618127974,-0.0362302163216327,0.0362302163216327,1.3153941111145986,0,NORMAL,GREEN
2026-09-01 15:45:00,N01,0.6095,0.2596,0.6624820073028399,0.0370976454900424,0.0370976454900424,2.4391175995461896,0,NORMAL,GREEN
2026-09-01 15:50:00,N01,0.458,0.27,0.5316615464748227,-0.1308204608280172,0.1308204608280172,1.5235604264580842,0,NORMAL,GREEN
2026-09-01 15:55:00,N01,0.3938,0.2737,0.47957286203454,-0.0520886844402826,0.0520886844402826,3.1013769539991087,0,NORMAL,GREEN
2026-09-01 16:00:00,N01,0.462,0.3075,0.5549777022547843,0.0754048402202442,0.0754048402202442,0.8172915631981356,0,NORMAL,GREEN
2026-09-01 16:05:00,N01,0.5171,0.3938,0.6499775765362987,0.0949998742815144,0.0949998742815144,2.060346322387897,0,NORMAL,GREEN
2026-09-01 16:10:00,N01,0.5475,0.2712,0.6109874712299754,-0.0389901053063233,0.0389901053063233,0.8792983995245166,0,NORMAL,GREEN
2026-09-01 16:15:00,N01,0.4551,0.3246,0.5590001520572244,-0.051987319172751,0.051987319172751,0.6954476762255168,0,NORMAL,GREEN
2026-09-01 16:20:00,N01,0.434,0.3916,0.5845567209433145,0.02555656888609,0.02555656888609,0.0786854624591959,0,NORMAL,GREEN
2026-09-01 16:25:00,N01,0.559,0.2765,0.6236451314650023,0.0390884105216878,0.0390884105216878,1.2627111451798738,0,NORMAL,GREEN
2026-09-01 16:30:00,N01,0.4143,0.3677,0.5539384261811054,-0.0697067052838968,0.0697067052838968,0.8487722385760735,0,NORMAL,GREEN
2026-09-01 16:35:00,N01,0.4943,0.3619,0.6126206819884552,0.0586822558073497,0.0586822558073497,0.9287699297690846,0,NORMAL,GREEN
2026-09-01 16:40:00,N01,0.4203,0.27,0.4995518891967079,-0.1130687927917473,0.1130687927917473,2.4961929375588485,0,NORMAL,GREEN
2026-09-01 16:45:00,N01,0.5003,0.3023,0.584538604371003,0.0849867151742951,0.0849867151742951,0.0781366939978203,0,NORMAL,GREEN
2026-09-01 16:50:00,N01,0.4775,0.3311,0.5810623546573982,-0.0034762497136048,0.0034762497136048,0.0271622650932587,0,NORMAL,GREEN
2026-09-01 16:55:00,N01,0.4466,0.2929,0.5340804901885108,-0.0469818644688874,0.0469818644688874,1.4502882866131206,0,NORMAL,GREEN
2026-09-01 17:00:00,N01,0.506,0.3257,0.6017611569385316,0.0676806667500208,0.0676806667500208,0.599824434425293,0,NORMAL,GREEN
2026-09-01 17:05:00,N01,0.5356,0.2438,0.588477527183494,-0.0132836297550376,0.0132836297550376,0.1974504678248737,0,NORMAL,GREEN
2026-09-01 17:10:00,N01,0.4233,0.3639,0.5582168933308987,-0.0302606338525952,0.0302606338525952,0.7191733390449382,0,NORMAL,GREEN
2026-09-01 17:15:00,N01,0.5166,0.2626,0.579512139648515,0.0212952463176162,0.0212952463176162,0.0741197739752931,0,NORMAL,GREEN
2026-09-01 17:20:00,N01,0.5776,0.3058,0.6535559654689107,0.0740438258203957,0.0740438258203957,2.168739177007176,0,NORMAL,GREEN
2026-09-01 17:25:00,N01,0.559,0.3034,0.6360287414889362,-0.0175272239799745,0.0175272239799745,1.6378226454287654,0,NORMAL,GREEN
2026-09-01 17:30:00,N01,0.603,0.3878,0.7169364267492621,0.0809076852603258,0.0809076852603258,4.088594523823643,0,NORMAL,GREEN
2026-09-01 17:35:00,N01,0.4876,0.3486,0.5993961294502993,-0.1175402972989627,0.1175402972989627,0.5281854690891677,0,NORMAL,GREEN
2026-09-01 17:40:00,N01,0.5323,0.3684,0.6473498667644877,0.0479537373141883,0.0479537373141883,1.9807504571420051,0,NORMAL,GREEN
2026-09-01 17:45:00,N01,0.4518,0.3343,0.5620317873572632,-0.0853180794072244,0.0853180794072244,0.6036165168618756,0,NORMAL,GREEN
2026-09-01 17:50:00,N01,0.5529,0.2121,0.5921864740096652,0.0301546866524019,0.0301546866524019,0.3097980470541555,0,NORMAL,GREEN
2026-09-01 17:55:00,N01,0.4408,0.198,0.4832273171086254,-0.1089591569010398,0.1089591569010398,2.9906799825357853,0,NORMAL,GREEN
2026-09-01 18:00:00,N01,0.4865,0.3359,0.5911946041702343,0.1079672870616089,0.1079672870616089,0.279753352267945,0,NORMAL,GREEN
2026-09-01 18:05:00,N01,0.5751,0.3037,0.6503642825371024,0.0591696783668681,0.0591696783668681,2.0720600203997344,0,NORMAL,GREEN
2026-09-01 18:10:00,N01,0.5814,0.231,0.6256092710310486,-0.0247550115060538,0.0247550115060538,1.3222068284171409,0,NORMAL,GREEN
2026-09-01 18:15:00,N01,0.4148,0.2972,0.5102811773914456,-0.1153280936396029,0.1153280936396029,2.1711924422628663,0,NORMAL,GREEN
2026-09-01 18:20:00,N01,0.5192,0.2984,0.5988415483247634,0.0885603709333178,0.0885603709333178,0.5113866715166171,0,NORMAL,GREEN
2026-09-01 18:25:00,N01,0.3966,0.2955,0.4945824602632002,-0.1042590880615632,0.1042590880615632,2.646721736432973,0,NORMAL,GREEN
2026-09-01 18:30:00,N01,0.4348,0.3335,0.5479719792106162,0.053389518947416,0.053389518947416,1.029501676109241,0,NORMAL,GREEN
2026-09-01 18:35:00,N01,0.5183,0.253,0.5767528846915289,0.0287809054809126,0.0287809054809126,0.1577002698471642,0,NORMAL,GREEN
2026-09-01 18:40:00,N01,0.4743,0.247,0.5347611522913758,-0.041991732400153,0.041991732400153,1.4296703745442825,0,NORMAL,GREEN
2026-09-01 18:45:00,N01,0.4969,0.3478,0.6065265451734162,0.0717653928820404,0.0717653928820404,0.7441726435986414,0,NORMAL,GREEN
2026-09-01 18:50:00,N01,0.4507,0.3252,0.5557747115513623,-0.0507518336220539,0.0507518336220539,0.7931493823337615,0,NORMAL,GREEN
2026-09-01 18:55:00,N01,0.4735,0.2604,0.5403798756430517,-0.0153948359083105,0.0153948359083105,1.2594738210467826,0,NORMAL,GREEN
2026-09-01 19:00:00,N01,0.4946,0.2482,0.5533826885619029,0.0130028129188511,0.0130028129188511,0.8656060674580335,0,NORMAL,GREEN
2026-09-01 19:05:00,N01,0.4723,0.2401,0.5298257260647127,-0.0235569624971901,0.0235569624971901,1.5791691986087706,0,NORMAL,GREEN
2026-09-01 19:10:00,N01,0.5982,0.3018,0.670019760902617,0.1401940348379042,0.1401940348379042,2.667443431501018,0,NORMAL,GREEN
2026-09-01 19:15:00,N01,0.465,0.3107,0.5592490411256867,-0.1107707197769302,0.1107707197769302,0.6879085861147971,0,NORMAL,GREEN
2026-09-01 19:20:00,N01,0.4944,0.289,0.5726712494966025,0.0134222083709157,0.0134222083709157,0.2813369394837556,0,NORMAL,GREEN
2026-09-01 19:25:00,N01,0.5307,0.3379,0.6291413990511195,0.056470149554517,0.056470149554517,1.429198395344656,0,NORMAL,GREEN
2026-09-01 19:30:00,N01,0.4735,0.2712,0.5456662807980717,-0.0834751182530478,0.0834751182530478,1.0993435064785355,0,NORMAL,GREEN
2026-09-01 19:35:00,N01,0.4862,0.1849,0.5201715582382412,-0.0254947225598304,0.0254947225598304,1.871603260246953,0,NORMAL,GREEN
2026-09-01 19:40:00,N01,0.4242,0.3683,0.5617744476211072,0.0416028893828659,0.0416028893828659,0.611411585853598,0,NORMAL,GREEN
2026-09-01 19:45:00,N01,0.5822,0.2875,0.6493174031242348,0.0875429555031276,0.0875429555031276,2.040349032539047,0,NORMAL,GREEN
2026-09-01 19:50:00,N01,0.5288,0.3156,0.6158188045196412,-0.0334985986045935,0.0334985986045935,1.02564414805716,0,NORMAL,GREEN
2026-09-01 19:55:00,N01,0.6539,0.356,0.7445275078867134,0.1287087033670721,0.1287087033670721,4.924355002307324,0,NORMAL,GREEN
2026-09-01 20:00:00,N01,0.4936,0.2522,0.5542975735108354,-0.1902299343758779,0.1902299343758779,0.8378933193106075,0,WARNING,YELLOW
2026-09-01 20:05:00,N01,0.4197,0.3102,0.5218928338270223,-0.032404739683813,0.032404739683813,1.819464161292643,0,NORMAL,GREEN
2026-09-01 20:10:00,N01,0.4622,0.2289,0.515775193277071,-0.0061176405499513,0.0061176405499513,2.0047733982793163,0,NORMAL,GREEN
2026-09-01 20:15:00,N01,0.4677,0.2459,0.5284033497244316,0.0126281564473605,0.0126281564473605,1.6222543508293406,0,NORMAL,GREEN
2026-09-01 20:20:00,N01,0.5844,0.3441,0.6781800424666005,0.1497766927421688,0.1497766927421688,2.914626236353819,0,NORMAL,GREEN
2026-09-01 20:25:00,N01,0.4996,0.374,0.6240802512497892,-0.0540997912168113,0.0540997912168113,1.2758913434374022,0,NORMAL,GREEN
2026-09-01 20:30:00,N01,0.5039,0.2569,0.5656083627387417,-0.0584718885110474,0.0584718885110474,0.4952785964568641,0,NORMAL,GREEN
2026-09-01 20:35:00,N01,0.5762,0.3269,0.6624726786819213,0.0968643159431795,0.0968643159431795,2.438835026614607,0,NORMAL,GREEN
2026-09-01 20:40:00,N01,0.4481,0.2905,0.5340260855051933,-0.128446593176728,0.128446593176728,1.4519362569820484,0,NORMAL,GREEN
2026-09-01 20:45:00,N01,0.4562,0.2309,0.5113054370921554,-0.0227206484130378,0.0227206484130378,2.1401666273159208,0,NORMAL,GREEN
2026-09-01 20:50:00,N01,0.5463,0.3955,0.6744360162387534,0.163130579146598,0.163130579146598,2.801216068189239,0,WARNING,YELLOW
2026-09-01 20:55:00,N01,0.4301,0.3281,0.5409580575238713,-0.1334779587148821,0.1334779587148821,1.241960133817308,0,NORMAL,GREEN
2026-09-01 21:00:00,N01,0.4675,0.2756,0.5426892388835438,0.0017311813596725,0.0017311813596725,1.1895209795016757,0,NORMAL,GREEN
2026-09-01 21:05:00,N01,0.4704,0.2568,0.5359313388858689,-0.0067578999976749,0.0067578999976749,1.394224293136431,0,NORMAL,GREEN
2026-09-01 21:10:00,N01,0.5024,0.2585,0.5650026637105351,0.0290713248246662,0.0290713248246662,0.5136258046401614,0,NORMAL,GREEN
2026-09-01 21:15:00,N01,0.5135,0.2975,0.5934547160483266,0.0284520523377914,0.0284520523377914,0.3482143225086905,0,NORMAL,GREEN
2026-09-01 21:20:00,N01,0.4881,0.2546,0.5505113713630264,-0.0429433446853001,0.0429433446853001,0.952581036798908,0,NORMAL,GREEN
2026-09-01 21:25:00,N01,0.4712,0.3378,0.5797743354099075,0.0292629640468811,0.0292629640468811,0.0661776112921365,0,NORMAL,GREEN
2026-09-01 21:30:00,N01,0.525,0.2511,0.5819589418507117,0.0021846064408042,0.0021846064408042,3.77362447245642e-06,0,NORMAL,GREEN
2026-09-01 21:35:00,N01,0.505,0.3376,0.6074526812847236,0.0254937394340118,0.0254937394340118,0.7722262003139914,0,NORMAL,GREEN
2026-09-01 21:40:00,N01,0.4165,0.3272,0.5296528013708603,-0.0777998799138632,0.0777998799138632,1.5844072544919632,0,NORMAL,GREEN
2026-09-01 21:45:00,N01,0.4669,0.3285,0.5708834031568968,0.0412306017860364,0.0412306017860364,0.335492530737466,0,NORMAL,GREEN
2026-09-01 21:50:00,N01,0.4618,0.2098,0.5072231067291789,-0.0636602964277178,0.0636602964277178,2.2638243542637246,0,NORMAL,GREEN
2026-09-01 21:55:00,N01,0.4186,0.3024,0.5164026723401032,0.0091795656109242,0.0091795656109242,1.985766451819128,0,NORMAL,GREEN
2026-09-01 22:00:00,N01,0.513,0.2548,0.5727931913003157,0.0563905189602125,0.0563905189602125,0.2776432045514139,0,NORMAL,GREEN
2026-09-01 22:05:00,N01,0.5319,0.2169,0.5744242508808277,0.001631059580512,0.001631059580512,0.2282368355637999,0,NORMAL,GREEN
2026-09-01 22:10:00,N01,0.4967,0.2394,0.5513830338340127,-0.023041217046815,0.023041217046815,0.926177539226684,0,NORMAL,GREEN
2026-09-01 22:15:00,N01,0.4674,0.3024,0.5566942787563026,0.0053112449222899,0.0053112449222899,0.7652948041325593,0,NORMAL,GREEN
2026-09-01 22:20:00,N01,0.457,0.2808,0.5363745333253621,-0.0203197454309405,0.0203197454309405,1.3807995057942122,0,NORMAL,GREEN
2026-09-01 22:25:00,N01,0.5503,0.2712,0.6134977832070789,0.0771232498817168,0.0771232498817168,0.955338172256711,0,NORMAL,GREEN
2026-09-01 22:30:00,N01,0.5418,0.2435,0.5940029377031733,-0.0194948455039056,0.0194948455039056,0.364820485575924,0,NORMAL,GREEN
2026-09-01 22:35:00,N01,0.5265,0.3721,0.6447175040279269,0.0507145663247536,0.0507145663247536,1.901013649102817,0,NORMAL,GREEN
2026-09-01 22:40:00,N01,0.3764,0.2602,0.4575816866964848,-0.1871358173314421,0.1871358173314421,3.767510880806491,0,WARNING,YELLOW
2026-09-01 22:45:00,N01,0.5289,0.2898,0.6030914109817848,0.1455097242852999,0.1455097242852999,0.640119113352717,0,NORMAL,GREEN
2026-09-01 22:50:00,N01,0.5186,0.2698,0.5845836124969634,-0.0185077984848213,0.0185077984848213,0.0795000335748722,0,NORMAL,GREEN
2026-09-01 22:55:00,N01,0.5043,0.2922,0.5828373100617358,-0.0017463024352276,0.0017463024352276,0.0266028472858572,0,NORMAL,GREEN
2026-09-01 23:00:00,N01,0.5584,0.3127,0.639993632780827,0.0571563227190912,0.0571563227190912,1.7579230295615398,0,NORMAL,GREEN
2026-09-01 23:05:00,N01,0.5169,0.2794,0.5875797562884548,-0.0524138764923721,0.0524138764923721,0.1702561208883124,0,NORMAL,GREEN
2026-09-01 23:10:00,N01,0.4756,0.2784,0.5510915713381942,-0.0364881849502606,0.0364881849502606,0.935006219543768,0,NORMAL,GREEN
2026-09-01 23:15:00,N01,0.5197,0.279,0.5898551432343369,0.0387635718961426,0.0387635718961426,0.2391797876758601,0,NORMAL,GREEN
2026-09-01 23:20:00,N01,0.5145,0.4038,0.6540372237113113,0.0641820804769744,0.0641820804769744,2.18331695367853,0,NORMAL,GREEN
2026-09-01 23:25:00,N01,0.5436,0.2837,0.6131775028488896,-0.0408597208624217,0.0408597208624217,0.9456365710734976,0,NORMAL,GREEN
2026-09-01 23:30:00,N01,0.5601,0.2796,0.6260097203718166,0.0128322175229269,0.0128322175229269,1.334336825461528,0,NORMAL,GREEN
2026-09-01 23:35:00,N01,0.3981,0.2496,0.4698763347945925,-0.156133385577224,0.156133385577224,3.3950941231566625,0,WARNING,YELLOW
2026-09-01 23:40:00,N01,0.4065,0.2824,0.4949666756459469,0.0250903408513543,0.0250903408513543,2.63508348164602,0,NORMAL,GREEN
2026-09-01 23:45:00,N01,0.5009,0.3838,0.6310334777173078,0.1360668020713609,0.1360668020713609,1.486511284372256,0,NORMAL,GREEN
2026-09-01 23:50:00,N01,0.5163,0.289,0.5916812401961041,-0.0393522375212036,0.0393522375212036,0.294494027191202,0,NORMAL,GREEN
2026-09-01 23:55:00,N01,0.5415,0.1894,0.5736676825480062,-0.0180135576480979,0.0180135576480979,0.2511540206024924,0,NORMAL,GREEN
2026-09-01 00:00:00,N02,0.5118,0.3385,0.6136134695392532,0.0,0.0,0.7747833790590053,0,NORMAL,GREEN
2026-09-01 00:05:00,N02,0.4261,0.3572,0.5560153325224044,-0.0575981370168487,0.0575981370168487,1.279739545466814,0,NORMAL,GREEN
2026-09-01 00:10:00,N02,0.5169,0.2792,0.5874846806513341,0.0314693481289296,0.0314693481289296,0.1572293307378771,0,NORMAL,GREEN
2026-09-01 00:15:00,N02,0.5316,0.4135,0.6734840829596495,0.0859994023083153,0.0859994023083153,2.9103654334168616,0,NORMAL,GREEN
2026-09-01 00:20:00,N02,0.5091,0.3124,0.5973077682401259,-0.0761763147195235,0.0761763147195235,0.1931597562371786,0,NORMAL,GREEN
2026-09-01 00:25:00,N02,0.477,0.2575,0.5420657247972795,-0.0552420434428463,0.0552420434428463,1.7773214177941756,0,NORMAL,GREEN
2026-09-01 00:30:00,N02,0.5415,0.2572,0.5994781814211423,0.0574124566238627,0.0574124566238627,0.27057829556922,0,NORMAL,GREEN
2026-09-01 00:35:00,N02,0.5036,0.2761,0.5743206160325434,-0.0251575653885989,0.0251575653885989,0.626790916233832,0,NORMAL,GREEN
2026-09-01 00:40:00,N02,0.5239,0.3167,0.6121846943529379,0.0378640783203945,0.0378640783203945,0.7238190332257393,0,NORMAL,GREEN
2026-09-01 00:45:00,N02,0.5519,0.2745,0.6163958630620423,0.0042111687091044,0.0042111687091044,0.8740312293141294,0,NORMAL,GREEN
2026-09-01 00:50:00,N02,0.4865,0.2511,0.547479186819006,-0.0689166762430363,0.0689166762430363,1.584223473993782,0,NORMAL,GREEN
2026-09-01 00:55:00,N02,0.4778,0.3189,0.5744476042251373,0.0269684174061313,0.0269684174061313,0.6222612531867091,0,NORMAL,GREEN
2026-09-01 01:00:00,N02,0.5378,0.2539,0.5947218257303156,0.0202742215051783,0.0202742215051783,0.1009193046691554,0,NORMAL,GREEN
2026-09-01 01:05:00,N02,0.5435,0.3678,0.6562538304650114,0.0615320047346957,0.0615320047346957,2.2957631115527577,0,NORMAL,GREEN
2026-09-01 01:10:00,N02,0.5207,0.3938,0.6528452573160044,-0.0034085731490069,0.0034085731490069,2.174179462544987,0,NORMAL,GREEN
2026-09-01 01:15:00,N02,0.4613,0.2378,0.5189860595430286,-0.1338591977729758,0.1338591977729758,2.600572026427053,0,NORMAL,GREEN
2026-09-01 01:20:00,N02,0.4111,0.3748,0.5563076936372533,0.0373216340942247,0.0373216340942247,1.2693110378134984,0,NORMAL,GREEN
2026-09-01 01:25:00,N02,0.5327,0.2972,0.6099976475364475,0.0536899538991941,0.0536899538991941,0.6458071728737919,0,NORMAL,GREEN
2026-09-01 01:30:00,N02,0.514,0.2437,0.5688459281738774,-0.0411517193625701,0.0411517193625701,0.8220727828497993,0,NORMAL,GREEN
2026-09-01 01:35:00,N02,0.6223,0.3065,0.693685476278695,0.1248395481048176,0.1248395481048176,3.630948213189772,0,NORMAL,GREEN
2026-09-01 01:40:00,N02,0.5055,0.3363,0.6071473791428239,-0.0865380971358711,0.0865380971358711,0.544138229066842,0,NORMAL,GREEN
2026-09-01 01:45:00,N02,0.5241,0.3112,0.6095295316881701,0.0023821525453462,0.0023821525453462,0.6291095018824838,0,NORMAL,GREEN
2026-09-01 01:50:00,N02,0.4605,0.3236,0.5628296456300077,-0.0466998860581624,0.0466998860581624,1.036673307224207,0,NORMAL,GREEN
2026-09-01 01:55:00,N02,0.5941,0.3673,0.6984726909478995,0.1356430453178918,0.1356430453178918,3.8017079424433393,0,NORMAL,GREEN
2026-09-01 02:00:00,N02,0.5797,0.2744,0.6413637423490667,-0.0571089485988328,0.0571089485988328,1.764634346511815,0,NORMAL,GREEN
2026-09-01 02:05:00,N02,0.4505,0.2937,0.5377824281249807,-0.103581314224086,0.103581314224086,1.930106415045197,0,NORMAL,GREEN
2026-09-01 02:10:00,N02,0.5028,0.3547,0.6153209975289321,0.0775385694039514,0.0775385694039514,0.8356908246945912,0,NORMAL,GREEN
2026-09-01 02:15:00,N02,0.4154,0.3765,0.5606330439779661,-0.054687953550966,0.054687953550966,1.115025988125164,0,NORMAL,GREEN
2026-09-01 02:20:00,N02,0.4921,0.2787,0.5655405378927314,0.0049074939147653,0.0049074939147653,0.9399759036596388,0,NORMAL,GREEN
2026-09-01 02:25:00,N02,0.4494,0.2173,0.4991789759194592,-0.0663615619732722,0.0663615619732722,3.307089797318137,0,NORMAL,GREEN
2026-09-01 02:30:00,N02,0.5412,0.3037,0.6205893408688229,0.1214103649493636,0.1214103649493636,1.0236123917222244,0,NORMAL,GREEN
2026-09-01 02:35:00,N02,0.4355,0.2352,0.4949538261292663,-0.1256355147395566,0.1256355147395566,3.4578006979322917,0,NORMAL,GREEN
2026-09-01 02:40:00,N02,0.4832,0.3835,0.6168909871281959,0.1219371609989296,0.1219371609989296,0.8916922822072019,0,NORMAL,GREEN
2026-09-01 02:45:00,N02,0.487,0.2248,0.5363804992726712,-0.0805104878555247,0.0805104878555247,1.980113153366985,0,NORMAL,GREEN
2026-09-01 02:50:00,N02,0.4877,0.2864,0.5655760337920976,0.0291955345194264,0.0291955345194264,0.9387097665456332,0,NORMAL,GREEN
2026-09-01 02:55:00,N02,0.3652,0.2973,0.4709122317375075,-0.0946638020545901,0.0946638020545901,4.315363275096392,0,NORMAL,GREEN
2026-09-01 03:00:00,N02,0.4885,0.3348,0.5922189544416828,0.1213067227041753,0.1213067227041753,0.0116419997776906,0,NORMAL,GREEN
2026-09-01 03:05:00,N02,0.5924,0.3563,0.6912940401883991,0.0990750857467163,0.0990750857467163,3.5456457967485235,0,NORMAL,GREEN
2026-09-01 03:10:00,N02,0.4866,0.2447,0.5446628773837997,-0.1466311628045994,0.1466311628045994,1.6846811033003872,0,NORMAL,GREEN
2026-09-01 03:15:00,N02,0.6287,0.303,0.6979059320567493,0.1532430546729496,0.1532430546729496,3.781491678604696,0,WARNING,YELLOW
2026-09-01 03:20:00,N02,0.5007,0.2988,0.5830796943814799,-0.1148262376752694,0.1148262376752694,0.3143549903922777,0,NORMAL,GREEN
2026-09-01 03:25:00,N02,0.5099,0.2928,0.587987967563963,0.0049082731824831,0.0049082731824831,0.1392771094827444,0,NORMAL,GREEN
2026-09-01 03:30:00,N02,0.4713,0.2727,0.5445080164699139,-0.0434799510940491,0.0434799510940491,1.6902049850467429,0,NORMAL,GREEN
2026-09-01 03:35:00,N02,0.4984,0.2728,0.5681746210453262,0.0236666045754123,0.0236666045754123,0.846018277555686,0,NORMAL,GREEN
2026-09-01 03:40:00,N02,0.4644,0.3053,0.5557656430546962,-0.01240897799063,0.01240897799063,1.2886459574097748,0,NORMAL,GREEN
2026-09-01 03:45:00,N02,0.4873,0.3752,0.6150092113131315,0.0592435682584352,0.0592435682584352,0.8245694245748934,0,NORMAL,GREEN
2026-09-01 03:50:00,N02,0.3675,0.3546,0.5106832775801455,-0.1043259337329859,0.1043259337329859,2.8967318809565974,0,NORMAL,GREEN
2026-09-01 03:55:00,N02,0.5623,0.1963,0.5955795328921235,0.0848962553119779,0.0848962553119779,0.1315136800731515,0,NORMAL,GREEN
2026-09-01 04:00:00,N02,0.4829,0.2814,0.5589081946080232,-0.0366713382841003,0.0366713382841003,1.1765512866059975,0,NORMAL,GREEN
2026-09-01 04:05:00,N02,0.4296,0.2611,0.5027219609287026,-0.0561862336793206,0.0561862336793206,3.180711683376491,0,NORMAL,GREEN
2026-09-01 04:10:00,N02,0.4445,0.3876,0.5897575857926712,0.0870356248639686,0.0870356248639686,0.0761549078484045,0,NORMAL,GREEN
2026-09-01 04:15:00,N02,0.5468,0.3636,0.6566545514956855,0.0668969657030142,0.0668969657030142,2.3100568124691394,0,NORMAL,GREEN
2026-09-01 04:20:00,N02,0.5361,0.2435,0.5888085087700414,-0.0678460427256441,0.0678460427256441,0.1100084420271794,0,NORMAL,GREEN
2026-09-01 04:25:00,N02,0.4738,0.3245,0.5742705721173601,-0.0145379366526813,0.0145379366526813,0.6285759804095529,0,NORMAL,GREEN
2026-09-01 04:30:00,N02,0.4389,0.3356,0.5525039094884306,-0.0217666626289294,0.0217666626289294,1.4049918451878414,0,NORMAL,GREEN
2026-09-01 04:35:00,N02,0.488,0.2813,0.563270530029754,0.0107666205413233,0.0107666205413233,1.0209469807619524,0,NORMAL,GREEN
2026-09-01 04:40:00,N02,0.5355,0.3222,0.6249584706202485,0.0616879405904944,0.0616879405904944,1.1794590509970857,0,NORMAL,GREEN
2026-09-01 04:45:00,N02,0.482,0.358,0.6004065289451805,-0.0245519416750679,0.0245519416750679,0.3036924094772,0,NORMAL,GREEN
2026-09-01 04:50:00,N02,0.4459,0.3308,0.555207573795603,-0.0451989551495775,0.0451989551495775,1.3085522624686468,0,NORMAL,GREEN
2026-09-01 04:55:00,N02,0.5297,0.2845,0.6012672783380116,0.0460597045424086,0.0460597045424086,0.334395301123259,0,NORMAL,GREEN
2026-09-01 05:00:00,N02,0.5163,0.2374,0.5682644190867487,-0.0330028592512628,0.0330028592512628,0.8428151855073079,0,NORMAL,GREEN
2026-09-01 05:05:00,N02,0.5462,0.2908,0.6187883967884337,0.0505239777016849,0.0505239777016849,0.9593727983849196,0,NORMAL,GREEN
2026-09-01 05:10:00,N02,0.4739,0.3525,0.5906246354496228,-0.0281637613388108,0.0281637613388108,0.0452272860680639,0,NORMAL,GREEN
2026-09-01 05:15:00,N02,0.4648,0.2296,0.5184160491342836,-0.0722085863153392,0.0722085863153392,2.620904271750235,0,NORMAL,GREEN
2026-09-01 05:20:00,N02,0.4222,0.3303,0.5360512382226161,0.0176351890883325,0.0176351890883325,1.99185788002878,0,NORMAL,GREEN
2026-09-01 05:25:00,N02,0.436,0.3877,0.5834443332486827,0.0473930950260665,0.0473930950260665,0.3013483386038317,0,NORMAL,GREEN
2026-09-01 05:30:00,N02,0.3959,0.3848,0.5520940590153095,-0.0313502742333732,0.0313502742333732,1.4196111929005777,0,NORMAL,GREEN
2026-09-01 05:35:00,N02,0.5106,0.2952,0.5897926754377338,0.0376986164224243,0.0376986164224243,0.0749032618069101,0,NORMAL,GREEN
2026-09-01 05:40:00,N02,0.4728,0.32,0.5709114116918665,-0.0188812637458672,0.0188812637458672,0.7483970798197226,0,NORMAL,GREEN
2026-09-01 05:45:00,N02,0.4981,0.3552,0.6117766340748885,0.0408652223830219,0.0408652223830219,0.7092635416896912,0,NORMAL,GREEN
2026-09-01 05:50:00,N02,0.5057,0.3075,0.5918519578408101,-0.0199246762340783,0.0199246762340783,0.0014487522633942,0,NORMAL,GREEN
2026-09-01 05:55:00,N02,0.4818,0.2972,0.5660910527468174,-0.0257609050939927,0.0257609050939927,0.9203390638833672,0,NORMAL,GREEN
2026-09-01 06:00:00,N02,0.5154,0.2145,0.5582538938511759,-0.0078371588956415,0.0078371588956415,1.1998901648076357,0,NORMAL,GREEN
2026-09-01 06:05:00,N02,0.4326,0.3372,0.5484948495656089,-0.0097590442855669,0.0097590442855669,1.547994830073022,0,NORMAL,GREEN
2026-09-01 06:10:00,N02,0.5085,0.2908,0.5857788746617617,0.0372840250961528,0.0372840250961528,0.2180753527080792,0,NORMAL,GREEN
2026-09-01 06:15:00,N02,0.5009,0.3174,0.5929954215674856,0.0072165469057239,0.0072165469057239,0.03933854679684,0,NORMAL,GREEN
2026-09-01 06:20:00,N02,0.473,0.2611,0.540279751610219,-0.0527156699572666,0.0527156699572666,1.8410270000481803,0,NORMAL,GREEN
2026-09-01 06:25:00,N02,0.5098,0.2511,0.5682844798162273,0.0280047282060083,0.0280047282060083,0.842099620200319,0,NORMAL,GREEN
2026-09-01 06:30:00,N02,0.5204,0.2149,0.5630259052654683,-0.005258574550759,0.005258574550759,1.029672734964468,0,NORMAL,GREEN
2026-09-01 06:35:00,N02,0.5515,0.3236,0.6394288154282696,0.0764029101628013,0.0764029101628013,1.6956155913583817,0,NORMAL,GREEN
2026-09-01 06:40:00,N02,0.5128,0.3491,0.6203504251630687,-0.0190783902652008,0.0190783902652008,1.0150902793775551,0,NORMAL,GREEN
2026-09-01 06:45:00,N02,0.5833,0.3507,0.6806095650224143,0.0602591398593456,0.0602591398593456,3.1645310541202805,0,NORMAL,GREEN
2026-09-01 06:50:00,N02,0.408,0.236,0.4713385195377097,-0.2092710454847046,0.2092710454847046,4.300157608675185,0,WARNING,YELLOW
2026-09-01 06:55:00,N02,0.4688,0.3013,0.5572747347583595,0.0859362152206498,0.0859362152206498,1.2348167250601063,0,NORMAL,GREEN
2026-09-01 07:00:00,N02,0.5259,0.2637,0.5883098673318339,0.0310351325734743,0.0310351325734743,0.1277949594212446,0,NORMAL,GREEN
2026-09-01 07:05:00,N02,0.5093,0.2622,0.5728309785617394,-0.0154788887700945,0.0154788887700945,0.6799262169833025,0,NORMAL,GREEN
2026-09-01 07:10:00,N02,0.4694,0.2297,0.5225882222170721,-0.0502427563446672,0.0502427563446672,2.4720830478767777,0,NORMAL,GREEN
2026-09-01 07:15:00,N02,0.4538,0.2324,0.5098472320215145,-0.0127409901955576,0.0127409901955576,2.926553587961686,0,NORMAL,GREEN
2026-09-01 07:20:00,N02,0.4512,0.3527,0.5726942727145087,0.0628470406929941,0.0628470406929941,0.6848025083288024,0,NORMAL,GREEN
2026-09-01 07:25:00,N02,0.4525,0.4316,0.6253277620576269,0.0526334893431181,0.0526334893431181,1.1926316597518287,0,NORMAL,GREEN
2026-09-01 07:30:00,N02,0.5247,0.3092,0.6090276923096355,-0.0163000697479913,0.0163000697479913,0.6112089141025764,0,NORMAL,GREEN
2026-09-01 07:35:00,N02,0.4571,0.335,0.5667145754257605,-0.0423131168838749,0.0423131168838749,0.8980980383190202,0,NORMAL,GREEN
2026-09-01 07:40:00,N02,0.4712,0.3061,0.5618955863859406,-0.0048189890398199,0.0048189890398199,1.069991157925519,0,NORMAL,GREEN
2026-09-01 07:45:00,N02,0.628,0.2952,0.6939214941187511,0.1320259077328105,0.1320259077328105,3.639366958796952,0,NORMAL,GREEN
2026-09-01 07:50:00,N02,0.5575,0.2648,0.6171914532784782,-0.0767300408402729,0.0767300408402729,0.9024098961053476,0,NORMAL,GREEN
2026-09-01 07:55:00,N02,0.4983,0.3885,0.6318505677769073,0.014659114498429,0.014659114498429,1.4252998427274273,0,NORMAL,GREEN
2026-09-01 08:00:00,N02,0.4687,0.3906,0.6101213403905817,-0.0217292273863255,0.0217292273863255,0.6502192913481194,0,NORMAL,GREEN
2026-09-01 08:05:00,N02,0.5354,0.2719,0.6004854452857288,-0.0096358951048529,0.0096358951048529,0.3065073517509166,0,NORMAL,GREEN
2026-09-01 08:10:00,N02,0.5316,0.3486,0.6357047427855167,0.0352192974997879,0.0352192974997879,1.5627780897756989,0,NORMAL,GREEN
2026-09-01 08:15:00,N02,0.5311,0.2215,0.5754384936724342,-0.0602662491130825,0.0602662491130825,0.5869162717240864,0,NORMAL,GREEN
2026-09-01 08:20:00,N02,0.4636,0.2876,0.5455627553270109,-0.0298757383454232,0.0298757383454232,1.6525824980440786,0,NORMAL,GREEN
2026-09-01 08:25:00,N02,0.4963,0.331,0.596552336346108,0.0509895810190971,0.0509895810190971,0.1662135349779114,0,NORMAL,GREEN
2026-09-01 08:30:00,N02,0.5089,0.2332,0.5597869684085188,-0.0367653679375892,0.0367653679375892,1.1452054651593286,0,NORMAL,GREEN
2026-09-01 08:35:00,N02,0.519,0.3305,0.6152976921783472,0.0555107237698283,0.0555107237698283,0.8348595239004903,0,NORMAL,GREEN
2026-09-01 08:40:00,N02,0.528,0.354,0.6356886030125127,0.0203909108341655,0.0203909108341655,1.5622023848076094,0,NORMAL,GREEN
2026-09-01 08:45:00,N02,0.5417,0.323,0.6306884254526953,-0.0050001775598174,0.0050001775598174,1.383846278943641,0,NORMAL,GREEN
2026-09-01 08:50:00,N02,0.4965,0.217,0.5418498408230826,-0.0888385846296127,0.0888385846296127,1.7850219893230006,0,NORMAL,GREEN
2026-09-01 08:55:00,N02,0.5215,0.3104,0.6068858294605337,0.065035988637451,0.065035988637451,0.5348087638098239,0,NORMAL,GREEN
2026-09-01 09:00:00,N02,0.5136,0.2362,0.5653100034494347,-0.0415758260110989,0.0415758260110989,0.9481990567541092,0,NORMAL,GREEN
2026-09-01 09:05:00,N02,0.4459,0.3527,0.5685280116229983,0.0032180081735635,0.0032180081735635,0.8334128517425868,0,NORMAL,GREEN
2026-09-01 09:10:00,N02,0.498,0.3341,0.5996889276950176,0.0311609160720193,0.0311609160720193,0.2780956055615298,0,NORMAL,GREEN
2026-09-01 09:15:00,N02,0.5014,0.3015,0.5850676969377133,-0.0146212307573042,0.0146212307573042,0.2434430297397528,0,NORMAL,GREEN
2026-09-01 09:20:00,N02,0.5469,0.2742,0.6117885664181704,0.026720869480457,0.026720869480457,0.7096891678311893,0,NORMAL,GREEN
2026-09-01 09:25:00,N02,0.5048,0.2769,0.5757574576156179,-0.0360311088025524,0.0360311088025524,0.575538842395487,0,NORMAL,GREEN
2026-09-01 09:30:00,N02,0.4783,0.2845,0.556516971888549,-0.0192404857270689,0.0192404857270689,1.2618460921197534,0,NORMAL,GREEN
2026-09-01 09:35:00,N02,0.5111,0.2761,0.580908271588553,0.0243912997000039,0.0243912997000039,0.3918095425351923,0,NORMAL,GREEN
2026-09-01 09:40:00,N02,0.5628,0.2553,0.6179983252404492,0.0370900536518962,0.0370900536518962,0.9311909822460588,0,NORMAL,GREEN
2026-09-01 09:45:00,N02,0.4907,0.278,0.5639773842983423,-0.0540209409421068,0.0540209409421068,0.9957335211896616,0,NORMAL,GREEN
2026-09-01 09:50:00,N02,0.5723,0.3098,0.6507713346483541,0.0867939503500118,0.0867939503500118,2.1002027354307957,0,NORMAL,GREEN
2026-09-01 09:55:00,N02,0.5516,0.2257,0.5959891358070212,-0.0547821988413329,0.0547821988413329,0.1461241973953295,0,NORMAL,GREEN
2026-09-01 10:00:00,N02,0.5134,0.3445,0.6182716312430969,0.0222824954360757,0.0222824954360757,0.9409397949148792,0,NORMAL,GREEN
2026-09-01 10:05:00,N02,0.5041,0.3533,0.6155791581916984,-0.0026924730513985,0.0026924730513985,0.8448994037795186,0,NORMAL,GREEN
2026-09-01 10:10:00,N02,0.4741,0.3705,0.601698479306704,-0.0138806788849944,0.0138806788849944,0.3497762200407744,0,NORMAL,GREEN
2026-09-01 10:15:00,N02,0.6149,0.2819,0.676438925550563,0.074740446243859,0.074740446243859,3.015764534079114,0,NORMAL,GREEN
2026-09-01 10:20:00,N02,0.4777,0.3727,0.6058899074914518,-0.0705490180591111,0.0705490180591111,0.4992842725242952,0,NORMAL,GREEN
2026-09-01 10:25:00,N02,0.579,0.2739,0.6405171426277364,0.0346272351362846,0.0346272351362846,1.7344361730038522,0,NORMAL,GREEN
2026-09-01 10:30:00,N02,0.479,0.2859,0.5578349307814991,-0.0826822118462372,0.0826822118462372,1.2148345584245457,0,NORMAL,GREEN
2026-09-01 10:35:00,N02,0.4328,0.2541,0.5018791189121141,-0.055955811869385,0.055955811869385,3.210775819727429,0,NORMAL,GREEN
2026-09-01 10:40:00,N02,0.4498,0.2616,0.520340849828264,0.0184617309161498,0.0184617309161498,2.552246718646233,0,NORMAL,GREEN
2026-09-01 10:45:00,N02,0.4983,0.3117,0.5877582666368887,0.0674174168086246,0.0674174168086246,0.1474705310915188,0,NORMAL,GREEN
2026-09-01 10:50:00,N02,0.5775,0.2501,0.6293300088189026,0.0415717421820138,0.0415717421820138,1.3353916194749147,0,NORMAL,GREEN
2026-09-01 10:55:00,N02,0.5492,0.2893,0.6207375693479492,-0.0085924394709533,0.0085924394709533,1.0288996948227316,0,NORMAL,GREEN
2026-09-01 11:00:00,N02,0.4975,0.3337,0.599050865953802,-0.0216867033941472,0.0216867033941472,0.2553359723079949,0,NORMAL,GREEN
2026-09-01 11:05:00,N02,0.4439,0.3191,0.5466918876295861,-0.0523589783242158,0.0523589783242158,1.612306400228889,0,NORMAL,GREEN
2026-09-01 11:10:00,N02,0.5083,0.3246,0.6031036809703618,0.0564117933407757,0.0564117933407757,0.3998996993943237,0,NORMAL,GREEN
2026-09-01 11:15:00,N02,0.5145,0.4228,0.6659354998796805,0.0628318189093186,0.0628318189093186,2.641107818696661,0,NORMAL,GREEN
2026-09-01 11:20:00,N02,0.4681,0.2735,0.5421437632215278,-0.1237917366581526,0.1237917366581526,1.7745377907549018,0,NORMAL,GREEN
2026-09-01 11:25:00,N02,0.4688,0.2722,0.5420943460321275,-4.94171894003248e-05,4.94171894003248e-05,1.7763004996504848,0,NORMAL,GREEN
2026-09-01 11:30:00,N02,0.4681,0.3595,0.590218484969761,0.0481241389376335,0.0481241389376335,0.0597146551897276,0,NORMAL,GREEN
2026-09-01 11:35:00,N02,0.571,0.2715,0.6322604289373169,0.0420419439675558,0.0420419439675558,1.4399195716552575,0,NORMAL,GREEN
2026-09-01 11:40:00,N02,0.4584,0.3236,0.5611127515927614,-0.0711476773445555,0.0711476773445555,1.097914839350017,0,NORMAL,GREEN
2026-09-01 11:45:00,N02,0.4724,0.3316,0.5771657647504744,0.016053013157713,0.016053013157713,0.5253045910256973,0,NORMAL,GREEN
2026-09-01 11:50:00,N02,0.5101,0.2242,0.557196240116532,-0.0199695246339424,0.0199695246339424,1.237616625359658,0,NORMAL,GREEN
2026-09-01 11:55:00,N02,0.5774,0.3898,0.6966597447821999,0.1394635046656679,0.1394635046656679,3.737040235269556,0,NORMAL,GREEN
2026-09-01 12:00:00,N02,0.4694,0.2806,0.5468754154284136,-0.1497843293537863,0.1497843293537863,1.6057599720020783,0,NORMAL,GREEN
2026-09-01 12:05:00,N02,0.5143,0.3167,0.603989552889783,0.0571141374613693,0.0571141374613693,0.4314987104198366,0,NORMAL,GREEN
2026-09-01 12:10:00,N02,0.5329,0.4005,0.6666203267227906,0.0626307738330076,0.0626307738330076,2.6655355610052154,0,NORMAL,GREEN
2026-09-01 12:15:00,N02,0.4912,0.2601,0.5558142225600206,-0.11080610416277,0.11080610416277,1.2869131286670368,0,NORMAL,GREEN
2026-09-01 12:20:00,N02,0.431,0.2635,0.5051665566919489,-0.0506476658680716,0.0506476658680716,3.093513063821851,0,NORMAL,GREEN
2026-09-01 12:25:00,N02,0.4983,0.3897,0.6325891083475909,0.1274225516556419,0.1274225516556419,1.451643551252547,0,NORMAL,GREEN
2026-09-01 12:30:00,N02,0.4741,0.3112,0.5671122023021546,-0.0654769060454362,0.0654769060454362,0.8839147057449073,0,NORMAL,GREEN
2026-09-01 12:35:00,N02,0.4992,0.3594,0.6151170620296594,0.0480048597275047,0.0480048597275047,0.8284164547222127,0,NORMAL,GREEN
2026-09-01 12:40:00,N02,0.6263,0.2735,0.6834134473362373,0.0682963853065778,0.0682963853065778,3.2645454085730425,0,NORMAL,GREEN
2026-09-01 12:45:00,N02,0.4755,0.3522,0.5917305890352467,-0.0916828583009906,0.0916828583009906,0.0057779720310318,0,NORMAL,GREEN
2026-09-01 12:50:00,N02,0.5341,0.3923,0.6626930662078788,0.0709624771726321,0.0709624771726321,2.5254503572752576,0,NORMAL,GREEN
2026-09-01 12:55:00,N02,0.5292,0.282,0.599647096215766,-0.0630459699921128,0.0630459699921128,0.2766034786015179,0,NORMAL,GREEN
2026-09-01 13:00:00,N02,0.5295,0.3554,0.6377142071492526,0.0380671109334866,0.0380671109334866,1.6344555921245247,0,NORMAL,GREEN
2026-09-01 13:05:00,N02,0.541,0.3254,0.6313209643279717,-0.0063932428212809,0.0063932428212809,1.4064089118206196,0,NORMAL,GREEN
2026-09-01 13:10:00,N02,0.5533,0.3585,0.6592898755479262,0.0279689112199544,0.0279689112199544,2.404058701406951,0,NORMAL,GREEN
2026-09-01 13:15:00,N02,0.5691,0.3324,0.6590634036266921,-0.000226471921234,0.000226471921234,2.3959804582894586,0,NORMAL,GREEN
2026-09-01 13:20:00,N02,0.4916,0.3073,0.579744642062348,-0.0793187615643441,0.0793187615643441,0.4333161547463457,0,NORMAL,GREEN
2026-09-01 13:25:00,N02,0.5603,0.2592,0.6173497631003029,0.0376051210379548,0.0376051210379548,0.9080568002408262,0,NORMAL,GREEN
2026-09-01 13:30:00,N02,0.5184,0.2803,0.589327285979531,-0.0280224771207718,0.0280224771207718,0.0915036825884139,0,NORMAL,GREEN
2026-09-01 13:35:00,N02,0.5014,0.3639,0.6195362539835744,0.0302089680040433,0.0302089680040433,0.9860488304801712,0,NORMAL,GREEN
2026-09-01 13:40:00,N02,0.5096,0.3023,0.5925178900252718,-0.0270183639583025,0.0270183639583025,0.0223050184315814,0,NORMAL,GREEN
2026-09-01 13:45:00,N02,0.432,0.3373,0.5480832874664214,-0.0444346025588503,0.0444346025588503,1.5626752314096013,0,NORMAL,GREEN
2026-09-01 13:50:00,N02,0.5323,0.4082,0.6707984272491998,0.1227151397827783,0.1227151397827783,2.814568216522704,0,NORMAL,GREEN
2026-09-01 13:55:00,N02,0.4846,0.311,0.5758108717278617,-0.094987555521338,0.094987555521338,0.5736335634440867,0,NORMAL,GREEN
2026-09-01 14:00:00,N02,0.5125,0.3789,0.6373550501878839,0.0615441784600221,0.0615441784600221,1.621644479667548,0,NORMAL,GREEN
2026-09-01 14:05:00,N02,0.4952,0.314,0.586360844531761,-0.0509942056561228,0.0509942056561228,0.1973165139465578,0,NORMAL,GREEN
2026-09-01 14:10:00,N02,0.5304,0.3093,0.613995643307019,0.0276347987752579,0.0276347987752579,0.7884154999520371,0,NORMAL,GREEN
2026-09-01 14:15:00,N02,0.4777,0.3097,0.5693078077806416,-0.0446878355263773,0.0446878355263773,0.8055975583092811,0,NORMAL,GREEN
2026-09-01 14:20:00,N02,0.5537,0.2487,0.6069887807859384,0.0376809730052968,0.0376809730052968,0.5384810328988822,0,NORMAL,GREEN
2026-09-01 14:25:00,N02,0.5066,0.265,0.5717241992429567,-0.0352645815429817,0.0352645815429817,0.719404984884509,0,NORMAL,GREEN
2026-09-01 14:30:00,N02,0.5598,0.2238,0.602878495221052,0.0311542959780952,0.0311542959780952,0.3918673339707982,0,NORMAL,GREEN
2026-09-01 14:35:00,N02,0.4721,0.3189,0.5697153850827622,-0.0331631101382897,0.0331631101382897,0.7910592945026201,0,NORMAL,GREEN
2026-09-01 14:40:00,N02,0.5783,0.2967,0.6499705993350776,0.0802552142523154,0.0802552142523154,2.0716405432695675,0,NORMAL,GREEN
2026-09-01 14:45:00,N02,0.4722,0.3941,0.6150509328502802,-0.0349196664847973,0.0349196664847973,0.8260576299051025,0,NORMAL,GREEN
2026-09-01 14:50:00,N02,0.4276,0.1901,0.467952743340607,-0.1470981895096732,0.1470981895096732,4.420928091446644,0,NORMAL,GREEN
2026-09-01 14:55:00,N02,0.522,0.2749,0.5899610241363408,0.1220082807957337,0.1220082807957337,0.0688982713937504,0,NORMAL,GREEN
2026-09-01 15:00:00,N02,0.4489,0.3354,0.5603609283310178,-0.0296000958053229,0.0296000958053229,1.1247323408603906,0,NORMAL,GREEN
2026-09-01 15:05:00,N02,0.5122,0.2718,0.5798483249954249,0.0194873966644071,0.0194873966644071,0.4296177892449347,0,NORMAL,GREEN
2026-09-01 15:10:00,N02,0.436,0.3436,0.5551188701530511,-0.0247294548423738,0.0247294548423738,1.311716317359149,0,NORMAL,GREEN
2026-09-01 15:15:00,N02,0.5325,0.295,0.6087538500904943,0.0536349799374432,0.0536349799374432,0.6014409746158533,0,NORMAL,GREEN
2026-09-01 15:20:00,N02,0.5923,0.2465,0.6415462103387409,0.0327923602482466,0.0327923602482466,1.7711429713943911,0,NORMAL,GREEN
2026-09-01 15:25:00,N02,0.4237,0.2654,0.4999588483065381,-0.1415873620322028,0.1415873620322028,3.2792717847843367,0,NORMAL,GREEN
2026-09-01 15:30:00,N02,0.4977,0.3122,0.5875152168242113,0.0875563685176731,0.0875563685176731,0.1561401068418837,0,NORMAL,GREEN
2026-09-01 15:35:00,N02,0.4879,0.3176,0.5821650710923836,-0.0053501457318276,0.0053501457318276,0.3469795614648436,0,NORMAL,GREEN
2026-09-01 15:40:00,N02,0.4374,0.3722,0.5743270845084707,-0.0078379865839128,0.0078379865839128,0.6265601859920611,0,NORMAL,GREEN
2026-09-01 15:45:00,N02,0.4959,0.3559,0.6103946428336343,0.0360675583251636,0.0360675583251636,0.6599679770463419,0,NORMAL,GREEN
2026-09-01 15:50:00,N02,0.5171,0.3228,0.609583669400682,-0.0008109734329523,0.0008109734329523,0.6310405916224944,0,NORMAL,GREEN
2026-09-01 15:55:00,N02,0.5285,0.3224,0.6190751246819727,0.0094914552812906,0.0094914552812906,0.9696003692906344,0,NORMAL,GREEN
2026-09-01 16:00:00,N02,0.5321,0.3665,0.6461057653356763,0.0270306406537036,0.0270306406537036,1.9337820905051315,0,NORMAL,GREEN
2026-09-01 16:05:00,N02,0.5098,0.3355,0.6102919711089112,-0.0358137942267651,0.0358137942267651,0.6563056813008644,0,NORMAL,GREEN
2026-09-01 16:10:00,N02,0.4955,0.372,0.6196000726274974,0.0093081015185861,0.0093081015185861,0.9883252386027748,0,NORMAL,GREEN
2026-09-01 16:15:00,N02,0.4662,0.39,0.6078177687432311,-0.0117823038842662,0.0117823038842662,0.5680509955856172,0,NORMAL,GREEN
2026-09-01 16:20:00,N02,0.498,0.2285,0.5479199302817885,-0.0598978384614425,0.0598978384614425,1.568502174746607,0,NORMAL,GREEN
2026-09-01 16:25:00,N02,0.5064,0.2659,0.5719648328350266,0.0240449025532381,0.0240449025532381,0.7108215956131847,0,NORMAL,GREEN
2026-09-01 16:30:00,N02,0.542,0.2674,0.6043730305035128,0.0324081976684861,0.0324081976684861,0.4451773394390336,0,NORMAL,GREEN
2026-09-01 16:35:00,N02,0.4777,0.2055,0.5200264800950044,-0.0843465504085083,0.0843465504085083,2.563460272716046,0,NORMAL,GREEN
2026-09-01 16:40:00,N02,0.4774,0.1788,0.5097844642591612,-0.0102420158358431,0.0102420158358431,2.928792511186552,0,NORMAL,GREEN
2026-09-01 16:45:00,N02,0.4208,0.338,0.5397375658595573,0.0299531016003961,0.0299531016003961,1.8603667410845928,0,NORMAL,GREEN
2026-09-01 16:50:00,N02,0.5393,0.3213,0.6277564655182772,0.0880188996587199,0.0880188996587199,1.2792634015965652,0,NORMAL,GREEN
2026-09-01 16:55:00,N02,0.4517,0.2976,0.5409238855883515,-0.0868325799299257,0.0868325799299257,1.818050770380335,0,NORMAL,GREEN
2026-09-01 17:00:00,N02,0.4998,0.2421,0.5553489443584098,0.0144250587700582,0.0144250587700582,1.3035095809309685,0,NORMAL,GREEN
2026-09-01 17:05:00,N02,0.5752,0.3439,0.6701658376849718,0.114816893326562,0.114816893326562,2.7920037755731304,0,NORMAL,GREEN
2026-09-01 17:10:00,N02,0.489,0.3013,0.574371560925504,-0.0957942767594678,0.0957942767594678,0.62497371422182,0,NORMAL,GREEN
2026-09-01 17:15:00,N02,0.5104,0.1979,0.5474235745745701,-0.0269479863509338,0.0269479863509338,1.5862071602203756,0,NORMAL,GREEN
2026-09-01 17:20:00,N02,0.4876,0.2659,0.5553886657107795,0.0079650911362093,0.0079650911362093,1.302092722100744,0,NORMAL,GREEN
2026-09-01 17:25:00,N02,0.4499,0.2859,0.5330561133689399,-0.0223325523418396,0.0223325523418396,2.0986938471694336,0,NORMAL,GREEN
2026-09-01 17:30:00,N02,0.5899,0.332,0.6769091593411926,0.1438530459722526,0.1438530459722526,3.0325377519776824,0,NORMAL,GREEN
2026-09-01 17:35:00,N02,0.4714,0.3286,0.5746267658228252,-0.1022823935183673,0.1022823935183673,0.6158705671557206,0,NORMAL,GREEN
2026-09-01 17:40:00,N02,0.57,0.3462,0.6668991228064406,0.0922723569836153,0.0922723569836153,2.675480204613383,0,NORMAL,GREEN
2026-09-01 17:45:00,N02,0.503,0.2677,0.5698002193751771,-0.0970989034312634,0.0970989034312634,0.7880332591553073,0,NORMAL,GREEN
2026-09-01 17:50:00,N02,0.5349,0.3197,0.623158166118362,0.0533579467431848,0.0533579467431848,1.115242271395848,0,NORMAL,GREEN
2026-09-01 17:55:00,N02,0.5448,0.3318,0.6378857891503775,0.0147276230320155,0.0147276230320155,1.6405759142912637,0,NORMAL,GREEN
2026-09-01 18:00:00,N02,0.5525,0.2732,0.6163558144448708,-0.0215299747055067,0.0215299747055067,0.8726026969633272,0,NORMAL,GREEN
2026-09-01 18:05:00,N02,0.5659,0.3099,0.6451982796009301,0.0288424651560593,0.0288424651560593,1.9014121156712087,0,NORMAL,GREEN
2026-09-01 18:10:00,N02,0.6038,0.2655,0.659594337452953,0.0143960578520229,0.0143960578520229,2.414918843694878,0,NORMAL,GREEN
2026-09-01 18:15:00,N02,0.5868,0.3099,0.6636054927439947,0.0040111552910416,0.0040111552910416,2.5579965702690464,0,NORMAL,GREEN
2026-09-01 18:20:00,N02,0.4674,0.2758,0.542704707921352,-0.1209007848226427,0.1209007848226427,1.7545289188560964,0,NORMAL,GREEN
2026-09-01 18:25:00,N02,0.484,0.3212,0.5808833273558469,0.0381786194344949,0.0381786194344949,0.3926993021799233,0,NORMAL,GREEN
2026-09-01 18:30:00,N02,0.5261,0.2713,0.5919331887975197,0.0110498614416727,0.0110498614416727,0.0014487522633942,0,NORMAL,GREEN
2026-09-01 18:35:00,N02,0.4988,0.4071,0.6438414789371683,0.0519082901396485,0.0519082901396485,1.853015097779898,0,NORMAL,GREEN
2026-09-01 18:40:00,N02,0.5864,0.3218,0.6688947600332955,0.0250532810961272,0.0250532810961272,2.7466644936193134,0,NORMAL,GREEN
2026-09-01 18:45:00,N02,0.5019,0.306,0.5878261732859469,-0.0810685867473486,0.0810685867473486,0.1450483040119,0,NORMAL,GREEN
2026-09-01 18:50:00,N02,0.5307,0.2489,0.5861686617348286,-0.0016575115511182,0.0016575115511182,0.2041716655616435,0,NORMAL,GREEN
2026-09-01 18:55:00,N02,0.4871,0.2166,0.5330872067495148,-0.0530814549853138,0.0530814549853138,2.0975847477002345,0,NORMAL,GREEN
2026-09-01 19:00:00,N02,0.52,0.3324,0.6171626689941639,0.0840754622446491,0.0840754622446491,0.901383161994616,0,NORMAL,GREEN
2026-09-01 19:05:00,N02,0.4758,0.3787,0.6081112809346657,-0.0090513880594982,0.0090513880594982,0.5785205620883284,0,NORMAL,GREEN
2026-09-01 19:10:00,N02,0.4387,0.2268,0.4938582083958917,-0.114253072538774,0.114253072538774,3.496881332590262,0,NORMAL,GREEN
2026-09-01 19:15:00,N02,0.5112,0.3524,0.6208954823478746,0.1270372739519829,0.1270372739519829,1.034532444339135,0,NORMAL,GREEN
2026-09-01 19:20:00,N02,0.5842,0.2771,0.6465864598025542,0.0256909774546796,0.0256909774546796,1.9509284402491265,0,NORMAL,GREEN
2026-09-01 19:25:00,N02,0.5539,0.2981,0.6290221140786705,-0.0175643457238837,0.0175643457238837,1.3244090281115402,0,NORMAL,GREEN
2026-09-01 19:30:00,N02,0.4914,0.3442,0.5999563317442362,-0.0290657823344342,0.0290657823344342,0.2876338958202937,0,NORMAL,GREEN
2026-09-01 19:35:00,N02,0.5326,0.2212,0.5767080717312703,-0.0232482600129659,0.0232482600129659,0.5416304801785937,0,NORMAL,GREEN
2026-09-01 19:40:00,N02,0.5738,0.369,0.6822077689384665,0.1054996972071962,0.1054996972071962,3.221538915027927,0,NORMAL,GREEN
2026-09-01 19:45:00,N02,0.4687,0.3198,0.5674079044215017,-0.1147998645169647,0.1147998645169647,0.8733670246132823,0,NORMAL,GREEN
2026-09-01 19:50:00,N02,0.5247,0.313,0.6109657028017204,0.0435577983802186,0.0435577983802186,0.6803376601034268,0,NORMAL,GREEN
2026-09-01 19:55:00,N02,0.4725,0.2664,0.5424253036133179,-0.0685403991884024,0.0685403991884024,1.7644952578003468,0,NORMAL,GREEN
2026-09-01 20:00:00,N02,0.4987,0.3586,0.614243966189331,0.0718186625760131,0.0718186625760131,0.7972731658561468,0,NORMAL,GREEN
2026-09-01 20:05:00,N02,0.5272,0.2815,0.5976471283290835,-0.0165968378602474,0.0165968378602474,0.2052647151567461,0,NORMAL,GREEN
2026-09-01 20:10:00,N02,0.5386,0.1576,0.5611842121799222,-0.0364629161491613,0.0364629161491613,1.095365843460116,0,NORMAL,GREEN
2026-09-01 20:15:00,N02,0.5574,0.213,0.5967107842162734,0.0355265720363512,0.0355265720363512,0.1718653632914185,0,NORMAL,GREEN
2026-09-01 20:20:00,N02,0.4819,0.244,0.5401514694972143,-0.0565593147190591,0.0565593147190591,1.8456028171774357,0,NORMAL,GREEN
2026-09-01 20:25:00,N02,0.4353,0.358,0.5636045510816959,0.0234530815844816,0.0234530815844816,1.00903246504961,0,NORMAL,GREEN
2026-09-01 20:30:00,N02,0.4766,0.3173,0.5725616560685846,0.0089571049868886,0.0089571049868886,0.6895329380499082,0,NORMAL,GREEN
2026-09-01 20:35:00,N02,0.4977,0.3239,0.5938152069457299,0.0212535508771453,0.0212535508771453,0.0685802539079772,0,NORMAL,GREEN
2026-09-01 20:40:00,N02,0.5038,0.2359,0.5562942117261332,-0.0375209952195966,0.0375209952195966,1.2697919369692203,0,NORMAL,GREEN
2026-09-01 20:45:00,N02,0.5498,0.2753,0.6148740765392536,0.0585798648131203,0.0585798648131203,0.8197491733443474,0,NORMAL,GREEN
2026-09-01 20:50:00,N02,0.4222,0.2786,0.5058367325531036,-0.10903734398615,0.10903734398615,3.0696079213724805,0,NORMAL,GREEN
2026-09-01 20:55:00,N02,0.575,0.3425,0.6692766617774745,0.1634399292243709,0.1634399292243709,2.760286911443393,0,WARNING,YELLOW
2026-09-01 21:00:00,N02,0.4826,0.2825,0.5592039073540169,-0.1100727544234575,0.1100727544234575,1.1660032264223696,0,NORMAL,GREEN
2026-09-01 21:05:00,N02,0.4839,0.4038,0.6302488794119352,0.0710449720579182,0.0710449720579182,1.3681676916854788,0,NORMAL,GREEN
2026-09-01 21:10:00,N02,0.5191,0.3215,0.610595659991127,-0.0196532194208082,0.0196532194208082,0.667138249900321,0,NORMAL,GREEN
2026-09-01 21:15:00,N02,0.5515,0.3119,0.6335880838525927,0.0229924238614657,0.0229924238614657,1.4872769620252884,0,NORMAL,GREEN
2026-09-01 21:20:00,N02,0.487,0.2902,0.56690831710251,-0.0666797667500826,0.0666797667500826,0.891187281531845,0,NORMAL,GREEN
2026-09-01 21:25:00,N02,0.4964,0.2981,0.5790307159382825,0.0121223988357724,0.0121223988357724,0.4587818670814754,0,NORMAL,GREEN
2026-09-01 21:30:00,N02,0.5364,0.3026,0.6158666414086738,0.0368359254703912,0.0368359254703912,0.8551539170378124,0,NORMAL,GREEN
2026-09-01 21:35:00,N02,0.5366,0.296,0.6128258806545298,-0.0030407607541439,0.0030407607541439,0.7466901194056135,0,NORMAL,GREEN
2026-09-01 21:40:00,N02,0.5039,0.2001,0.542176373516958,-0.0706495071375717,0.0706495071375717,1.7733745830018914,0,NORMAL,GREEN
2026-09-01 21:45:00,N02,0.5458,0.3173,0.6313294940045174,0.0891531204875594,0.0891531204875594,1.4067131649945877,0,NORMAL,GREEN
2026-09-01 21:50:00,N02,0.5499,0.1552,0.5713817025421798,-0.0599477914623376,0.0599477914623376,0.7316218266048371,0,NORMAL,GREEN
2026-09-01 21:55:00,N02,0.6044,0.293,0.6716757848843444,0.1002940823421646,0.1002940823421646,2.845863523415792,0,NORMAL,GREEN
2026-09-01 22:00:00,N02,0.5554,0.248,0.6082541902856075,-0.0634215945987369,0.0634215945987369,0.5836181321287106,0,NORMAL,GREEN
2026-09-01 22:05:00,N02,0.5306,0.2473,0.5854004185171036,-0.0228537717685038,0.0228537717685038,0.2315748661541542,0,NORMAL,GREEN
2026-09-01 22:10:00,N02,0.4688,0.3957,0.6134752888258825,0.0280748703087789,0.0280748703087789,0.7698544793054534,0,NORMAL,GREEN
2026-09-01 22:15:00,N02,0.4905,0.3109,0.5807314870058279,-0.0327438018200546,0.0327438018200546,0.3981154405506985,0,NORMAL,GREEN
2026-09-01 22:20:00,N02,0.5435,0.3248,0.6331566077993658,0.0524251207935378,0.0524251207935378,1.4718862308549503,0,NORMAL,GREEN
2026-09-01 22:25:00,N02,0.5075,0.3182,0.5990054173377732,-0.0341511904615925,0.0341511904615925,0.2537148222438585,0,NORMAL,GREEN
2026-09-01 22:30:00,N02,0.6202,0.2971,0.6876892103268742,0.088683792989101,0.088683792989101,3.417061679742246,0,NORMAL,GREEN
2026-09-01 22:35:00,N02,0.5101,0.3525,0.6200469820908735,-0.0676422282360007,0.0676422282360007,1.0042664788103384,0,NORMAL,GREEN
2026-09-01 22:40:00,N02,0.5553,0.3594,0.6614578217845791,0.0414108396937056,0.0414108396937056,2.4813892449458863,0,NORMAL,GREEN
2026-09-01 22:45:00,N02,0.5319,0.2428,0.5846960321397777,-0.0767617896448014,0.0767617896448014,0.2567002961574943,0,NORMAL,GREEN
2026-09-01 22:50:00,N02,0.5817,0.2427,0.63030007139457,0.0456040392547922,0.0456040392547922,1.3699937073749164,0,NORMAL,GREEN
2026-09-01 22:55:00,N02,0.5151,0.2623,0.5780391855229193,-0.0522608858716506,0.0522608858716506,0.4941497118458346,0,NORMAL,GREEN
2026-09-01 23:00:00,N02,0.4968,0.3164,0.5889984719844357,0.0109592864615163,0.0109592864615163,0.1032324628201538,0,NORMAL,GREEN
2026-09-01 23:05:00,N02,0.5161,0.3211,0.6078358495515052,0.0188373775670694,0.0188373775670694,0.5686959371934003,0,NORMAL,GREEN
2026-09-01 23:10:00,N02,0.5807,0.3227,0.6643401086792818,0.0565042591277766,0.0565042591277766,2.5842002872282923,0,NORMAL,GREEN
2026-09-01 23:15:00,N02,0.4878,0.3482,0.5993263551688679,-0.0650137535104139,0.0650137535104139,0.2651626600643541,0,NORMAL,GREEN
2026-09-01 23:20:00,N02,0.5595,0.2386,0.6082517653077548,0.0089254101388869,0.0089254101388869,0.5835316332791342,0,NORMAL,GREEN
2026-09-01 23:25:00,N02,0.5299,0.3351,0.6269657247409941,0.0187139594332392,0.0187139594332392,1.2510577140790966,0,NORMAL,GREEN
2026-09-01 23:30:00,N02,0.4851,0.3688,0.609372997432607,-0.0175927273083871,0.0175927273083871,0.6235259321146971,0,NORMAL,GREEN
2026-09-01 23:35:00,N02,0.4925,0.3063,0.5799792582498102,-0.0293937391827967,0.0293937391827967,0.4249474060233618,0,NORMAL,GREEN
2026-09-01 23:40:00,N02,0.4913,0.3008,0.5760697266824564,-0.0039095315673538,0.0039095315673538,0.5644002190012578,0,NORMAL,GREEN
2026-09-01 23:45:00,N02,0.4452,0.228,0.5001870050291191,-0.0758827216533373,0.0758827216533373,3.2711334448795206,0,NORMAL,GREEN
2026-09-01 23:50:00,N02,0.5797,0.2577,0.6343984394684463,0.1342114344393272,0.1342114344393272,1.516182309941359,0,NORMAL,GREEN
2026-09-01 23:55:00,N02,0.4504,0.1923,0.4897340604858927,-0.1446643789825536,0.1446643789825536,3.643989500737256,0,NORMAL,GREEN
2026-09-01 00:00:00,N03,0.4681,0.2338,0.5232399545141789,0.0,0.0,2.2992762496061547,0,NORMAL,GREEN
2026-09-01 00:05:00,N03,0.5851,0.3525,0.6830799806757624,0.1598400261615834,0.1598400261615834,1.6795922981145888,0,WARNING,YELLOW
2026-09-01 00:10:00,N03,0.4716,0.4166,0.6292552105465636,-0.0538247701291987,0.0538247701291987,1.888265601308802,0,NORMAL,GREEN
2026-09-01 00:15:00,N03,0.5581,0.2898,0.628855826084167,-0.0003993844623966,0.0003993844623966,1.889813975316024,0,NORMAL,GREEN
2026-09-01 00:20:00,N03,0.387,0.4225,0.5729530958115158,-0.0559027302726512,0.0559027302726512,2.106543324193281,0,NORMAL,GREEN
2026-09-01 00:25:00,N03,0.4455,0.2277,0.5003174392323337,-0.072635656579182,0.072635656579182,2.388144571196768,0,NORMAL,GREEN
2026-09-01 00:30:00,N03,0.5691,0.434,0.7157030180179486,0.2153855787856148,0.2153855787856148,1.5531160131981538,0,WARNING,YELLOW
2026-09-01 00:35:00,N03,0.5902,0.3422,0.6822293456016092,-0.0334736724163393,0.0334736724163393,1.6828901260534783,0,NORMAL,GREEN
2026-09-01 00:40:00,N03,0.5537,0.3587,0.6597343253158805,-0.0224950202857286,0.0224950202857286,1.7701010918815965,0,NORMAL,GREEN
2026-09-01 00:45:00,N03,0.5649,0.3321,0.6552880435350549,-0.0044462817808256,0.0044462817808256,1.7873388860033368,0,NORMAL,GREEN
2026-09-01 00:50:00,N03,0.5352,0.3169,0.6219844451431241,-0.0333035983919307,0.0333035983919307,1.916453638709502,0,NORMAL,GREEN
2026-09-01 00:55:00,N03,0.4953,0.308,0.5832547385148277,-0.0387297066282964,0.0387297066282964,2.0666048756673203,0,NORMAL,GREEN
2026-09-01 01:00:00,N03,0.4514,0.3191,0.5527990321988634,-0.0304557063159642,0.0304557063159642,2.1846786328391605,0,NORMAL,GREEN
2026-09-01 01:05:00,N03,0.4896,0.2708,0.5595004915100611,0.0067014593111976,0.0067014593111976,2.1586977387762127,0,NORMAL,GREEN
2026-09-01 01:10:00,N03,0.551,0.3976,0.6794753564331822,0.1199748649231211,0.1199748649231211,1.693567069315053,0,NORMAL,GREEN
2026-09-01 01:15:00,N03,0.5909,0.2515,0.642195499828518,-0.0372798566046642,0.0372798566046642,1.8380973813187784,0,NORMAL,GREEN
2026-09-01 01:20:00,N03,0.4985,0.379,0.626213422085474,-0.0159820777430439,0.0159820777430439,1.9000583139255025,0,NORMAL,GREEN
2026-09-01 01:25:00,N03,0.5019,0.3228,0.5967440406070261,-0.0294693814784479,0.0294693814784479,2.0143081873840822,0,NORMAL,GREEN
2026-09-01 01:30:00,N03,0.5815,0.2876,0.648734159729546,0.0519901191225198,0.0519901191225198,1.812747644446036,0,NORMAL,GREEN
2026-09-01 01:35:00,N03,0.5623,0.2713,0.6243276223266114,-0.0244065374029345,0.0244065374029345,1.9073693728283112,0,NORMAL,GREEN
2026-09-01 01:40:00,N03,0.5299,0.356,0.6383807719535418,0.0140531496269303,0.0140531496269303,1.8528867034941925,0,NORMAL,GREEN
2026-09-01 01:45:00,N03,0.4834,0.364,0.6051211118445629,-0.0332596601089789,0.0332596601089789,1.9818311118288308,0,NORMAL,GREEN
2026-09-01 01:50:00,N03,0.565,0.3716,0.6762481497202044,0.0711270378756415,0.0711270378756415,1.706078630131219,0,NORMAL,GREEN
2026-09-01 01:55:00,N03,0.5802,0.4142,0.7128770440966662,0.0366288943764617,0.0366288943764617,1.5640720342174577,0,NORMAL,GREEN
2026-09-01 02:00:00,N03,0.5783,0.3265,0.6641032600431954,-0.0487737840534707,0.0487737840534707,1.7531631646261645,0,NORMAL,GREEN
2026-09-01 02:05:00,N03,0.5811,0.3772,0.6927893258415576,0.0286860657983621,0.0286860657983621,1.6419501284827271,0,NORMAL,GREEN
2026-09-01 02:10:00,N03,0.5804,0.354,0.6798383337235405,-0.012950992118017,0.012950992118017,1.6921598423081985,0,NORMAL,GREEN
2026-09-01 02:15:00,N03,0.5459,0.3209,0.6332326744570278,-0.0466056592665127,0.0466056592665127,1.8728453676405477,0,NORMAL,GREEN
2026-09-01 02:20:00,N03,0.5139,0.4435,0.6788118001331445,0.0455791256761166,0.0455791256761166,1.6961396113742544,0,NORMAL,GREEN
2026-09-01 02:25:00,N03,0.5248,0.3234,0.6164435091717652,-0.0623682909613793,0.0623682909613793,1.9379352987176304,0,NORMAL,GREEN
2026-09-01 02:30:00,N03,0.5541,0.4047,0.686155157380603,0.0697116482088378,0.0697116482088378,1.667670142583508,0,NORMAL,GREEN
2026-09-01 02:35:00,N03,0.5783,0.4244,0.7173187924486574,0.0311636350680544,0.0311636350680544,1.546851815750335,0,NORMAL,GREEN
2026-09-01 02:40:00,N03,0.5623,0.3779,0.6774877858677602,-0.0398310065808972,0.0398310065808972,1.7012726835559064,0,NORMAL,GREEN
2026-09-01 02:45:00,N03,0.5572,0.4733,0.7310846257445167,0.0535968398767565,0.0535968398767565,1.4934830433770825,0,NORMAL,GREEN
2026-09-01 02:50:00,N03,0.5426,0.3835,0.6644448886100336,-0.0666397371344831,0.0666397371344831,1.7518387045061024,0,NORMAL,GREEN
2026-09-01 02:55:00,N03,0.6367,0.3907,0.747016318429524,0.0825714298194904,0.0825714298194904,1.4317174486504258,0,NORMAL,GREEN
2026-09-01 03:00:00,N03,0.5987,0.3655,0.7014498841684985,-0.0455664342610254,0.0455664342610254,1.608374001557319,0,NORMAL,GREEN
2026-09-01 03:05:00,N03,0.6132,0.3666,0.7144297026300068,0.0129798184615083,0.0129798184615083,1.5580525308529811,0,NORMAL,GREEN
2026-09-01 03:10:00,N03,0.6622,0.4865,0.8217001216989078,0.107270419068901,0.107270419068901,1.1421757397695391,0,NORMAL,GREEN
2026-09-01 03:15:00,N03,0.5891,0.3095,0.66545402545931,-0.1562460962395978,0.1562460962395978,1.7479263808824614,0,WARNING,YELLOW
2026-09-01 03:20:00,N03,0.6156,0.509,0.7987767898480777,0.1333227643887676,0.1333227643887676,1.2310472271172372,0,NORMAL,GREEN
2026-09-01 03:25:00,N03,0.5828,0.464,0.7449508977107149,-0.0538258921373627,0.0538258921373627,1.439724880225983,0,NORMAL,GREEN
2026-09-01 03:30:00,N03,0.7099,0.3563,0.794296984760738,0.049346087050023,0.049346087050023,1.2484149877783144,0,NORMAL,GREEN
2026-09-01 03:35:00,N03,0.6574,0.4674,0.8066210510518554,0.0123240662911174,0.0123240662911174,1.200635803295428,0,NORMAL,GREEN
2026-09-01 03:40:00,N03,0.613,0.3778,0.7200707187492073,-0.0865503323026481,0.0865503323026481,1.5361828700232216,0,NORMAL,GREEN
2026-09-01 03:45:00,N03,0.6059,0.3393,0.6944345181512798,-0.0256362005979274,0.0256362005979274,1.6355718808314064,0,NORMAL,GREEN
2026-09-01 03:50:00,N03,0.6055,0.3308,0.6899702095018306,-0.0044643086494491,0.0044643086494491,1.6528795633374889,0,NORMAL,GREEN
2026-09-01 03:55:00,N03,0.6427,0.3555,0.7344682021707952,0.0444979926689645,0.0444979926689645,1.4803652526687003,0,NORMAL,GREEN
2026-09-01 04:00:00,N03,0.6557,0.3182,0.7288303849319127,-0.0056378172388825,0.0056378172388825,1.5022225117562724,0,NORMAL,GREEN
2026-09-01 04:05:00,N03,0.6635,0.4397,0.7959700622510874,0.0671396773191747,0.0671396773191747,1.241928632043342,0,NORMAL,GREEN
2026-09-01 04:10:00,N03,0.5503,0.4187,0.6914765216549293,-0.104493540596158,0.104493540596158,1.6470397402992447,0,NORMAL,GREEN
2026-09-01 04:15:00,N03,0.7144,0.3415,0.7918267550417831,0.1003502333868537,0.1003502333868537,1.2579918237567218,0,NORMAL,GREEN
2026-09-01 04:20:00,N03,0.7396,0.425,0.8530141616643888,0.0611874066226056,0.0611874066226056,1.0207743080445617,0,NORMAL,GREEN
2026-09-01 04:25:00,N03,0.6237,0.4032,0.7426788875415808,-0.1103352741228079,0.1103352741228079,1.4485332386406315,0,NORMAL,GREEN
2026-09-01 04:30:00,N03,0.6899,0.4118,0.8034558170801926,0.0607769295386118,0.0607769295386118,1.2129071019310558,0,NORMAL,GREEN
2026-09-01 04:35:00,N03,0.6919,0.364,0.7818066321028493,-0.0216491849773433,0.0216491849773433,1.2968388480368152,0,NORMAL,GREEN
2026-09-01 04:40:00,N03,0.6765,0.3413,0.7577189056635713,-0.024087726439278,0.024087726439278,1.3902245778867972,0,NORMAL,GREEN
2026-09-01 04:45:00,N03,0.6654,0.3688,0.760769741774737,0.0030508361111657,0.0030508361111657,1.3783967884267956,0,NORMAL,GREEN
2026-09-01 04:50:00,N03,0.6372,0.4778,0.7964400040178795,0.0356702622431425,0.0356702622431425,1.2401067143547009,0,NORMAL,GREEN
2026-09-01 04:55:00,N03,0.7316,0.4485,0.8581321634806611,0.0616921594627816,0.0616921594627816,1.0009323218699442,0,NORMAL,GREEN
2026-09-01 05:00:00,N03,0.6254,0.4042,0.7446494477269153,-0.1134827157537458,0.1134827157537458,1.4408935719587357,0,NORMAL,GREEN
2026-09-01 05:05:00,N03,0.7437,0.4291,0.8586131259187691,0.1139636781918538,0.1139636781918538,0.9990676781300558,0,NORMAL,GREEN
2026-09-01 05:10:00,N03,0.802,0.4437,0.9165553393003611,0.057942213381592,0.057942213381592,0.7744314552219407,0,NORMAL,GREEN
2026-09-01 05:15:00,N03,0.6986,0.4105,0.8102790938929623,-0.1062762454073988,0.1062762454073988,1.1864539334788466,0,NORMAL,GREEN
2026-09-01 05:20:00,N03,0.6987,0.4204,0.8154249505625886,0.0051458566696263,0.0051458566696263,1.1665039567964126,0,NORMAL,GREEN
2026-09-01 05:25:00,N03,0.7304,0.4778,0.8727983730507294,0.0573734224881408,0.0573734224881408,0.9440728798513612,0,NORMAL,GREEN
2026-09-01 05:30:00,N03,0.6587,0.3654,0.7532614751864056,-0.1195368978643237,0.1195368978643237,1.407505594400124,0,NORMAL,GREEN
2026-09-01 05:35:00,N03,0.6092,0.4594,0.7630026212274765,0.0097411460410709,0.0097411460410709,1.369740135924254,0,NORMAL,GREEN
2026-09-01 05:40:00,N03,0.6488,0.3284,0.7271781074812416,-0.0358245137462349,0.0358245137462349,1.5086282277973673,0,NORMAL,GREEN
2026-09-01 05:45:00,N03,0.7264,0.5626,0.9187903569367716,0.19161224945553,0.19161224945553,0.7657665131930647,0,WARNING,YELLOW
2026-09-01 05:50:00,N03,0.7097,0.4819,0.8578471309038691,-0.0609432260329024,0.0609432260329024,1.0020373649416447,0,NORMAL,GREEN
2026-09-01 05:55:00,N03,0.7171,0.4371,0.8398147533831494,-0.0180323775207197,0.0180323775207197,1.0719471067326718,0,NORMAL,GREEN
2026-09-01 06:00:00,N03,0.762,0.4295,0.8747080941662768,0.0348933407831274,0.0348933407831274,0.936669080217764,0,NORMAL,GREEN
2026-09-01 06:05:00,N03,0.7324,0.4621,0.8659943244617716,-0.0087137697045052,0.0087137697045052,0.9704515023841408,0,NORMAL,GREEN
2026-09-01 06:10:00,N03,0.6886,0.4976,0.84957384611345,-0.0164204783483216,0.0164204783483216,1.0341120707200289,0,NORMAL,GREEN
2026-09-01 06:15:00,N03,0.7163,0.4122,0.8264348310665518,-0.0231390150468981,0.0231390150468981,1.123819740458455,0,NORMAL,GREEN
2026-09-01 06:20:00,N03,0.7548,0.4071,0.8575858266086258,0.031150995542074,0.031150995542074,1.003050415815738,0,NORMAL,GREEN
2026-09-01 06:25:00,N03,0.7324,0.4535,0.8614360161962118,0.0038501895875859,0.0038501895875859,0.9881236120925264,0,NORMAL,GREEN
2026-09-01 06:30:00,N03,0.7883,0.4797,0.9227832789989208,0.0613472628027089,0.0613472628027089,0.7502863498016428,0,NORMAL,GREEN
2026-09-01 06:35:00,N03,0.7357,0.4989,0.8889070255094174,-0.0338762534895034,0.0338762534895034,0.8816212296075548,0,NORMAL,GREEN
2026-09-01 06:40:00,N03,0.8095,0.4879,0.9451648850861948,0.0562578595767774,0.0562578595767774,0.663515079588831,0,NORMAL,GREEN
2026-09-01 06:45:00,N03,0.7435,0.3964,0.8425705964487487,-0.1025942886374461,0.1025942886374461,1.0612629760953631,0,NORMAL,GREEN
2026-09-01 06:50:00,N03,0.6927,0.4487,0.8253271957230053,-0.0172434007257433,0.0172434007257433,1.1281139329894716,0,NORMAL,GREEN
2026-09-01 06:55:00,N03,0.7185,0.4567,0.8513619324353185,0.0260347367123132,0.0260347367123132,1.0271798371352858,0,NORMAL,GREEN
2026-09-01 07:00:00,N03,0.7548,0.4945,0.9023598450729068,0.0509979126375882,0.0509979126375882,0.8294659804750332,0,NORMAL,GREEN
2026-09-01 07:05:00,N03,0.7515,0.4943,0.8994913785023179,-0.0028684665705889,0.0028684665705889,0.8405867412873911,0,NORMAL,GREEN
2026-09-01 07:10:00,N03,0.7612,0.3732,0.8477639294048785,-0.0517274490974393,0.0517274490974393,1.041128938552022,0,NORMAL,GREEN
2026-09-01 07:15:00,N03,0.714,0.4668,0.8530523078920776,0.005288378487199,0.005288378487199,1.0206264188976668,0,NORMAL,GREEN
2026-09-01 07:20:00,N03,0.7035,0.506,0.866572703239607,0.0135203953475293,0.0135203953475293,0.968209185142866,0,NORMAL,GREEN
2026-09-01 07:25:00,N03,0.8435,0.5389,1.0009522765846532,0.1343795733450462,0.1343795733450462,0.4472328877164142,0,WARNING,YELLOW
2026-09-01 07:30:00,N03,0.7593,0.5545,0.9402163261718018,-0.0607359504128514,0.0607359504128514,0.6827001524138308,0,NORMAL,GREEN
2026-09-01 07:35:00,N03,0.7804,0.4651,0.9084834450885716,-0.0317328810832302,0.0317328810832302,0.8057253896719204,0,NORMAL,GREEN
2026-09-01 07:40:00,N03,0.7453,0.4689,0.8805335314455662,-0.0279499136430053,0.0279499136430053,0.9140844368146966,0,NORMAL,GREEN
2026-09-01 07:45:00,N03,0.7596,0.4945,0.906378734304816,0.0258452028592497,0.0258452028592497,0.8138851449381397,0,NORMAL,GREEN
2026-09-01 07:50:00,N03,0.79,0.4882,0.9286760683898344,0.0222973340850184,0.0222973340850184,0.7274405889321003,0,NORMAL,GREEN
2026-09-01 07:55:00,N03,0.8068,0.5495,0.976153927411041,0.0474778590212066,0.0474778590212066,0.5433736315300874,0,NORMAL,GREEN
2026-09-01 08:00:00,N03,0.8355,0.4178,0.9341397593508158,-0.0420141680602251,0.0420141680602251,0.7062584001791591,0,NORMAL,GREEN
2026-09-01 08:05:00,N03,0.6633,0.5407,0.8557589497048804,-0.0783808096459354,0.0783808096459354,1.0101330366447483,0,NORMAL,GREEN
2026-09-01 08:10:00,N03,0.7257,0.4848,0.872737950360817,0.0169790006559366,0.0169790006559366,0.9443071326361224,0,NORMAL,GREEN
2026-09-01 08:15:00,N03,0.7385,0.4079,0.843661460539712,-0.029076489821105,0.029076489821105,1.0570338040496512,0,NORMAL,GREEN
2026-09-01 08:20:00,N03,0.8271,0.538,0.986680500466083,0.143019039926371,0.143019039926371,0.5025631503067,0,NORMAL,GREEN
2026-09-01 08:25:00,N03,0.7742,0.3724,0.8591084914025702,-0.1275720090635128,0.1275720090635128,0.9971471952084374,0,NORMAL,GREEN
2026-09-01 08:30:00,N03,0.7787,0.5236,0.9383659467393304,0.0792574553367602,0.0792574553367602,0.6898738902191128,0,NORMAL,GREEN
2026-09-01 08:35:00,N03,0.7351,0.5152,0.8976653329610095,-0.0407006137783209,0.0407006137783209,0.8476661390065683,0,NORMAL,GREEN
2026-09-01 08:40:00,N03,0.8112,0.537,0.9728383421720178,0.0751730092110083,0.0751730092110083,0.5562278271390646,0,NORMAL,GREEN
2026-09-01 08:45:00,N03,0.821,0.4613,0.941721131758229,-0.0311172104137887,0.0311172104137887,0.6768661701853674,0,NORMAL,GREEN
2026-09-01 08:50:00,N03,0.8778,0.5041,1.0122497962459662,0.0705286644877372,0.0705286644877372,0.4034335228520789,0,WARNING,YELLOW
2026-09-01 08:55:00,N03,0.8196,0.4673,0.943458239669356,-0.0687915565766101,0.0687915565766101,0.6701315748503651,0,NORMAL,GREEN
2026-09-01 09:00:00,N03,0.8018,0.4718,0.9303109587659386,-0.0131472809034174,0.0131472809034174,0.7211022808571528,0,NORMAL,GREEN
2026-09-01 09:05:00,N03,0.8184,0.6036,1.0169127396192852,0.0866017808533465,0.0866017808533465,0.3853557531935665,0,WARNING,YELLOW
2026-09-01 09:10:00,N03,0.7614,0.4393,0.8790417794394075,-0.1378709601798776,0.1378709601798776,0.9198678116052348,0,NORMAL,GREEN
2026-09-01 09:15:00,N03,0.9066,0.5115,1.0409398685803133,0.1618980891409057,0.1618980891409057,0.2922049537654201,0,WARNING,YELLOW
2026-09-01 09:20:00,N03,0.8025,0.576,0.9878169111733206,-0.0531229574069926,0.0531229574069926,0.4981573985404532,0,NORMAL,GREEN
2026-09-01 09:25:00,N03,0.8087,0.6173,1.0173765183057843,0.0295596071324637,0.0295596071324637,0.3835577291568535,0,WARNING,YELLOW
2026-09-01 09:30:00,N03,0.8759,0.5036,1.010353289696233,-0.0070232286095512,0.0070232286095512,0.4107860909227337,0,WARNING,YELLOW
2026-09-01 09:35:00,N03,0.9529,0.4997,1.0759732803373885,0.0656199906411554,0.0656199906411554,0.1563838859566035,0,WARNING,YELLOW
2026-09-01 09:40:00,N03,0.8851,0.547,1.0404859489680771,-0.0354873313693113,0.0354873313693113,0.2939647551476201,0,WARNING,YELLOW
2026-09-01 09:45:00,N03,0.9161,0.6121,1.1017738515684603,0.0612879026003831,0.0612879026003831,0.0563576264823489,0,WARNING,YELLOW
2026-09-01 09:50:00,N03,0.8556,0.4983,0.9901284007642646,-0.1116454508041957,0.1116454508041957,0.4891959823173368,0,NORMAL,GREEN
2026-09-01 09:55:00,N03,0.88,0.5041,1.01415817799789,0.0240297772336255,0.0240297772336255,0.3960349157986048,0,WARNING,YELLOW
2026-09-01 10:00:00,N03,0.9607,0.5468,1.1054115658884704,0.0912533878905803,0.0912533878905803,0.0422545683288015,0,WARNING,YELLOW
2026-09-01 10:05:00,N03,0.8447,0.5512,1.0086325049293228,-0.0967790609591476,0.0967790609591476,0.4174574030441887,0,WARNING,YELLOW
2026-09-01 10:10:00,N03,0.7986,0.4954,0.9397782291583476,-0.0688542757709751,0.0688542757709751,0.6843986111475618,0,NORMAL,GREEN
2026-09-01 10:15:00,N03,0.929,0.5132,1.0613271126283357,0.121548883469988,0.121548883469988,0.2131656276648977,0,WARNING,YELLOW
2026-09-01 10:20:00,N03,0.8197,0.5748,1.0011509027114744,-0.0601762099168612,0.0601762099168612,0.4464628338938904,0,WARNING,YELLOW
2026-09-01 10:25:00,N03,0.9343,0.5859,1.1028124500566725,0.101661547345198,0.101661547345198,0.0523310830023204,0,WARNING,YELLOW
2026-09-01 10:30:00,N03,0.9278,0.5142,1.060761273802923,-0.0420511762537494,0.0420511762537494,0.2153593287525375,0,WARNING,YELLOW
2026-09-01 10:35:00,N03,0.8099,0.6291,1.0255266061882549,-0.0352346676146682,0.0352346676146682,0.3519606455896418,0,WARNING,YELLOW
2026-09-01 10:40:00,N03,0.8679,0.5435,1.0240325483108434,-0.0014940578774114,0.0014940578774114,0.3577529600146623,0,WARNING,YELLOW
2026-09-01 10:45:00,N03,0.9534,0.5858,1.11898757812587,0.0949550298150265,0.0949550298150265,0.0103782865999446,0,WARNING,YELLOW
2026-09-01 10:50:00,N03,0.9128,0.6683,1.1312951560048332,0.0123075778789631,0.0123075778789631,0.0580935471418573,0,WARNING,YELLOW
2026-09-01 10:55:00,N03,0.8608,0.6084,1.05410018499192,-0.0771949710129131,0.0771949710129131,0.2411837103843687,0,WARNING,YELLOW
2026-09-01 11:00:00,N03,0.8989,0.5774,1.0683688361235553,0.0142686511316352,0.0142686511316352,0.1858655630589433,0,WARNING,YELLOW
2026-09-01 11:05:00,N03,0.9754,0.5914,1.1406836195895864,0.0723147834660311,0.0723147834660311,0.0944916906628875,0,WARNING,YELLOW
2026-09-01 11:10:00,N03,0.9289,0.6216,1.117694846548019,-0.0229887730415674,0.0229887730415674,0.0053664942997429,0,WARNING,YELLOW
2026-09-01 11:15:00,N03,0.8868,0.528,1.0320844151521715,-0.0856104313958474,0.0856104313958474,0.3265366696965285,0,WARNING,YELLOW
2026-09-01 11:20:00,N03,0.8558,0.4737,0.9781540420608608,-0.0539303730913107,0.0539303730913107,0.5356193851163418,0,NORMAL,GREEN
2026-09-01 11:25:00,N03,1.0138,0.5188,1.1388344392404015,0.1606803971795407,0.1606803971795407,0.0873226015847547,0,WARNING,YELLOW
2026-09-01 11:30:00,N03,0.9029,0.5622,1.0636245813255727,-0.0752098579148288,0.0752098579148288,0.2042585690581081,0,WARNING,YELLOW
2026-09-01 11:35:00,N03,0.9324,0.6188,1.1190546009913904,0.0554300196658177,0.0554300196658177,0.0106381276118823,0,WARNING,YELLOW
2026-09-01 11:40:00,N03,0.963,0.5508,1.109391562974949,-0.0096630380164415,0.0096630380164415,0.0268245137880156,0,WARNING,YELLOW
2026-09-01 11:45:00,N03,0.9146,0.5961,1.0917089218285247,-0.0176826411464241,0.0176826411464241,0.095378362292434,0,WARNING,YELLOW
2026-09-01 11:50:00,N03,0.9136,0.6644,1.1296425629374982,0.0379336411089734,0.0379336411089734,0.0516866074862139,0,WARNING,YELLOW
2026-09-01 11:55:00,N03,0.9535,0.6227,1.1388228747263551,0.0091803117888569,0.0091803117888569,0.0872777671091016,0,WARNING,YELLOW
2026-09-01 12:00:00,N03,0.9651,0.6467,1.1617396007711882,0.022916726044833,0.022916726044833,0.1761236444011625,0,WARNING,YELLOW
2026-09-01 12:05:00,N03,0.9441,0.5252,1.0803517251339954,-0.0813878756371928,0.0813878756371928,0.1394090891043671,0,WARNING,YELLOW
2026-09-01 12:10:00,N03,0.958,0.5594,1.1093657467219726,0.0290140215879772,0.0290140215879772,0.0269246008440629,0,WARNING,YELLOW
2026-09-01 12:15:00,N03,0.9146,0.6233,1.106795396629386,-0.0025703500925866,0.0025703500925866,0.036889593595507,0,WARNING,YELLOW
2026-09-01 12:20:00,N03,1.0059,0.5971,1.1697705843454946,0.0629751877161086,0.0629751877161086,0.2072589723612512,0,WARNING,YELLOW
2026-09-01 12:25:00,N03,0.9624,0.6831,1.1801861590444112,0.0104155746989165,0.0104155746989165,0.2476391239507874,0,WARNING,YELLOW
2026-09-01 12:30:00,N03,0.962,0.7301,1.2076795974098429,0.0274934383654317,0.0274934383654317,0.3542284616499534,0,WARNING,YELLOW
2026-09-01 12:35:00,N03,0.9813,0.514,1.1077660809033647,-0.0999135165064781,0.0999135165064781,0.033126346798101,0,WARNING,YELLOW
2026-09-01 12:40:00,N03,0.9937,0.6231,1.1728995268137847,0.06513344591042,0.06513344591042,0.2193895724324729,0,WARNING,YELLOW
2026-09-01 12:45:00,N03,1.0235,0.6397,1.206966586115788,0.0340670593020033,0.0340670593020033,0.3514641874767791,0,WARNING,YELLOW
2026-09-01 12:50:00,N03,0.9551,0.5468,1.1005481588735675,-0.1064184272422206,0.1064184272422206,0.0611095156725927,0,WARNING,YELLOW
2026-09-01 12:55:00,N03,0.9545,0.5675,1.1104622911202342,0.0099141322466667,0.0099141322466667,0.0226734068095115,0,WARNING,YELLOW
2026-09-01 13:00:00,N03,0.939,0.6414,1.1371521270261071,0.0266898359058729,0.0266898359058729,0.080800443739619,0,WARNING,YELLOW
2026-09-01 13:05:00,N03,1.0545,0.6337,1.2302625492145975,0.0931104221884904,0.0931104221884904,0.4417803292689378,0,WARNING,YELLOW
2026-09-01 13:10:00,N03,0.9142,0.6382,1.1149264011583904,-0.1153361480562071,0.1153361480562071,0.005366494299742,0,WARNING,YELLOW
2026-09-01 13:15:00,N03,1.0368,0.5875,1.1916838884536451,0.0767574872952547,0.0767574872952547,0.2922146821798147,0,WARNING,YELLOW
2026-09-01 13:20:00,N03,0.9733,0.6207,1.154374887114234,-0.037309001339411,0.037309001339411,0.1475713789258574,0,WARNING,YELLOW
2026-09-01 13:25:00,N03,0.9438,0.6544,1.1484762949229732,-0.0058985921912608,0.0058985921912608,0.1247031211740556,0,WARNING,YELLOW
2026-09-01 13:30:00,N03,0.98,0.645,1.173211404649648,0.0247351097266748,0.0247351097266748,0.2205986919149424,0,WARNING,YELLOW
2026-09-01 13:35:00,N03,0.9446,0.6041,1.121251965438634,-0.051959439211014,0.051959439211014,0.0191570919553841,0,WARNING,YELLOW
2026-09-01 13:40:00,N03,1.0281,0.6094,1.1951393098714476,0.0738873444328136,0.0738873444328136,0.3056110088050854,0,WARNING,YELLOW
2026-09-01 13:45:00,N03,1.0813,0.61,1.2414949415925949,0.0463556317211473,0.0463556317211473,0.4853272021058121,0,WARNING,YELLOW
2026-09-01 13:50:00,N03,1.0092,0.6786,1.2161342853484562,-0.0253606562441386,0.0253606562441386,0.3870064494684215,0,WARNING,YELLOW
2026-09-01 13:55:00,N03,0.9301,0.546,1.078518432851289,-0.1376158524971673,0.1376158524971673,0.1465165817222554,0,WARNING,YELLOW
2026-09-01 14:00:00,N03,0.9277,0.6991,1.1616230455702916,0.0831046127190027,0.0831046127190027,0.1756717714304619,0,WARNING,YELLOW
2026-09-01 14:05:00,N03,0.9794,0.7659,1.243312981513505,0.0816899359432132,0.0816899359432132,0.4923755628275504,0,WARNING,YELLOW
2026-09-01 14:10:00,N03,0.9818,0.6492,1.1770267116765023,-0.0662862698370025,0.0662862698370025,0.2353902594048308,0,WARNING,YELLOW
2026-09-01 14:15:00,N03,1.0901,0.7423,1.3188355849005593,0.141808873224057,0.141808873224057,0.7851692166931321,0,WARNING,YELLOW
2026-09-01 14:20:00,N03,1.1191,0.7044,1.3223328514409676,0.0034972665404082,0.0034972665404082,0.798727772714567,0,WARNING,YELLOW
2026-09-01 14:25:00,N03,1.0702,0.6756,1.2656079171686625,-0.056724934272305,0.056724934272305,0.5788108203585506,0,WARNING,YELLOW
2026-09-01 14:30:00,N03,1.0609,0.6204,1.2289853416538374,-0.036622575514825,0.036622575514825,0.4368287220455591,0,WARNING,YELLOW
2026-09-01 14:35:00,N03,0.9841,0.6498,1.1792764094986383,-0.0497089321551991,0.0497089321551991,0.2441121150598963,0,WARNING,YELLOW
2026-09-01 14:40:00,N03,1.0195,0.6293,1.1980812743716514,0.018804864873013,0.018804864873013,0.31701671381161,0,WARNING,YELLOW
2026-09-01 14:45:00,N03,1.0658,0.7018,1.276108490685647,0.0780272163139956,0.0780272163139956,0.6195205039477828,0,WARNING,YELLOW
2026-09-01 14:50:00,N03,1.0384,0.7299,1.2692630026909315,-0.0068454879947155,0.0068454879947155,0.592981224942879,0,WARNING,YELLOW
2026-09-01 14:55:00,N03,0.9799,0.6483,1.174945488097214,-0.0943175145937174,0.0943175145937174,0.2273215617042502,0,WARNING,YELLOW
2026-09-01 15:00:00,N03,1.0042,0.5667,1.1530683110726787,-0.0218771770245354,0.0218771770245354,0.1425059130109761,0,WARNING,YELLOW
2026-09-01 15:05:00,N03,1.0389,0.6559,1.2286244422116954,0.0755561311390167,0.0755561311390167,0.435429550650457,0,WARNING,YELLOW
2026-09-01 15:10:00,N03,1.1217,0.6955,1.3198223895661112,0.0911979473544157,0.0911979473544157,0.7889949606521661,0,WARNING,YELLOW
2026-09-01 15:15:00,N03,0.9978,0.7587,1.253487347363347,-0.0663350422027642,0.0663350422027642,0.5318205715976149,0,WARNING,YELLOW
2026-09-01 15:20:00,N03,1.1131,0.6971,1.313369719462117,0.05988237209877,0.05988237209877,0.763978597706427,0,WARNING,YELLOW
2026-09-01 15:25:00,N03,1.0437,0.622,1.214987115158017,-0.0983826043041,0.0983826043041,0.3825589842513793,0,WARNING,YELLOW
2026-09-01 15:30:00,N03,1.0394,0.7264,1.268073073604199,0.053085958446182,0.053085958446182,0.5883679877195833,0,WARNING,YELLOW
2026-09-01 15:35:00,N03,1.1552,0.7512,1.3779653406381454,0.1098922670339463,0.1098922670339463,1.0144094237058423,0,WARNING,YELLOW
2026-09-01 15:40:00,N03,1.0396,0.62,1.2104413079534255,-0.1675240326847198,0.1675240326847198,0.3649353399183113,0,WARNING,YELLOW
2026-09-01 15:45:00,N03,1.074,0.5896,1.225195559900541,0.0147542519471155,0.0147542519471155,0.4221361135133306,0,WARNING,YELLOW
2026-09-01 15:50:00,N03,1.0862,0.6726,1.277584126388552,0.0523885664880108,0.0523885664880108,0.6252413974267023,0,WARNING,YELLOW
2026-09-01 15:55:00,N03,1.0497,0.6023,1.2102212111841373,-0.0673629152044146,0.0673629152044146,0.364082046541312,0,WARNING,YELLOW
2026-09-01 16:00:00,N03,1.1017,0.6574,1.2829332211771585,0.0727120099930211,0.0727120099930211,0.6459793081685071,0,WARNING,YELLOW
2026-09-01 16:05:00,N03,1.0205,0.5424,1.1556894089676517,-0.1272438122095067,0.1272438122095067,0.1526676499664063,0,WARNING,YELLOW
2026-09-01 16:10:00,N03,1.0806,0.7766,1.3307155669037618,0.1750261579361101,0.1750261579361101,0.8312267303721594,0,WARNING,YELLOW
2026-09-01 16:15:00,N03,1.1681,0.6671,1.3451691417810625,0.0144535748773007,0.0144535748773007,0.8872618087453986,0,WARNING,YELLOW
2026-09-01 16:20:00,N03,1.0579,0.7154,1.2770863596483992,-0.0680827821326632,0.0680827821326632,0.6233116050720198,0,WARNING,YELLOW
2026-09-01 16:25:00,N03,1.0411,0.7091,1.2596475776978258,-0.0174387819505734,0.0174387819505734,0.5557031745190445,0,WARNING,YELLOW
2026-09-01 16:30:00,N03,1.1323,0.7573,1.362206511509911,0.1025589338120851,0.1025589338120851,0.9533140038690568,0,WARNING,YELLOW
2026-09-01 16:35:00,N03,1.092,0.6878,1.2905552448461863,-0.0716512666637245,0.0716512666637245,0.6755291390776353,0,WARNING,YELLOW
2026-09-01 16:40:00,N03,1.0561,0.6587,1.244681846899038,-0.0458733979471484,0.0458733979471484,0.4976825183601379,0,WARNING,YELLOW
2026-09-01 16:45:00,N03,1.0917,0.7204,1.3079698199882135,0.0632879730891755,0.0632879730891755,0.7430437222312251,0,WARNING,YELLOW
2026-09-01 16:50:00,N03,1.1517,0.6638,1.3293018205057872,0.0213320005175736,0.0213320005175736,0.8257457755991775,0,WARNING,YELLOW
2026-09-01 16:55:00,N03,1.1836,0.6924,1.3712500574293516,0.0419482369235644,0.0419482369235644,0.9883749357609796,0,WARNING,YELLOW
2026-09-01 17:00:00,N03,1.1109,0.6706,1.2976144149939148,-0.0736356424354367,0.0736356424354367,0.702896842627518,0,WARNING,YELLOW
2026-09-01 17:05:00,N03,0.9938,0.7542,1.2475800896134883,-0.0500343253804265,0.0500343253804265,0.5089187183333328,0,WARNING,YELLOW
2026-09-01 17:10:00,N03,1.1548,0.6979,1.3493062847255992,0.1017261951121109,0.1017261951121109,0.9033011022147596,0,WARNING,YELLOW
2026-09-01 17:15:00,N03,1.1243,0.7398,1.345865717670229,-0.0034405670553703,0.0034405670553703,0.8899623644815194,0,WARNING,YELLOW
2026-09-01 17:20:00,N03,1.0459,0.6895,1.2527238562428673,-0.0931418614273615,0.0931418614273615,0.5288605921367177,0,WARNING,YELLOW
2026-09-01 17:25:00,N03,1.1667,0.6553,1.3381356358755268,0.0854117796326594,0.0854117796326594,0.8599936029208102,0,WARNING,YELLOW
2026-09-01 17:30:00,N03,1.1447,0.6522,1.3174607887903154,-0.0206748470852113,0.0206748470852113,0.7798392683281965,0,WARNING,YELLOW
2026-09-01 17:35:00,N03,1.1563,0.7202,1.3622473086778333,0.0447865198875179,0.0447865198875179,0.9534721704486984,0,WARNING,YELLOW
2026-09-01 17:40:00,N03,1.0552,0.7822,1.313500620479488,-0.0487466881983453,0.0487466881983453,0.7644860879868444,0,WARNING,YELLOW
2026-09-01 17:45:00,N03,1.1023,0.6855,1.298066076900556,-0.0154345435789318,0.0154345435789318,0.7046478911087208,0,WARNING,YELLOW
2026-09-01 17:50:00,N03,1.152,0.7854,1.3942586417160914,0.0961925648155352,0.0961925648155352,1.0775769383596283,0,WARNING,YELLOW
2026-09-01 17:55:00,N03,1.0942,0.7331,1.317083615417032,-0.0771750262990593,0.0771750262990593,0.7783770045137665,0,WARNING,YELLOW
2026-09-01 18:00:00,N03,1.1694,0.7667,1.3983294497363632,0.0812458343193311,0.0812458343193311,1.0933590578971684,0,WARNING,YELLOW
2026-09-01 18:05:00,N03,1.1598,0.7156,1.362798370999907,-0.0355310787364562,0.0355310787364562,0.9556085844963008,0,WARNING,YELLOW
2026-09-01 18:10:00,N03,1.1126,0.7403,1.3363842448936607,-0.0264141261062462,0.0264141261062462,0.8532036335350925,0,WARNING,YELLOW
2026-09-01 18:15:00,N03,1.1034,0.5919,1.252133048042419,-0.0842511968512416,0.0842511968512416,0.526570087254935,0,WARNING,YELLOW
2026-09-01 18:20:00,N03,1.1818,0.7852,1.4188693667846946,0.1667363187422754,0.1667363187422754,1.172990282099746,0,WARNING,YELLOW
2026-09-01 18:25:00,N03,1.0449,0.6915,1.2529917238353971,-0.1658776429492974,0.1658776429492974,0.5298990882643873,0,WARNING,YELLOW
2026-09-01 18:30:00,N03,1.197,0.8469,1.4663044056402477,0.2133126818048505,0.2133126818048505,1.3568912299602636,0,WARNING,YELLOW
2026-09-01 18:35:00,N03,1.17,0.7096,1.3683684299193692,-0.0979359757208784,0.0979359757208784,0.977203151290002,0,WARNING,YELLOW
2026-09-01 18:40:00,N03,1.1629,0.8167,1.421033180471167,0.0526647505517976,0.0526647505517976,1.1813791734664756,0,WARNING,YELLOW
2026-09-01 18:45:00,N03,1.1427,0.71,1.3453115958765836,-0.0757215845945833,0.0757215845945833,0.887814089165632,0,WARNING,YELLOW
2026-09-01 18:50:00,N03,1.1539,0.7043,1.351859349192807,0.0065477533162234,0.0065477533162234,0.9131990803085112,0,WARNING,YELLOW
2026-09-01 18:55:00,N03,1.1871,0.8352,1.4514700995886896,0.0996107503958825,0.0996107503958825,1.299380094530569,0,WARNING,YELLOW
2026-09-01 19:00:00,N03,1.2002,0.7434,1.4117802945217786,-0.039689805066911,0.039689805066911,1.1455066510106713,0,WARNING,YELLOW
2026-09-01 19:05:00,N03,1.1724,0.6798,1.3552305338945103,-0.0565497606272682,0.0565497606272682,0.9262688295279436,0,WARNING,YELLOW
2026-09-01 19:10:00,N03,1.2342,0.7561,1.4473896676430988,0.0921591337485885,0.0921591337485885,1.283560663987684,0,WARNING,YELLOW
2026-09-01 19:15:00,N03,1.184,0.9217,1.5004622254492113,0.0530725578061124,0.0530725578061124,1.4893177145014855,0,HIGH,ORANGE
2026-09-01 19:20:00,N03,1.2109,0.7264,1.4120679055909455,-0.0883943198582657,0.0883943198582657,1.1466216906419455,0,WARNING,YELLOW
2026-09-01 19:25:00,N03,1.1777,0.8234,1.4369985560187597,0.0249306504278141,0.0249306504278141,1.2432753533155565,0,WARNING,YELLOW
2026-09-01 19:30:00,N03,1.2077,0.6961,1.3939492458479257,-0.043049310170834,0.043049310170834,1.076377441220118,0,WARNING,YELLOW
2026-09-01 19:35:00,N03,1.251,0.7366,1.451750860168507,0.0578016143205812,0.0578016143205812,1.300468575493081,0,WARNING,YELLOW
2026-09-01 19:40:00,N03,1.3017,0.826,1.541654594907692,0.0899037347391851,0.0899037347391851,1.6490164513593435,0,HIGH,ORANGE
2026-09-01 19:45:00,N03,1.1886,0.8381,1.4543663809370733,-0.0872882139706188,0.0872882139706188,1.310608690481769,0,WARNING,YELLOW
2026-09-01 19:50:00,N03,1.2174,0.8186,1.467027170845857,0.0126607899087838,0.0126607899087838,1.3596933190825458,0,WARNING,YELLOW
2026-09-01 19:55:00,N03,1.2412,0.7357,1.4428554778632543,-0.0241716929826028,0.0241716929826028,1.2659820592598148,0,WARNING,YELLOW
2026-09-01 20:00:00,N03,1.1878,0.8315,1.4499176149009294,0.0070621370376751,0.0070621370376751,1.2933612651481912,0,WARNING,YELLOW
2026-09-01 20:05:00,N03,1.2063,0.7618,1.426709125925814,-0.0232084889751154,0.0232084889751154,1.2033842518704958,0,WARNING,YELLOW
2026-09-01 20:10:00,N03,1.1782,0.8052,1.427060713494699,0.000351587568885,0.000351587568885,1.2047473220551927,0,WARNING,YELLOW
2026-09-01 20:15:00,N03,1.3321,0.7326,1.520260888795078,0.0932001753003788,0.0932001753003788,1.5660751715105024,0,HIGH,ORANGE
2026-09-01 20:20:00,N03,1.2332,0.8586,1.5026563812129503,-0.0176045075821276,0.0176045075821276,1.4978242390968162,0,HIGH,ORANGE
2026-09-01 20:25:00,N03,1.231,0.8126,1.4750185625950611,-0.0276378186178891,0.0276378186178891,1.3906751534577335,0,WARNING,YELLOW
2026-09-01 20:30:00,N03,1.1849,0.8134,1.437222171412618,-0.037796391182443,0.037796391182443,1.244142288051543,0,WARNING,YELLOW
2026-09-01 20:35:00,N03,1.2316,0.8433,1.4926464584756831,0.055424287063065,0.055424287063065,1.459016759988396,0,WARNING,YELLOW
2026-09-01 20:40:00,N03,1.3034,0.9255,1.598562419800991,0.1059159613253077,0.1059159613253077,1.8696424525401745,0,HIGH,ORANGE
2026-09-01 20:45:00,N03,1.276,0.8143,1.513691015366082,-0.0848714044349088,0.0848714044349088,1.5406044228810951,0,HIGH,ORANGE
2026-09-01 20:50:00,N03,1.2597,0.7823,1.482847726504647,-0.0308432888614351,0.0308432888614351,1.421028046565138,0,WARNING,YELLOW
2026-09-01 20:55:00,N03,1.2699,0.7872,1.4940983401369536,0.0112506136323067,0.0112506136323067,1.4646455614004072,0,WARNING,YELLOW
2026-09-01 21:00:00,N03,1.2644,0.8699,1.5347421184029584,0.0406437782660047,0.0406437782660047,1.622217464535382,0,HIGH,ORANGE
2026-09-01 21:05:00,N03,1.2087,0.863,1.4851682362614682,-0.0495738821414901,0.0495738821414901,1.4300244330780385,0,WARNING,YELLOW
2026-09-01 21:10:00,N03,1.3279,0.8021,1.5513487099939849,0.0661804737325166,0.0661804737325166,1.6865995754813026,0,HIGH,ORANGE
2026-09-01 21:15:00,N03,1.1589,0.7796,1.3967195029783182,-0.1546292070156667,0.1546292070156667,1.0871174537591168,0,WARNING,YELLOW
2026-09-01 21:20:00,N03,1.3328,0.8109,1.5601008460993795,0.1633813431210613,0.1633813431210613,1.7205307403842676,0,HIGH,ORANGE
2026-09-01 21:25:00,N03,1.221,0.7888,1.4536321542948891,-0.1064686918044903,0.1064686918044903,1.3077621665049832,0,WARNING,YELLOW
2026-09-01 21:30:00,N03,1.316,0.8433,1.5630134004543914,0.1093812461595022,0.1093812461595022,1.73182242517055,0,HIGH,ORANGE
2026-09-01 21:35:00,N03,1.2651,0.7997,1.4966623199639923,-0.066351080490399,0.066351080490399,1.4745858572632085,0,WARNING,YELLOW
2026-09-01 21:40:00,N03,1.2604,0.7739,1.4790298746137618,-0.0176324453502305,0.0176324453502305,1.4062266128894354,0,WARNING,YELLOW
2026-09-01 21:45:00,N03,1.3638,0.8059,1.584116551898881,0.1050866772851191,0.1050866772851191,1.8136372533464808,0,HIGH,ORANGE
2026-09-01 21:50:00,N03,1.3469,0.9001,1.6199751911680624,0.0358586392691815,0.0358586392691815,1.952657646492398,0,HIGH,ORANGE
2026-09-01 21:55:00,N03,1.3389,0.8044,1.5619579283706717,-0.0580172627973907,0.0580172627973907,1.7277304644318343,0,HIGH,ORANGE
2026-09-01 22:00:00,N03,1.3122,0.8268,1.550956827252132,-0.0110011011185398,0.0110011011185398,1.6850802849016868,0,HIGH,ORANGE
2026-09-01 22:05:00,N03,1.2498,0.8462,1.5093225235184162,-0.0416343037337156,0.0416343037337156,1.5236682126262016,0,HIGH,ORANGE
2026-09-01 22:10:00,N03,1.239,0.8914,1.5263403814352814,0.0170178579168651,0.0170178579168651,1.589644762387175,0,HIGH,ORANGE
2026-09-01 22:15:00,N03,1.2778,0.8441,1.5314299363666626,0.0050895549313811,0.0050895549313811,1.609376462806339,0,HIGH,ORANGE
2026-09-01 22:20:00,N03,1.3182,0.8231,1.5540736308167642,0.0226436944501016,0.0226436944501016,1.6971638236456172,0,HIGH,ORANGE
2026-09-01 22:25:00,N03,1.3363,0.8143,1.5648585175663643,0.0107848867496,0.0107848867496,1.738975761480419,0,HIGH,ORANGE
2026-09-01 22:30:00,N03,1.3536,0.7727,1.5586206241417442,-0.0062378934246201,0.0062378934246201,1.714792066449963,0,HIGH,ORANGE
2026-09-01 22:35:00,N03,1.3193,0.9389,1.6192855523347325,0.0606649281929883,0.0606649281929883,1.949983985034736,0,HIGH,ORANGE
2026-09-01 22:40:00,N03,1.266,0.8101,1.5030029973356671,-0.1162825549990653,0.1162825549990653,1.4991680354770711,0,HIGH,ORANGE
2026-09-01 22:45:00,N03,1.3447,0.855,1.5935002635707345,0.0904972662350673,0.0904972662350673,1.85001697417181,0,HIGH,ORANGE
2026-09-01 22:50:00,N03,1.3395,0.8725,1.5985982922548116,0.0050980286840771,0.0050980286840771,1.8697815264909683,0,HIGH,ORANGE
2026-09-01 22:55:00,N03,1.3567,0.9055,1.6311238886117756,0.0325255963569639,0.0325255963569639,1.9958800423578744,0,HIGH,ORANGE
2026-09-01 23:00:00,N03,1.3485,0.8399,1.5886737424657085,-0.0424501461460671,0.0424501461460671,1.8313050298475744,0,HIGH,ORANGE
2026-09-01 23:05:00,N03,1.3646,0.949,1.6621474543493426,0.0734737118836341,0.0734737118836341,2.1161553342686714,0,HIGH,ORANGE
2026-09-01 23:10:00,N03,1.3274,0.8073,1.5536164423692225,-0.1085310119801201,0.1085310119801201,1.6953913493126704,0,HIGH,ORANGE
2026-09-01 23:15:00,N03,1.3924,0.852,1.6323852976549378,0.0787688552857153,0.0787688552857153,2.00077040029315,0,HIGH,ORANGE
2026-09-01 23:20:00,N03,1.2314,0.9024,1.5266537655932335,-0.1057315320617042,0.1057315320617042,1.5908597217312026,0,HIGH,ORANGE
2026-09-01 23:25:00,N03,1.3162,0.8575,1.5708878667810762,0.0442341011878426,0.0442341011878426,1.762350951262471,0,HIGH,ORANGE
2026-09-01 23:30:00,N03,1.3626,0.8735,1.6185428662843626,0.0476549995032864,0.0476549995032864,1.9471046647702008,0,HIGH,ORANGE
2026-09-01 23:35:00,N03,1.3845,0.8442,1.6215775929630996,0.0030347266787369,0.0030347266787369,1.958869999556092,0,HIGH,ORANGE
2026-09-01 23:40:00,N03,1.3777,0.855,1.6214445072218784,-0.0001330857412211,0.0001330857412211,1.9583540393176733,0,HIGH,ORANGE
2026-09-01 23:45:00,N03,1.3919,0.9008,1.657958458466315,0.0365139512444365,0.0365139512444365,2.0999150120920955,0,HIGH,ORANGE
2026-09-01 23:50:00,N03,1.3112,0.9263,1.6053900242620172,-0.0525684342042978,0.0525684342042978,1.8961123988560808,0,HIGH,ORANGE
2026-09-01 23:55:00,N03,1.3342,0.9144,1.617472410892996,0.0120823866309789,0.0120823866309789,1.9429546152316275,0,HIGH,ORANGE
2026-09-01 00:00:00,N04,0.5184,0.3919,0.649864732078915,0.0,0.0,1.2662202168326462,0,NORMAL,GREEN
2026-09-01 00:05:00,N04,0.4888,0.2825,0.564563273690381,-0.085301458388534,0.085301458388534,0.7546645820957115,0,NORMAL,GREEN
2026-09-01 00:10:00,N04,0.499,0.2848,0.5745537746808387,0.0099905009904577,0.0099905009904577,0.5179786922327951,0,NORMAL,GREEN
2026-09-01 00:15:00,N04,0.54,0.2192,0.5827938228910805,0.0082400482102418,0.0082400482102418,0.3227629422902027,0,NORMAL,GREEN
2026-09-01 00:20:00,N04,0.4473,0.2466,0.5107727968480702,-0.0720210260430103,0.0720210260430103,2.029019781072536,0,NORMAL,GREEN
2026-09-01 00:25:00,N04,0.5475,0.3855,0.6696017473095481,0.1588289504614779,0.1588289504614779,1.7338116837232669,0,WARNING,YELLOW
2026-09-01 00:30:00,N04,0.4948,0.2916,0.5743323079890248,-0.0952694393205233,0.0952694393205233,0.5232254802644497,0,NORMAL,GREEN
2026-09-01 00:35:00,N04,0.5035,0.3581,0.6178574754747246,0.0435251674856997,0.0435251674856997,0.5079333182407432,0,NORMAL,GREEN
2026-09-01 00:40:00,N04,0.4536,0.3119,0.5504857582172312,-0.0673717172574933,0.0673717172574933,1.08817631288918,0,NORMAL,GREEN
2026-09-01 00:45:00,N04,0.5488,0.3251,0.6378647583931879,0.0873790001759566,0.0873790001759566,0.9819277221068358,0,NORMAL,GREEN
2026-09-01 00:50:00,N04,0.5095,0.3501,0.6181911193150545,-0.0196736390781333,0.0196736390781333,0.5158377055503691,0,NORMAL,GREEN
2026-09-01 00:55:00,N04,0.3648,0.3339,0.4945384211565366,-0.1236526981585179,0.1236526981585179,2.4136298882723226,0,NORMAL,GREEN
2026-09-01 01:00:00,N04,0.4673,0.2085,0.5117045436577635,0.0171661225012269,0.0171661225012269,2.0069456805854995,0,NORMAL,GREEN
2026-09-01 01:05:00,N04,0.5256,0.3687,0.642024181787571,0.1303196381298075,0.1303196381298075,1.0804690093112024,0,NORMAL,GREEN
2026-09-01 01:10:00,N04,0.4931,0.3476,0.6033020553586735,-0.0387221264288974,0.0387221264288974,0.1630995040219534,0,NORMAL,GREEN
2026-09-01 01:15:00,N04,0.5806,0.3657,0.6861726094795682,0.0828705541208946,0.0828705541208946,2.126393523438117,0,NORMAL,GREEN
2026-09-01 01:20:00,N04,0.582,0.3371,0.67257743792072,-0.0135951715588481,0.0135951715588481,1.804309047262357,0,NORMAL,GREEN
2026-09-01 01:25:00,N04,0.5038,0.2199,0.5497003274512396,-0.1228771104694803,0.1228771104694803,1.1067840263513966,0,NORMAL,GREEN
2026-09-01 01:30:00,N04,0.4877,0.2578,0.5516449310924555,0.0019446036412158,0.0019446036412158,1.0607142402924743,0,NORMAL,GREEN
2026-09-01 01:35:00,N04,0.6085,0.2912,0.6745885338485973,0.1229436027561418,0.1229436027561418,1.851954108280215,0,NORMAL,GREEN
2026-09-01 01:40:00,N04,0.5062,0.3276,0.602959534297286,-0.0716289995513113,0.0716289995513113,0.154984805641088,0,NORMAL,GREEN
2026-09-01 01:45:00,N04,0.5022,0.3848,0.6326735967305732,0.0297140624332872,0.0297140624332872,0.8589434274541689,0,NORMAL,GREEN
2026-09-01 01:50:00,N04,0.4689,0.3097,0.561944214313129,-0.0707293824174442,0.0707293824174442,0.8167129618417094,0,NORMAL,GREEN
2026-09-01 01:55:00,N04,0.4629,0.234,0.5186833427053543,-0.0432608716077747,0.0432608716077747,1.841610302076336,0,NORMAL,GREEN
2026-09-01 02:00:00,N04,0.4694,0.2981,0.556057524002688,0.0373741812973337,0.0373741812973337,0.9561750904982118,0,NORMAL,GREEN
2026-09-01 02:05:00,N04,0.4785,0.2654,0.5471740216786611,-0.0088835023240269,0.0088835023240269,1.1666349718064524,0,NORMAL,GREEN
2026-09-01 02:10:00,N04,0.4297,0.2958,0.521670135238735,-0.0255038864399261,0.0255038864399261,1.7708499218637397,0,NORMAL,GREEN
2026-09-01 02:15:00,N04,0.4248,0.338,0.5428618977235371,0.0211917624848021,0.0211917624848021,1.2687939022237118,0,NORMAL,GREEN
2026-09-01 02:20:00,N04,0.5041,0.2271,0.5528934978818253,0.0100316001582881,0.0100316001582881,1.031134328146173,0,NORMAL,GREEN
2026-09-01 02:25:00,N04,0.4845,0.2624,0.5509936569507856,-0.0018998409310396,0.0018998409310396,1.076143636667398,0,NORMAL,GREEN
2026-09-01 02:30:00,N04,0.516,0.367,0.6332021794024402,0.0822085224516545,0.0822085224516545,0.871466128785808,0,NORMAL,GREEN
2026-09-01 02:35:00,N04,0.4062,0.3058,0.5084408323492519,-0.1247613470531883,0.1247613470531883,2.084266569302548,0,NORMAL,GREEN
2026-09-01 02:40:00,N04,0.492,0.3336,0.5944349922405309,0.085994159891279,0.085994159891279,0.0469709145279063,0,NORMAL,GREEN
2026-09-01 02:45:00,N04,0.5107,0.2624,0.5741674407348436,-0.0202675515056872,0.0202675515056872,0.5271313657453081,0,NORMAL,GREEN
2026-09-01 02:50:00,N04,0.484,0.2602,0.5495089080260664,-0.0246585327087771,0.0246585327087771,1.111318961789313,0,NORMAL,GREEN
2026-09-01 02:55:00,N04,0.5538,0.3011,0.6303615232547113,0.0808526152286448,0.0808526152286448,0.8041678793024285,0,NORMAL,GREEN
2026-09-01 03:00:00,N04,0.5951,0.297,0.6650962411561202,0.0347347179014089,0.0347347179014089,1.627071317626964,0,NORMAL,GREEN
2026-09-01 03:05:00,N04,0.4646,0.2243,0.5159105058050282,-0.149185735351092,0.149185735351092,1.9073018394502148,0,NORMAL,GREEN
2026-09-01 03:10:00,N04,0.4098,0.2208,0.4654983136381914,-0.0504121921668367,0.0504121921668367,3.101621781397534,0,NORMAL,GREEN
2026-09-01 03:15:00,N04,0.5134,0.3254,0.6078360963286074,0.1423377826904159,0.1423377826904159,0.2705158911149233,0,NORMAL,GREEN
2026-09-01 03:20:00,N04,0.4209,0.3448,0.5440991178085111,-0.0637369785200963,0.0637369785200963,1.2394828059085192,0,NORMAL,GREEN
2026-09-01 03:25:00,N04,0.4758,0.3073,0.5664088011321858,0.0223096833236747,0.0223096833236747,0.7109420195087869,0,NORMAL,GREEN
2026-09-01 03:30:00,N04,0.5806,0.3448,0.6752654292942887,0.1088566281621028,0.1088566281621028,1.8679905013560616,0,NORMAL,GREEN
2026-09-01 03:35:00,N04,0.4866,0.2554,0.5495532003364187,-0.1257122289578699,0.1257122289578699,1.1102696285376743,0,NORMAL,GREEN
2026-09-01 03:40:00,N04,0.3924,0.264,0.4729416031604748,-0.0766115971759439,0.0766115971759439,2.9252821157719917,0,NORMAL,GREEN
2026-09-01 03:45:00,N04,0.4894,0.2506,0.5498297190949212,0.0768881159344463,0.0768881159344463,1.103718596864443,0,NORMAL,GREEN
2026-09-01 03:50:00,N04,0.4934,0.3038,0.5794290293038484,0.0295993102089272,0.0295993102089272,0.4024785806910924,0,NORMAL,GREEN
2026-09-01 03:55:00,N04,0.4888,0.2675,0.5572088387669385,-0.0222201905369099,0.0222201905369099,0.9288991851407922,0,NORMAL,GREEN
2026-09-01 04:00:00,N04,0.5084,0.3221,0.6018463009772511,0.0446374622103126,0.0446374622103126,0.1286110913269441,0,NORMAL,GREEN
2026-09-01 04:05:00,N04,0.4455,0.3705,0.579431186595958,-0.022415114381293,0.022415114381293,0.4024274720827105,0,NORMAL,GREEN
2026-09-01 04:10:00,N04,0.4951,0.3009,0.5793658774902091,-6.530910574897852e-05,6.530910574897852e-05,0.4039747161924016,0,NORMAL,GREEN
2026-09-01 04:15:00,N04,0.5354,0.3117,0.6195240511876838,0.0401581736974747,0.0401581736974747,0.5474163187451665,0,NORMAL,GREEN
2026-09-01 04:20:00,N04,0.5477,0.3144,0.6315240692166847,0.0120000180290008,0.0120000180290008,0.8317098640116066,0,NORMAL,GREEN
2026-09-01 04:25:00,N04,0.4694,0.3181,0.5670308369039553,-0.0644932323127294,0.0644932323127294,0.6962053120795559,0,NORMAL,GREEN
2026-09-01 04:30:00,N04,0.4428,0.3054,0.5379042665753824,-0.0291265703285729,0.0291265703285729,1.3862456036983295,0,NORMAL,GREEN
2026-09-01 04:35:00,N04,0.4983,0.2896,0.5763428233265336,0.0384385567511512,0.0384385567511512,0.4755941740671094,0,NORMAL,GREEN
2026-09-01 04:40:00,N04,0.4936,0.2059,0.5348231202930553,-0.0415197030334782,0.0415197030334782,1.4592413273689375,0,NORMAL,GREEN
2026-09-01 04:45:00,N04,0.4726,0.3046,0.5622560982328249,0.0274329779397695,0.0274329779397695,0.8093240908393794,0,NORMAL,GREEN
2026-09-01 04:50:00,N04,0.508,0.2486,0.5655669367988196,0.0033108385659947,0.0033108385659947,0.7308867058740599,0,NORMAL,GREEN
2026-09-01 04:55:00,N04,0.5633,0.2567,0.619032939349757,0.0534660025509373,0.0534660025509373,0.5357813424318718,0,NORMAL,GREEN
2026-09-01 05:00:00,N04,0.5485,0.3214,0.6357280943925634,0.0166951550428063,0.0166951550428063,0.9313078161773032,0,NORMAL,GREEN
2026-09-01 05:05:00,N04,0.4677,0.3888,0.6082012249247777,-0.0275268694677857,0.0275268694677857,0.2791661867088594,0,NORMAL,GREEN
2026-09-01 05:10:00,N04,0.4403,0.346,0.5599822229321213,-0.0482190019926563,0.0482190019926563,0.8631946824642014,0,NORMAL,GREEN
2026-09-01 05:15:00,N04,0.55,0.2665,0.6111646668451965,0.0511824439130752,0.0511824439130752,0.349373365374008,0,NORMAL,GREEN
2026-09-01 05:20:00,N04,0.5696,0.2875,0.6380442069324037,0.0268795400872071,0.0268795400872071,0.9861790541701088,0,NORMAL,GREEN
2026-09-01 05:25:00,N04,0.5144,0.313,0.602143139128895,-0.0359010678035086,0.0359010678035086,0.1356435116364175,0,NORMAL,GREEN
2026-09-01 05:30:00,N04,0.4933,0.3405,0.5994039873073919,-0.0027391518215031,0.0027391518215031,0.0707500106036521,0,NORMAL,GREEN
2026-09-01 05:35:00,N04,0.5397,0.2126,0.5800645222731692,-0.0193394650342226,0.0193394650342226,0.3874230575407545,0,NORMAL,GREEN
2026-09-01 05:40:00,N04,0.5652,0.2169,0.6053896678999403,0.0253251456267711,0.0253251456267711,0.2125573272573097,0,NORMAL,GREEN
2026-09-01 05:45:00,N04,0.5516,0.3563,0.6566675338403749,0.0512778659404346,0.0512778659404346,1.4273860272369523,0,NORMAL,GREEN
2026-09-01 05:50:00,N04,0.4455,0.2795,0.5259187199558503,-0.1307488138845246,0.1307488138845246,1.6701963054546238,0,NORMAL,GREEN
2026-09-01 05:55:00,N04,0.4447,0.2893,0.5305210457653872,0.0046023258095369,0.0046023258095369,1.5611621758639516,0,NORMAL,GREEN
2026-09-01 06:00:00,N04,0.4846,0.339,0.5914035508855184,0.0608825051201312,0.0608825051201312,0.1187890741340833,0,NORMAL,GREEN
2026-09-01 06:05:00,N04,0.5655,0.3698,0.6756791324289955,0.084275581543477,0.084275581543477,1.8777915808685584,0,NORMAL,GREEN
2026-09-01 06:10:00,N04,0.4719,0.2895,0.553624294987133,-0.1220548374418625,0.1220548374418625,1.0138209458298912,0,NORMAL,GREEN
2026-09-01 06:15:00,N04,0.4158,0.2597,0.4902384419851222,-0.0633858530020107,0.0633858530020107,2.515501095487088,0,NORMAL,GREEN
2026-09-01 06:20:00,N04,0.5482,0.3808,0.6674817450687323,0.17724330308361,0.17724330308361,1.683586513097875,0,WARNING,YELLOW
2026-09-01 06:25:00,N04,0.4383,0.2704,0.5149981067926367,-0.1524836382760955,0.1524836382760955,1.9289175694685776,0,WARNING,YELLOW
2026-09-01 06:30:00,N04,0.4987,0.314,0.5893196840425406,0.0743215772499039,0.0743215772499039,0.1681581576822575,0,NORMAL,GREEN
2026-09-01 06:35:00,N04,0.4595,0.3212,0.5606332936956206,-0.02868639034692,0.02868639034692,0.8477701043404658,0,NORMAL,GREEN
2026-09-01 06:40:00,N04,0.4763,0.2993,0.5625319368711433,0.0018986431755226,0.0018986431755226,0.8027891719567986,0,NORMAL,GREEN
2026-09-01 06:45:00,N04,0.5273,0.3003,0.6068157710541149,0.0442838341829715,0.0442838341829715,0.246343269964739,0,NORMAL,GREEN
2026-09-01 06:50:00,N04,0.4782,0.2945,0.5616097310410495,-0.0452060400130653,0.0452060400130653,0.8246372362071309,0,NORMAL,GREEN
2026-09-01 06:55:00,N04,0.4956,0.2815,0.5699663235665771,0.0083565925255275,0.0083565925255275,0.6266604240317019,0,NORMAL,GREEN
2026-09-01 07:00:00,N04,0.4871,0.3799,0.6177300543117519,0.0477637307451748,0.0477637307451748,0.5049145715958684,0,NORMAL,GREEN
2026-09-01 07:05:00,N04,0.528,0.2852,0.6001025245739265,-0.0176275297378253,0.0176275297378253,0.0872991220736462,0,NORMAL,GREEN
2026-09-01 07:10:00,N04,0.5348,0.2833,0.6052023876357396,0.005099863061813,0.005099863061813,0.2081204530676733,0,NORMAL,GREEN
2026-09-01 07:15:00,N04,0.5587,0.3185,0.6431080313602062,0.0379056437244665,0.0379056437244665,1.1061465905277723,0,NORMAL,GREEN
2026-09-01 07:20:00,N04,0.4946,0.3224,0.5903989498635647,-0.0527090814966415,0.0527090814966415,0.1425891705522138,0,NORMAL,GREEN
2026-09-01 07:25:00,N04,0.4215,0.2437,0.4868798003614444,-0.1035191495021202,0.1035191495021202,2.595070987146183,0,NORMAL,GREEN
2026-09-01 07:30:00,N04,0.4403,0.3071,0.5368188707562356,0.0499390703947911,0.0499390703947911,1.4119598171850825,0,NORMAL,GREEN
2026-09-01 07:35:00,N04,0.5866,0.4116,0.7165989952546683,0.1797801244984327,0.1797801244984327,2.847227863915172,0,WARNING,YELLOW
2026-09-01 07:40:00,N04,0.5319,0.325,0.6233318618520957,-0.0932671334025726,0.0932671334025726,0.6376275160011036,0,NORMAL,GREEN
2026-09-01 07:45:00,N04,0.4099,0.2729,0.4924351937057301,-0.1308966681463655,0.1308966681463655,2.4634576457845565,0,NORMAL,GREEN
2026-09-01 07:50:00,N04,0.4606,0.269,0.5333979377537937,0.0409627440480636,0.0409627440480636,1.4930054597026825,0,NORMAL,GREEN
2026-09-01 07:55:00,N04,0.4916,0.2764,0.5639747512078886,0.0305768134540949,0.0305768134540949,0.7686073230659661,0,NORMAL,GREEN
2026-09-01 08:00:00,N04,0.401,0.3374,0.5240608361631309,-0.0399139150447577,0.0399139150447577,1.7142116035024066,0,NORMAL,GREEN
2026-09-01 08:05:00,N04,0.4464,0.312,0.5446255227218056,0.0205646865586747,0.0205646865586747,1.2270116980581378,0,NORMAL,GREEN
2026-09-01 08:10:00,N04,0.6037,0.254,0.6549577772650692,0.1103322545432635,0.1103322545432635,1.3868800248991595,0,NORMAL,GREEN
2026-09-01 08:15:00,N04,0.3735,0.2857,0.4702411509002588,-0.1847166263648104,0.1847166263648104,2.989258781892341,0,WARNING,YELLOW
2026-09-01 08:20:00,N04,0.555,0.3979,0.6828978034816044,0.2126566525813456,0.2126566525813456,2.0488097893994754,0,WARNING,YELLOW
2026-09-01 08:25:00,N04,0.4385,0.3248,0.545689737854763,-0.1372080656268414,0.1372080656268414,1.201799278181478,0,NORMAL,GREEN
2026-09-01 08:30:00,N04,0.4767,0.2947,0.560438203551471,0.0147484656967079,0.0147484656967079,0.8523920031236847,0,NORMAL,GREEN
2026-09-01 08:35:00,N04,0.6322,0.2249,0.6710118106263108,0.1105736070748397,0.1105736070748397,1.767217625148005,0,NORMAL,GREEN
2026-09-01 08:40:00,N04,0.5127,0.3234,0.6061755933720856,-0.0648362172542251,0.0648362172542251,0.2311767608491097,0,NORMAL,GREEN
2026-09-01 08:45:00,N04,0.5543,0.3049,0.6326235057283282,0.0264479123562425,0.0264479123562425,0.8577567168525861,0,NORMAL,GREEN
2026-09-01 08:50:00,N04,0.5154,0.2804,0.5867378631041293,-0.0458856426241988,0.0458856426241988,0.2293243181038674,0,NORMAL,GREEN
2026-09-01 08:55:00,N04,0.5135,0.2828,0.5862235836265886,-0.0005142794775407,0.0005142794775407,0.241508161125978,0,NORMAL,GREEN
2026-09-01 09:00:00,N04,0.5311,0.2815,0.6010902261724108,0.0148666425458222,0.0148666425458222,0.1106988526757011,0,NORMAL,GREEN
2026-09-01 09:05:00,N04,0.5189,0.2985,0.598631322267721,-0.0024589039046898,0.0024589039046898,0.0524447311531879,0,NORMAL,GREEN
2026-09-01 09:10:00,N04,0.5563,0.2974,0.6308061905213043,0.0321748682535832,0.0321748682535832,0.8147025329486265,0,NORMAL,GREEN
2026-09-01 09:15:00,N04,0.4113,0.3631,0.5486431444937593,-0.0821630460275449,0.0821630460275449,1.1318298463035836,0,NORMAL,GREEN
2026-09-01 09:20:00,N04,0.4547,0.2673,0.5274479879571066,-0.0211951565366527,0.0211951565366527,1.6339662747422554,0,NORMAL,GREEN
2026-09-01 09:25:00,N04,0.4702,0.3687,0.5975179746250318,0.0700699866679251,0.0700699866679251,0.0260683084103875,0,NORMAL,GREEN
2026-09-01 09:30:00,N04,0.3932,0.4569,0.6027966904355067,0.0052787158104748,0.0052787158104748,0.1511268565381581,0,NORMAL,GREEN
2026-09-01 09:35:00,N04,0.5528,0.3112,0.6343762921169106,0.0315796016814039,0.0315796016814039,0.8992821425061637,0,NORMAL,GREEN
2026-09-01 09:40:00,N04,0.4973,0.3143,0.5882956569617015,-0.0460806351552091,0.0460806351552091,0.192418478671529,0,NORMAL,GREEN
2026-09-01 09:45:00,N04,0.5261,0.3323,0.6222575833206053,0.0339619263589038,0.0339619263589038,0.6121766832121097,0,NORMAL,GREEN
2026-09-01 09:50:00,N04,0.5278,0.3045,0.6093382394040276,-0.0129193439165776,0.0129193439165776,0.3061033026818562,0,NORMAL,GREEN
2026-09-01 09:55:00,N04,0.4901,0.2924,0.5706976169566507,-0.0386406224473769,0.0386406224473769,0.6093352841867871,0,NORMAL,GREEN
2026-09-01 10:00:00,N04,0.4903,0.3567,0.606324154227753,0.0356265372711023,0.0356265372711023,0.2346963299233751,0,NORMAL,GREEN
2026-09-01 10:05:00,N04,0.5297,0.153,0.5513538700326678,-0.0549702841950852,0.0549702841950852,1.067609794980482,0,NORMAL,GREEN
2026-09-01 10:10:00,N04,0.5328,0.3097,0.6162709874722321,0.0649171174395643,0.0649171174395643,0.4703476831474249,0,NORMAL,GREEN
2026-09-01 10:15:00,N04,0.4991,0.2806,0.5725706681275247,-0.0437003193447074,0.0437003193447074,0.5649606543698715,0,NORMAL,GREEN
2026-09-01 10:20:00,N04,0.5562,0.3474,0.6557783162014432,0.0832076480739185,0.0832076480739185,1.4063194892972266,0,NORMAL,GREEN
2026-09-01 10:25:00,N04,0.4614,0.3204,0.5617349196907737,-0.0940433965106695,0.0940433965106695,0.8216713802416479,0,NORMAL,GREEN
2026-09-01 10:30:00,N04,0.4514,0.231,0.5070729336101465,-0.0546619860806272,0.0546619860806272,2.1166735857891843,0,NORMAL,GREEN
2026-09-01 10:35:00,N04,0.4687,0.3431,0.5808591051193052,0.0737861715091586,0.0737861715091586,0.3685985212950615,0,NORMAL,GREEN
2026-09-01 10:40:00,N04,0.5477,0.3257,0.6372250622817656,0.0563659571624604,0.0563659571624604,0.9667726219253276,0,NORMAL,GREEN
2026-09-01 10:45:00,N04,0.5363,0.3258,0.627505641408904,-0.0097194208728615,0.0097194208728615,0.736508916387168,0,NORMAL,GREEN
2026-09-01 10:50:00,N04,0.4679,0.3216,0.5677648897210886,-0.0597407516878153,0.0597407516878153,0.6788147983910501,0,NORMAL,GREEN
2026-09-01 10:55:00,N04,0.54,0.3377,0.636899748783119,0.0691348590620303,0.0691348590620303,0.959065589516729,0,NORMAL,GREEN
2026-09-01 11:00:00,N04,0.5594,0.3354,0.6522434514811168,0.0153437026979978,0.0153437026979978,1.3225746798352591,0,NORMAL,GREEN
2026-09-01 11:05:00,N04,0.5176,0.3535,0.6267950302929978,-0.025448421188119,0.025448421188119,0.7196737622266924,0,NORMAL,GREEN
2026-09-01 11:10:00,N04,0.4987,0.2559,0.560523416103199,-0.0662716141897987,0.0662716141897987,0.8503732246207353,0,NORMAL,GREEN
2026-09-01 11:15:00,N04,0.4918,0.2628,0.5576119439179904,-0.0029114721852085,0.0029114721852085,0.9193491834465654,0,NORMAL,GREEN
2026-09-01 11:20:00,N04,0.4662,0.2928,0.5505218251804374,-0.007090118737553,0.007090118737553,1.087321847103205,0,NORMAL,GREEN
2026-09-01 11:25:00,N04,0.4604,0.2846,0.5412627088577228,-0.0092591163227145,0.0092591163227145,1.3066804346534326,0,NORMAL,GREEN
2026-09-01 11:30:00,N04,0.4053,0.3107,0.5106883394008522,-0.0305743694568705,0.0305743694568705,2.0310206703241787,0,NORMAL,GREEN
2026-09-01 11:35:00,N04,0.5001,0.2591,0.5632342496688212,0.0525459102679689,0.0525459102679689,0.7861506140266942,0,NORMAL,GREEN
2026-09-01 11:40:00,N04,0.533,0.3469,0.6359470182334375,0.0727127685646162,0.0727127685646162,0.936494361290404,0,NORMAL,GREEN
2026-09-01 11:45:00,N04,0.4196,0.2619,0.4946268997941782,-0.1413201184392593,0.1413201184392593,2.4115337326236665,0,NORMAL,GREEN
2026-09-01 11:50:00,N04,0.4615,0.253,0.5262995819872937,0.0316726821931154,0.0316726821931154,1.6611732675796187,0,NORMAL,GREEN
2026-09-01 11:55:00,N04,0.5415,0.2903,0.6144073078992469,0.0881077259119532,0.0881077259119532,0.4261950767293233,0,NORMAL,GREEN
2026-09-01 12:00:00,N04,0.4868,0.1998,0.5262074495861875,-0.0881998583130594,0.0881998583130594,1.6633559848789663,0,NORMAL,GREEN
2026-09-01 12:05:00,N04,0.5318,0.238,0.5826278743760892,0.0564204247899017,0.0564204247899017,0.3266944440216635,0,NORMAL,GREEN
2026-09-01 12:10:00,N04,0.503,0.3139,0.5929099510043663,0.010282076628277,0.010282076628277,0.0831008085546443,0,NORMAL,GREEN
2026-09-01 12:15:00,N04,0.568,0.2346,0.6145414225257724,0.021631471521406,0.021631471521406,0.429372398842912,0,NORMAL,GREEN
2026-09-01 12:20:00,N04,0.349,0.3092,0.46626777714099,-0.1482736453847823,0.1482736453847823,3.0833923498554245,0,NORMAL,GREEN
2026-09-01 12:25:00,N04,0.59,0.3619,0.6921499909701654,0.2258822138291754,0.2258822138291754,2.268004225294152,0,WARNING,YELLOW
2026-09-01 12:30:00,N04,0.5105,0.2754,0.5800477652745504,-0.112102225695615,0.112102225695615,0.3878200491564215,0,NORMAL,GREEN
2026-09-01 12:35:00,N04,0.5404,0.2513,0.5959730279131766,0.0159252626386262,0.0159252626386262,0.0105331680956933,0,NORMAL,GREEN
2026-09-01 12:40:00,N04,0.5238,0.3253,0.6165926775432871,0.0206196496301104,0.0206196496301104,0.4779688725953251,0,NORMAL,GREEN
2026-09-01 12:45:00,N04,0.553,0.438,0.7054452494701484,0.0888525719268613,0.0888525719268613,2.582983433246947,0,NORMAL,GREEN
2026-09-01 12:50:00,N04,0.5196,0.2746,0.5876983239724272,-0.1177469254977212,0.1177469254977212,0.2065699501789047,0,NORMAL,GREEN
2026-09-01 12:55:00,N04,0.4987,0.2115,0.5416954310311284,-0.0460028929412987,0.0460028929412987,1.2964287733229598,0,NORMAL,GREEN
2026-09-01 13:00:00,N04,0.4653,0.2795,0.5427930913340736,0.0010976603029452,0.0010976603029452,1.2704240008077543,0,NORMAL,GREEN
2026-09-01 13:05:00,N04,0.4738,0.3076,0.5648930872297873,0.0220999958957136,0.0220999958957136,0.746850938802169,0,NORMAL,GREEN
2026-09-01 13:10:00,N04,0.4589,0.3561,0.5808583476201405,0.0159652603903532,0.0159652603903532,0.3686164672783529,0,NORMAL,GREEN
2026-09-01 13:15:00,N04,0.5,0.2995,0.5828380993037432,0.0019797516836026,0.0019797516836026,0.3217139856722096,0,NORMAL,GREEN
2026-09-01 13:20:00,N04,0.4836,0.3078,0.5732449738113715,-0.0095931254923716,0.0095931254923716,0.5489856155831928,0,NORMAL,GREEN
2026-09-01 13:25:00,N04,0.5413,0.2566,0.5990402741051724,0.0257953002938008,0.0257953002938008,0.0621332472396889,0,NORMAL,GREEN
2026-09-01 13:30:00,N04,0.4671,0.2848,0.5470771883381723,-0.051963085767,0.051963085767,1.16892905949874,0,NORMAL,GREEN
2026-09-01 13:35:00,N04,0.4327,0.259,0.5042918698531634,-0.0427853184850088,0.0427853184850088,2.182560026390686,0,NORMAL,GREEN
2026-09-01 13:40:00,N04,0.4762,0.3437,0.5872785795514766,0.0829867096983131,0.0829867096983131,0.2165141543667207,0,NORMAL,GREEN
2026-09-01 13:45:00,N04,0.5131,0.3097,0.5993210325026145,0.0120424529511379,0.0120424529511379,0.0687847205940829,0,NORMAL,GREEN
2026-09-01 13:50:00,N04,0.5425,0.2931,0.616614839263539,0.0172938067609245,0.0172938067609245,0.4784939079748053,0,NORMAL,GREEN
2026-09-01 13:55:00,N04,0.5195,0.2948,0.597316741771064,-0.019298097492475,0.019298097492475,0.0213008821164999,0,NORMAL,GREEN
2026-09-01 14:00:00,N04,0.5133,0.2709,0.580399603721436,-0.016917138049628,0.016917138049628,0.3794846117275439,0,NORMAL,GREEN
2026-09-01 14:05:00,N04,0.3781,0.2933,0.478523249173956,-0.1018763545474799,0.1018763545474799,2.793046819978274,0,NORMAL,GREEN
2026-09-01 14:10:00,N04,0.5711,0.3463,0.6678913833850532,0.1893681342110971,0.1893681342110971,1.6932912926192392,0,WARNING,YELLOW
2026-09-01 14:15:00,N04,0.5483,0.3618,0.6569110518175196,-0.0109803315675335,0.0109803315675335,1.4331552343240812,0,NORMAL,GREEN
2026-09-01 14:20:00,N04,0.5044,0.3099,0.5919944003113543,-0.0649166515061653,0.0649166515061653,0.1047912053322557,0,NORMAL,GREEN
2026-09-01 14:25:00,N04,0.4691,0.2842,0.5484746575731645,-0.0435197427381898,0.0435197427381898,1.135821485638721,0,NORMAL,GREEN
2026-09-01 14:30:00,N04,0.5308,0.3602,0.6414769520411471,0.0930022944679825,0.0930022944679825,1.0675045383987305,0,NORMAL,GREEN
2026-09-01 14:35:00,N04,0.493,0.2775,0.5657342574035976,-0.0757426946375494,0.0757426946375494,0.7269226978356139,0,NORMAL,GREEN
2026-09-01 14:40:00,N04,0.5,0.3301,0.5991377220639675,0.0334034646603699,0.0334034646603699,0.0644418959115415,0,NORMAL,GREEN
2026-09-01 14:45:00,N04,0.4278,0.1852,0.4661672232150176,-0.1329704988489499,0.1329704988489499,3.0857745822850817,0,NORMAL,GREEN
2026-09-01 14:50:00,N04,0.4725,0.239,0.5295066099681853,0.0633393867531677,0.0633393867531677,1.585195268858872,0,NORMAL,GREEN
2026-09-01 14:55:00,N04,0.4746,0.2926,0.5575481324513607,0.0280415224831753,0.0280415224831753,0.9208609468483342,0,NORMAL,GREEN
2026-09-01 15:00:00,N04,0.4773,0.3726,0.6055130469279749,0.0479649144766142,0.0479649144766142,0.2154803113067267,0,NORMAL,GREEN
2026-09-01 15:05:00,N04,0.5163,0.315,0.604806324371695,-0.0007067225562799,0.0007067225562799,0.1987372813746872,0,NORMAL,GREEN
2026-09-01 15:10:00,N04,0.5311,0.2431,0.5840931603776919,-0.0207131639940031,0.0207131639940031,0.2919802168248236,0,NORMAL,GREEN
2026-09-01 15:15:00,N04,0.552,0.2962,0.6264490721519189,0.042355911774227,0.042355911774227,0.711477635670599,0,NORMAL,GREEN
2026-09-01 15:20:00,N04,0.5335,0.2464,0.5876522866457681,-0.0387967855061508,0.0387967855061508,0.2076606247744654,0,NORMAL,GREEN
2026-09-01 15:25:00,N04,0.4223,0.3409,0.5427247000091299,-0.0449275866366382,0.0449275866366382,1.2720442660595843,0,NORMAL,GREEN
2026-09-01 15:30:00,N04,0.5188,0.2549,0.5780375852831717,0.0353128852740418,0.0353128852740418,0.4354434106373441,0,NORMAL,GREEN
2026-09-01 15:35:00,N04,0.4565,0.3563,0.5790871609697457,0.0010495756865739,0.0010495756865739,0.4105778152490341,0,NORMAL,GREEN
2026-09-01 15:40:00,N04,0.4405,0.3821,0.5831300541045711,0.0040428931348254,0.0040428931348254,0.3147972572819417,0,NORMAL,GREEN
2026-09-01 15:45:00,N04,0.455,0.3319,0.5631896749763795,-0.0199403791281915,0.0199403791281915,0.7872066372187244,0,NORMAL,GREEN
2026-09-01 15:50:00,N04,0.4836,0.3302,0.5855774927368709,0.0223878177604913,0.0223878177604913,0.2568147605959356,0,NORMAL,GREEN
2026-09-01 15:55:00,N04,0.4728,0.2919,0.5556486749736743,-0.0299288177631965,0.0299288177631965,0.9658611709404368,0,NORMAL,GREEN
2026-09-01 16:00:00,N04,0.502,0.2499,0.5607619905093426,0.0051133155356682,0.0051133155356682,0.8447211361348275,0,NORMAL,GREEN
2026-09-01 16:05:00,N04,0.537,0.2743,0.6030004063016874,0.0422384157923447,0.0422384157923447,0.1559531081057456,0,NORMAL,GREEN
2026-09-01 16:10:00,N04,0.4886,0.2503,0.5489809195227099,-0.0540194867789775,0.0540194867789775,1.123827586619409,0,NORMAL,GREEN
2026-09-01 16:15:00,N04,0.3719,0.2904,0.471849308572133,-0.0771316109505769,0.0771316109505769,2.951159768642559,0,NORMAL,GREEN
2026-09-01 16:20:00,N04,0.6206,0.3392,0.7072488953685259,0.2353995867963929,0.2353995867963929,2.6257137762860805,0,WARNING,YELLOW
2026-09-01 16:25:00,N04,0.499,0.2869,0.5755976111833683,-0.1316512841851576,0.1316512841851576,0.493249064388447,0,NORMAL,GREEN
2026-09-01 16:30:00,N04,0.5011,0.3274,0.5985749493588919,0.0229773381755236,0.0229773381755236,0.0511091953173855,0,NORMAL,GREEN
2026-09-01 16:35:00,N04,0.441,0.3557,0.5665716989049135,-0.0320032504539783,0.0320032504539783,0.7070827931965559,0,NORMAL,GREEN
2026-09-01 16:40:00,N04,0.5358,0.3359,0.6323847325797802,0.0658130336748666,0.0658130336748666,0.8520999199418593,0,NORMAL,GREEN
2026-09-01 16:45:00,N04,0.5219,0.301,0.6024787216159588,-0.0299060109638213,0.0299060109638213,0.143593827606454,0,NORMAL,GREEN
2026-09-01 16:50:00,N04,0.5336,0.3296,0.6271882651963444,0.0247095435803855,0.0247095435803855,0.7289899269628408,0,NORMAL,GREEN
2026-09-01 16:55:00,N04,0.4823,0.2713,0.5533687558942951,-0.0738195093020492,0.0738195093020492,1.0198749462890124,0,NORMAL,GREEN
2026-09-01 17:00:00,N04,0.5051,0.3775,0.630580890925185,0.0772121350308898,0.0772121350308898,0.8093649392239294,0,NORMAL,GREEN
2026-09-01 17:05:00,N04,0.438,0.2266,0.4931445629833101,-0.1374363279418748,0.1374363279418748,2.446651912131579,0,NORMAL,GREEN
2026-09-01 17:10:00,N04,0.5082,0.3025,0.591416511436737,0.0982719484534269,0.0982719484534269,0.1184820245075218,0,NORMAL,GREEN
2026-09-01 17:15:00,N04,0.5087,0.3122,0.5968622370363198,0.0054457255995827,0.0054457255995827,0.0105331680956933,0,NORMAL,GREEN
2026-09-01 17:20:00,N04,0.4888,0.3745,0.6157724336148866,0.0189101965785668,0.0189101965785668,0.4585363972586492,0,NORMAL,GREEN
2026-09-01 17:25:00,N04,0.42,0.2586,0.4932281013892051,-0.1225443322256815,0.1225443322256815,2.444672795973553,0,NORMAL,GREEN
2026-09-01 17:30:00,N04,0.4948,0.2178,0.540614354230444,0.0473862528412389,0.0473862528412389,1.3220406645408809,0,NORMAL,GREEN
2026-09-01 17:35:00,N04,0.4912,0.3831,0.6229310154423201,0.082316661211876,0.082316661211876,0.6281310263569204,0,NORMAL,GREEN
2026-09-01 17:40:00,N04,0.501,0.3115,0.5899434294913368,-0.0329875859509832,0.0329875859509832,0.1533809461352815,0,NORMAL,GREEN
2026-09-01 17:45:00,N04,0.437,0.2692,0.5132617655738639,-0.0766816639174728,0.0766816639174728,1.9700533910718607,0,NORMAL,GREEN
2026-09-01 17:50:00,N04,0.4812,0.2841,0.5588078829078917,0.0455461173340278,0.0455461173340278,0.8910160814012408,0,NORMAL,GREEN
2026-09-01 17:55:00,N04,0.5641,0.3279,0.6524777544100642,0.0936698715021724,0.0936698715021724,1.328125572356901,0,NORMAL,GREEN
2026-09-01 18:00:00,N04,0.4444,0.3123,0.5431598751748882,-0.109317879235176,0.109317879235176,1.261734490658719,0,NORMAL,GREEN
2026-09-01 18:05:00,N04,0.5249,0.357,0.6347984010691898,0.0916385258943016,0.0916385258943016,0.909282365026009,0,NORMAL,GREEN
2026-09-01 18:10:00,N04,0.579,0.2492,0.6303504104861041,-0.0044479905830857,0.0044479905830857,0.8039046056658861,0,NORMAL,GREEN
2026-09-01 18:15:00,N04,0.4595,0.2371,0.5170654310626461,-0.1132849794234579,0.1132849794234579,1.8799403975580056,0,NORMAL,GREEN
2026-09-01 18:20:00,N04,0.4883,0.3233,0.5856276803567263,0.0685622492940801,0.0685622492940801,0.2556257610175433,0,NORMAL,GREEN
2026-09-01 18:25:00,N04,0.5494,0.2962,0.6241592745445669,0.0385315941878405,0.0385315941878405,0.6572298271953542,0,NORMAL,GREEN
2026-09-01 18:30:00,N04,0.484,0.3076,0.5734751607524078,-0.050684113792159,0.050684113792159,0.5435322353146728,0,NORMAL,GREEN
2026-09-01 18:35:00,N04,0.4582,0.4045,0.6112016770264951,0.0377265162740872,0.0377265162740872,0.3502501770276977,0,NORMAL,GREEN
2026-09-01 18:40:00,N04,0.4196,0.3092,0.521218572194046,-0.089983104832449,0.089983104832449,1.7815479440313466,0,NORMAL,GREEN
2026-09-01 18:45:00,N04,0.6012,0.3003,0.6720279235269915,0.1508093513329454,0.1508093513329454,1.791290450557713,0,WARNING,YELLOW
2026-09-01 18:50:00,N04,0.4905,0.2821,0.5658362483970075,-0.1061916751299839,0.1061916751299839,0.7245064197073916,0,NORMAL,GREEN
2026-09-01 18:55:00,N04,0.491,0.3686,0.6139600638478043,0.0481238154507968,0.0481238154507968,0.4155993762331529,0,NORMAL,GREEN
2026-09-01 19:00:00,N04,0.3894,0.3767,0.5417889349183869,-0.0721711289294174,0.0721711289294174,1.294213564017385,0,NORMAL,GREEN
2026-09-01 19:05:00,N04,0.4288,0.2867,0.515816178497728,-0.0259727564206588,0.0259727564206588,1.9095365564767224,0,NORMAL,GREEN
2026-09-01 19:10:00,N04,0.4785,0.3294,0.5809187636838734,0.0651025851861454,0.0651025851861454,0.3671851446829911,0,NORMAL,GREEN
2026-09-01 19:15:00,N04,0.4201,0.3231,0.5299788863719006,-0.0509398773119728,0.0509398773119728,1.5740065245725368,0,NORMAL,GREEN
2026-09-01 19:20:00,N04,0.6012,0.2318,0.6443389480700356,0.1143600616981349,0.1143600616981349,1.1353083529950758,0,NORMAL,GREEN
2026-09-01 19:25:00,N04,0.5095,0.2669,0.5751746343502988,-0.0691643137197367,0.0691643137197367,0.5032698479529615,0,NORMAL,GREEN
2026-09-01 19:30:00,N04,0.5213,0.301,0.601959043457277,0.0267844091069782,0.0267844091069782,0.1312820839263914,0,NORMAL,GREEN
2026-09-01 19:35:00,N04,0.4679,0.3244,0.5693555743118706,-0.0326034691454064,0.0326034691454064,0.641129741533536,0,NORMAL,GREEN
2026-09-01 19:40:00,N04,0.5902,0.2905,0.6578193445012087,0.0884637701893381,0.0884637701893381,1.454673680926535,0,NORMAL,GREEN
2026-09-01 19:45:00,N04,0.536,0.2353,0.5853734619881568,-0.0724458825130519,0.0724458825130519,0.2616484720749617,0,NORMAL,GREEN
2026-09-01 19:50:00,N04,0.4522,0.3236,0.556059169513461,-0.0293142924746957,0.0293142924746957,0.9561361065491634,0,NORMAL,GREEN
2026-09-01 19:55:00,N04,0.5742,0.3178,0.6562792698234495,0.1002201003099885,0.1002201003099885,1.418187628234189,0,NORMAL,GREEN
2026-09-01 20:00:00,N04,0.4843,0.3,0.56968981911212,-0.0865894507113295,0.0865894507113295,0.6332111168264609,0,NORMAL,GREEN
2026-09-01 20:05:00,N04,0.5175,0.3802,0.6421512983713418,0.0724614792592217,0.0724614792592217,1.083480540141823,0,NORMAL,GREEN
2026-09-01 20:10:00,N04,0.7041,0.3774,0.7988664281342657,0.1567151297629239,0.1567151297629239,4.796233281805945,0,WARNING,YELLOW
2026-09-01 20:15:00,N04,0.7165,0.4633,0.8532403764473409,0.0543739483130751,0.0543739483130751,6.084411557763534,1,HIGH,ORANGE
2026-09-01 20:20:00,N04,0.7982,0.4967,0.9401245289853892,0.0868841525380483,0.0868841525380483,8.142792111260798,1,HIGH,ORANGE
2026-09-01 20:25:00,N04,1.005,0.5376,1.1397538155233349,0.1996292865379456,0.1996292865379456,12.872228139750495,1,HIGH,ORANGE
2026-09-01 20:30:00,N04,0.9621,0.5676,1.1170524472915315,-0.0227013682318033,0.0227013682318033,12.334407909695752,1,HIGH,ORANGE
2026-09-01 20:35:00,N04,1.0972,0.6409,1.2706693708435723,0.1536169235520408,0.1536169235520408,15.97376075933223,1,HIGH,ORANGE
2026-09-01 20:40:00,N04,1.1075,0.7661,1.3466497168900309,0.0759803460464585,0.0759803460464585,17.773818217238993,1,HIGH,ORANGE
2026-09-01 20:45:00,N04,1.291,0.72,1.4782019483142348,0.1315522314242039,0.1315522314242039,20.8904343897242,1,HIGH,ORANGE
2026-09-01 20:50:00,N04,1.2067,0.8504,1.476246947498961,-0.0019550008152737,0.0019550008152737,20.84411828324588,1,HIGH,ORANGE
2026-09-01 20:55:00,N04,1.3458,0.8895,1.6131918329820545,0.1369448854830934,0.1369448854830934,24.08849232551862,1,HIGH,ORANGE
2026-09-01 21:00:00,N04,1.3615,0.9446,1.6570912497505983,0.0438994167685438,0.0438994167685438,25.128517498655583,1,HIGH,ORANGE
2026-09-01 21:05:00,N04,1.4794,0.9865,1.778146959618355,0.1210557098677567,0.1210557098677567,27.99645960089888,1,HIGH,ORANGE
2026-09-01 21:10:00,N04,1.6207,0.9523,1.87977226812186,0.101625308503505,0.101625308503505,30.40407425392976,1,HIGH,ORANGE
2026-09-01 21:15:00,N04,1.6796,1.0843,1.999190498676902,0.1194182305550419,0.1194182305550419,33.233222681197965,1,HIGH,ORANGE
2026-09-01 21:20:00,N04,1.7853,1.1292,2.1124366807078503,0.1132461820309482,0.1132461820309482,35.916148531780834,1,CRITICAL,RED
2026-09-01 21:25:00,N04,1.9588,1.0718,2.232857514486762,0.1204208337789118,0.1204208337789118,38.76904972544662,1,CRITICAL,RED
2026-09-01 21:30:00,N04,2.0209,1.2052,2.3529861559303744,0.1201286414436122,0.1201286414436122,41.61502856327084,1,CRITICAL,RED
2026-09-01 21:35:00,N04,1.9751,1.1835,2.302540392696728,-0.0504457632336463,0.0504457632336463,40.41991328605164,1,CRITICAL,RED
2026-09-01 21:40:00,N04,2.0905,1.3461,2.486398089606731,0.1838576969100027,0.1838576969100027,44.7757031150957,1,CRITICAL,RED
2026-09-01 21:45:00,N04,2.1736,1.4256,2.5993984534888064,0.1130003638820755,0.1130003638820755,47.45280526500871,1,CRITICAL,RED
2026-09-01 21:50:00,N04,2.1874,1.3994,2.596736243826084,-0.0026622096627222,0.0026622096627222,47.38973460782896,1,CRITICAL,RED
2026-09-01 21:55:00,N04,2.2774,1.4682,2.709642411832233,0.1129061680061487,0.1129061680061487,50.06460515446837,1,CRITICAL,RED
2026-09-01 22:00:00,N04,2.4643,1.479,2.8740590616756645,0.1644166498434316,0.1644166498434316,53.95981532597442,1,CRITICAL,RED
2026-09-01 22:05:00,N04,2.3698,1.5599,2.8371182650710915,-0.0369407966045729,0.0369407966045729,53.08464747153455,1,CRITICAL,RED
2026-09-01 22:10:00,N04,2.6018,1.6202,3.065030388103844,0.2279121230327523,0.2279121230327523,58.48413481476957,1,CRITICAL,RED
2026-09-01 22:15:00,N04,2.7218,1.5964,3.1554220319950863,0.0903916438912424,0.0903916438912424,60.62561167273746,1,CRITICAL,RED
2026-09-01 22:20:00,N04,2.774,1.7596,3.2850065692476176,0.1295845372525312,0.1295845372525312,63.69561101925515,1,CRITICAL,RED
2026-09-01 22:25:00,N04,2.7311,1.766,3.252331964913791,-0.0326746043338266,0.0326746043338266,62.92151392341811,1,CRITICAL,RED
2026-09-01 22:30:00,N04,2.8748,1.7959,3.389650697343312,0.137318732429521,0.137318732429521,66.17474480853309,1,CRITICAL,RED
2026-09-01 22:35:00,N04,2.9974,1.8256,3.509590021640704,0.119939324297392,0.119939324297392,69.01623851620596,1,CRITICAL,RED
2026-09-01 22:40:00,N04,3.0262,1.9017,3.574122176143395,0.0645321545026909,0.0645321545026909,70.5450758015262,1,CRITICAL,RED
2026-09-01 22:45:00,N04,3.0856,1.8957,3.621409373434602,0.0472871972912072,0.0472871972912072,71.66536119869325,1,CRITICAL,RED
2026-09-01 22:50:00,N04,3.254,1.9426,3.789750751698586,0.168341378263984,0.168341378263984,75.65355247691015,1,CRITICAL,RED
2026-09-01 22:55:00,N04,3.3333,2.0731,3.9253831023226256,0.1356323506240393,0.1356323506240393,78.86683113353726,1,CRITICAL,RED
2026-09-01 23:00:00,N04,3.2937,2.0661,3.888088077706059,-0.0372950246165664,0.0372950246165664,77.98327123025888,1,CRITICAL,RED
2026-09-01 23:05:00,N04,3.5197,2.1009,4.09903267857186,0.2109446008658011,0.2109446008658011,82.98077942483165,1,CRITICAL,RED
2026-09-01 23:10:00,N04,3.5168,2.2231,4.16053552442471,0.0615028458528499,0.0615028458528499,84.43784907666266,1,CRITICAL,RED
2026-09-01 23:15:00,N04,3.6592,2.2374,4.289021263645122,0.1284857392204115,0.1284857392204115,87.48181669661726,1,CRITICAL,RED
2026-09-01 23:20:00,N04,3.6701,2.3711,4.369410626160009,0.0803893625148877,0.0803893625148877,89.38632857450227,1,CRITICAL,RED
2026-09-01 23:25:00,N04,3.8669,2.3989,4.550564450702791,0.1811538245427817,0.1811538245427817,93.67806071135224,1,CRITICAL,RED
2026-09-01 23:30:00,N04,3.8643,2.3596,4.527750727458392,-0.0228137232443987,0.0228137232443987,93.13757866822506,1,CRITICAL,RED
2026-09-01 23:35:00,N04,3.8985,2.4761,4.618373464760077,0.0906227373016843,0.0906227373016843,95.28453038171264,1,CRITICAL,RED
2026-09-01 23:40:00,N04,4.0409,2.5701,4.788975550156839,0.1706020853967622,0.1706020853967622,99.32628028326106,1,CRITICAL,RED
2026-09-01 23:45:00,N04,4.1325,2.4748,4.816865297057828,0.0278897469009891,0.0278897469009891,99.98701887581184,1,CRITICAL,RED
2026-09-01 23:50:00,N04,4.2326,2.5501,4.941448448582662,0.1245831515248339,0.1245831515248339,102.93852992703398,1,CRITICAL,RED
2026-09-01 23:55:00,N04,4.2408,2.6625,5.007323725304766,0.065875276722104,0.065875276722104,104.4991872460042,1,CRITICAL,RED
2026-09-01 00:00:00,N05,0.5998,0.4555,0.7531535633587615,0.0,0.0,5.247686953439133,0,NORMAL,GREEN
2026-09-01 00:05:00,N05,0.5303,0.2908,0.6047997437168768,-0.1483538196418846,0.1483538196418846,0.6607507888317128,0,NORMAL,GREEN
2026-09-01 00:10:00,N05,0.5267,0.3444,0.6293045764969455,0.0245048327800686,0.0245048327800686,1.4184131392712551,0,NORMAL,GREEN
2026-09-01 00:15:00,N05,0.484,0.3898,0.6214499497143756,-0.0078546267825698,0.0078546267825698,1.1755567589270597,0,NORMAL,GREEN
2026-09-01 00:20:00,N05,0.5115,0.3249,0.605963909816418,-0.0154860398979576,0.0154860398979576,0.6967455181651783,0,NORMAL,GREEN
2026-09-01 00:25:00,N05,0.5333,0.3211,0.6225063051889514,0.0165423953725334,0.0165423953725334,1.2082181028729682,0,NORMAL,GREEN
2026-09-01 00:30:00,N05,0.5419,0.2691,0.6050375360256586,-0.0174687691632928,0.0174687691632928,0.6681030642463224,0,NORMAL,GREEN
2026-09-01 00:35:00,N05,0.4721,0.245,0.5318866514587484,-0.0731508845669102,0.0731508845669102,1.5936414510142127,0,NORMAL,GREEN
2026-09-01 00:40:00,N05,0.522,0.3389,0.622364210089237,0.0904775586304886,0.0904775586304886,1.2038246794123058,0,NORMAL,GREEN
2026-09-01 00:45:00,N05,0.5229,0.3837,0.648575438942919,0.0262112288536819,0.0262112288536819,2.0142469107911816,0,NORMAL,GREEN
2026-09-01 00:50:00,N05,0.4997,0.3334,0.6007126184790861,-0.0478628204638329,0.0478628204638329,0.5343813929660928,0,NORMAL,GREEN
2026-09-01 00:55:00,N05,0.4454,0.2806,0.5264195285131432,-0.0742930899659428,0.0742930899659428,1.762678851035905,0,NORMAL,GREEN
2026-09-01 01:00:00,N05,0.5348,0.3425,0.6350726651336838,0.1086531366205405,0.1086531366205405,1.596756065879975,0,NORMAL,GREEN
2026-09-01 01:05:00,N05,0.4853,0.2964,0.5686554756616699,-0.0664171894720139,0.0664171894720139,0.4567900381311665,0,NORMAL,GREEN
2026-09-01 01:10:00,N05,0.4241,0.2821,0.5093537277766798,-0.0593017478849901,0.0593017478849901,2.2903345512061457,0,NORMAL,GREEN
2026-09-01 01:15:00,N05,0.5445,0.3288,0.6360736513958113,0.1267199236191315,0.1267199236191315,1.6277054549628542,0,NORMAL,GREEN
2026-09-01 01:20:00,N05,0.525,0.3025,0.6059135664432675,-0.0301600849525437,0.0301600849525437,0.6951889566994228,0,NORMAL,GREEN
2026-09-01 01:25:00,N05,0.5004,0.267,0.5671764804714666,-0.0387370859718009,0.0387370859718009,0.5025189350453129,0,NORMAL,GREEN
2026-09-01 01:30:00,N05,0.5349,0.321,0.623826105577508,0.0566496251060413,0.0566496251060413,1.249024872438769,0,NORMAL,GREEN
2026-09-01 01:35:00,N05,0.5246,0.2737,0.5917067263433803,-0.0321193792341276,0.0321193792341276,0.2559291601112833,0,NORMAL,GREEN
2026-09-01 01:40:00,N05,0.3923,0.3549,0.5290116255811397,-0.0626951007622406,0.0626951007622406,1.6825340740961074,0,NORMAL,GREEN
2026-09-01 01:45:00,N05,0.4761,0.2569,0.5409887429512744,0.0119771173701347,0.0119771173701347,1.312214840351835,0,NORMAL,GREEN
2026-09-01 01:50:00,N05,0.5347,0.2804,0.6037617493680765,0.062773006416802,0.062773006416802,0.6286571506047784,0,NORMAL,GREEN
2026-09-01 01:55:00,N05,0.553,0.3309,0.6444406954871799,0.0406789461191033,0.0406789461191033,1.8864052122472144,0,NORMAL,GREEN
2026-09-01 02:00:00,N05,0.5342,0.2317,0.5822838912420641,-0.0621568042451157,0.0621568042451157,0.0354144884964428,0,NORMAL,GREEN
2026-09-01 02:05:00,N05,0.5606,0.3131,0.6421090016500314,0.0598251104079672,0.0598251104079672,1.814311815446065,0,NORMAL,GREEN
2026-09-01 02:10:00,N05,0.4815,0.3072,0.571151547314721,-0.0709574543353104,0.0709574543353104,0.3796142609083801,0,NORMAL,GREEN
2026-09-01 02:15:00,N05,0.4112,0.3204,0.5212884038610489,-0.049863143453672,0.049863143453672,1.9213275551179072,0,NORMAL,GREEN
2026-09-01 02:20:00,N05,0.4485,0.2324,0.505135635250573,-0.0161527686104758,0.0161527686104758,2.420753310900801,0,NORMAL,GREEN
2026-09-01 02:25:00,N05,0.4239,0.3556,0.5533015181616621,0.048165882911089,0.048165882911089,0.931517437106388,0,NORMAL,GREEN
2026-09-01 02:30:00,N05,0.4685,0.3767,0.6011614924460814,0.0478599742844193,0.0478599742844193,0.548260079996409,0,NORMAL,GREEN
2026-09-01 02:35:00,N05,0.4732,0.2146,0.5195877211790133,-0.0815737712670681,0.0815737712670681,1.9739107843032528,0,NORMAL,GREEN
2026-09-01 02:40:00,N05,0.4442,0.3618,0.5728986646868711,0.0533109435078578,0.0533109435078578,0.3255953224174502,0,NORMAL,GREEN
2026-09-01 02:45:00,N05,0.4922,0.2726,0.5626469585806005,-0.0102517061062705,0.0102517061062705,0.6425667465526127,0,NORMAL,GREEN
2026-09-01 02:50:00,N05,0.508,0.3251,0.6031202284785347,0.0404732698979342,0.0404732698979342,0.6088220336142398,0,NORMAL,GREEN
2026-09-01 02:55:00,N05,0.5559,0.3724,0.6691087878663677,0.0659885593878329,0.0659885593878329,2.649115369081139,0,NORMAL,GREEN
2026-09-01 03:00:00,N05,0.482,0.2337,0.5356675181490846,-0.1334412697172831,0.1334412697172831,1.4767412310041934,0,NORMAL,GREEN
2026-09-01 03:05:00,N05,0.4793,0.313,0.5724486789223991,0.0367811607733145,0.0367811607733145,0.3395083849971498,0,NORMAL,GREEN
2026-09-01 03:10:00,N05,0.4518,0.2521,0.5173757338723957,-0.0550729450500034,0.0550729450500034,2.042302987462358,0,NORMAL,GREEN
2026-09-01 03:15:00,N05,0.5172,0.2976,0.5967089742914883,0.0793332404190926,0.0793332404190926,0.410593138921518,0,NORMAL,GREEN
2026-09-01 03:20:00,N05,0.5016,0.2621,0.5659496178989787,-0.0307593563925095,0.0307593563925095,0.5404521700394148,0,NORMAL,GREEN
2026-09-01 03:25:00,N05,0.4885,0.2538,0.5504967665663442,-0.0154528513326345,0.0154528513326345,1.0182372570366045,0,NORMAL,GREEN
2026-09-01 03:30:00,N05,0.5445,0.3518,0.648261899235178,0.0977651326688338,0.0977651326688338,2.004552609505582,0,NORMAL,GREEN
2026-09-01 03:35:00,N05,0.4077,0.2535,0.4800849299863514,-0.1681769692488265,0.1681769692488265,3.1952934353327467,0,WARNING,YELLOW
2026-09-01 03:40:00,N05,0.4252,0.2675,0.5023457872820275,0.0222608572956761,0.0222608572956761,2.507012327160502,0,NORMAL,GREEN
2026-09-01 03:45:00,N05,0.4958,0.2275,0.5455033363784313,0.0431575490964037,0.0431575490964037,1.1726286004456916,0,NORMAL,GREEN
2026-09-01 03:50:00,N05,0.4539,0.2498,0.5180977224423979,-0.0274056139360333,0.0274056139360333,2.019979898712969,0,NORMAL,GREEN
2026-09-01 03:55:00,N05,0.5104,0.3035,0.5938184992066179,0.0757207767642199,0.0757207767642199,0.3212228434232722,0,NORMAL,GREEN
2026-09-01 04:00:00,N05,0.4639,0.3088,0.5572796874101908,-0.036538811796427,0.036538811796427,0.808516840026689,0,NORMAL,GREEN
2026-09-01 04:05:00,N05,0.4727,0.2864,0.5526936312280069,-0.0045860561821839,0.0045860561821839,0.9503126293481938,0,NORMAL,GREEN
2026-09-01 04:10:00,N05,0.5837,0.367,0.6894887163688758,0.1367950851408689,0.1367950851408689,3.2792402374931893,0,NORMAL,GREEN
2026-09-01 04:15:00,N05,0.435,0.3415,0.5530345830054392,-0.1364541333634366,0.1364541333634366,0.9397707771595096,0,NORMAL,GREEN
2026-09-01 04:20:00,N05,0.5406,0.2426,0.5925395514225189,0.0395049684170797,0.0395049684170797,0.2816791912430362,0,NORMAL,GREEN
2026-09-01 04:25:00,N05,0.5409,0.3769,0.6592620268148318,0.0667224753923129,0.0667224753923129,2.344664398552935,0,NORMAL,GREEN
2026-09-01 04:30:00,N05,0.4439,0.2541,0.5114821795527191,-0.1477798472621126,0.1477798472621126,2.224525174341396,0,NORMAL,GREEN
2026-09-01 04:35:00,N05,0.5509,0.3136,0.6339051742965978,0.1224229947438786,0.1224229947438786,1.5606585393356325,0,NORMAL,GREEN
2026-09-01 04:40:00,N05,0.5276,0.317,0.6155085377149532,-0.0183966365816445,0.0183966365816445,0.991854865475514,0,NORMAL,GREEN
2026-09-01 04:45:00,N05,0.5195,0.2337,0.5696454511360552,-0.0458630865788979,0.0458630865788979,0.4261810904377785,0,NORMAL,GREEN
2026-09-01 04:50:00,N05,0.5524,0.3585,0.6585347447173915,0.0888892935813362,0.0888892935813362,2.322177639784785,0,NORMAL,GREEN
2026-09-01 04:55:00,N05,0.4885,0.2978,0.5721163255842294,-0.086418419133162,0.086418419133162,0.3497843829455591,0,NORMAL,GREEN
2026-09-01 05:00:00,N05,0.4234,0.3257,0.5341797918304285,-0.0379365337538009,0.0379365337538009,1.5227400847617505,0,NORMAL,GREEN
2026-09-01 05:05:00,N05,0.5286,0.2969,0.6062735108843202,0.0720937190538917,0.0720937190538917,0.7063180410593638,0,NORMAL,GREEN
2026-09-01 05:10:00,N05,0.5562,0.2833,0.6241933434441608,0.0179198325598405,0.0179198325598405,1.26037946145865,0,NORMAL,GREEN
2026-09-01 05:15:00,N05,0.5282,0.249,0.5839488333749798,-0.0402445100691809,0.0402445100691809,0.0160636824052884,0,NORMAL,GREEN
2026-09-01 05:20:00,N05,0.4988,0.2913,0.5776306172633164,-0.0063182161116633,0.0063182161116633,0.1792885778085214,0,NORMAL,GREEN
2026-09-01 05:25:00,N05,0.5113,0.2815,0.5836693755886118,0.0060387583252953,0.0060387583252953,0.0074231564662386,0,NORMAL,GREEN
2026-09-01 05:30:00,N05,0.4934,0.3413,0.5999410387696444,0.0162716631810326,0.0162716631810326,0.510525000986038,0,NORMAL,GREEN
2026-09-01 05:35:00,N05,0.4782,0.2197,0.5262540546162091,-0.0736869841534353,0.0736869841534353,1.7677951210718086,0,NORMAL,GREEN
2026-09-01 05:40:00,N05,0.5875,0.3691,0.69382350781737,0.1675694532011609,0.1675694532011609,3.413267198909662,0,WARNING,YELLOW
2026-09-01 05:45:00,N05,0.4354,0.3345,0.5490568367664681,-0.1447666710509019,0.1447666710509019,1.0627582952511316,0,NORMAL,GREEN
2026-09-01 05:50:00,N05,0.4749,0.3132,0.5688798203487271,0.0198229835822589,0.0198229835822589,0.4498535483199542,0,NORMAL,GREEN
2026-09-01 05:55:00,N05,0.5147,0.2883,0.589943200655792,0.0210633803070648,0.0210633803070648,0.2014028946390517,0,NORMAL,GREEN
2026-09-01 06:00:00,N05,0.4608,0.2655,0.5318147139747076,-0.0581284866810843,0.0581284866810843,1.595865678526076,0,NORMAL,GREEN
2026-09-01 06:05:00,N05,0.4542,0.2584,0.5225592789339789,-0.0092554350407286,0.0092554350407286,1.8820335022462489,0,NORMAL,GREEN
2026-09-01 06:10:00,N05,0.4966,0.2642,0.5625061777438537,0.0399468988098747,0.0399468988098747,0.6469195344546472,0,NORMAL,GREEN
2026-09-01 06:15:00,N05,0.5341,0.3744,0.6522562149953038,0.0897500372514501,0.0897500372514501,2.1280524388811246,0,NORMAL,GREEN
2026-09-01 06:20:00,N05,0.471,0.312,0.5649646006609618,-0.087291614334342,0.087291614334342,0.5709078145433996,0,NORMAL,GREEN
2026-09-01 06:25:00,N05,0.525,0.3236,0.6167187041107153,0.0517541034497535,0.0517541034497535,1.0292718731354005,0,NORMAL,GREEN
2026-09-01 06:30:00,N05,0.5038,0.3371,0.6061772430568473,-0.0105414610538679,0.0105414610538679,0.7033415462148775,0,NORMAL,GREEN
2026-09-01 06:35:00,N05,0.5241,0.2381,0.5756495635367059,-0.0305276795201413,0.0305276795201413,0.2405405698674742,0,NORMAL,GREEN
2026-09-01 06:40:00,N05,0.5435,0.3444,0.6434311229649993,0.0677815594282933,0.0677815594282933,1.8551903454917609,0,NORMAL,GREEN
2026-09-01 06:45:00,N05,0.4618,0.3019,0.5517271517697856,-0.0917039711952136,0.0917039711952136,0.9801951061861118,0,NORMAL,GREEN
2026-09-01 06:50:00,N05,0.5342,0.2895,0.6076017527953651,0.0558746010255795,0.0558746010255795,0.7473858131721812,0,NORMAL,GREEN
2026-09-01 06:55:00,N05,0.5536,0.4182,0.6938041510397585,0.0862023982443933,0.0862023982443933,3.412668708736163,0,NORMAL,GREEN
2026-09-01 07:00:00,N05,0.4607,0.2309,0.5153244608981802,-0.1784796901415782,0.1784796901415782,2.10572608106132,0,WARNING,YELLOW
2026-09-01 07:05:00,N05,0.5152,0.3361,0.615137586235795,0.0998131253376147,0.0998131253376147,0.9803854556607022,0,NORMAL,GREEN
2026-09-01 07:10:00,N05,0.4885,0.3727,0.6144408352315135,-0.0006967510042814,0.0006967510042814,0.9588426845545726,0,NORMAL,GREEN
2026-09-01 07:15:00,N05,0.4331,0.3346,0.5472958706220978,-0.0671449646094156,0.0671449646094156,1.1172054224754906,0,NORMAL,GREEN
2026-09-01 07:20:00,N05,0.4697,0.386,0.6079589542066142,0.0606630835845163,0.0606630835845163,0.7584300860817852,0,NORMAL,GREEN
2026-09-01 07:25:00,N05,0.5996,0.2617,0.6542224774493766,0.0462635232427623,0.0462635232427623,2.1888471011383377,0,NORMAL,GREEN
2026-09-01 07:30:00,N05,0.4725,0.343,0.5838709189538386,-0.0703515584955379,0.0703515584955379,0.0136546546031061,0,NORMAL,GREEN
2026-09-01 07:35:00,N05,0.4806,0.2977,0.5653332203223158,-0.0185376986315227,0.0185376986315227,0.5595105019583124,0,NORMAL,GREEN
2026-09-01 07:40:00,N05,0.5013,0.204,0.5412187081023715,-0.0241145122199443,0.0241145122199443,1.305104572003417,0,NORMAL,GREEN
2026-09-01 07:45:00,N05,0.4993,0.2655,0.5655004332447501,0.0242817251423785,0.0242817251423785,0.5543404631756582,0,NORMAL,GREEN
2026-09-01 07:50:00,N05,0.4753,0.3722,0.6036910882231077,0.0381906549783576,0.0381906549783576,0.6264723860865996,0,NORMAL,GREEN
2026-09-01 07:55:00,N05,0.4372,0.3407,0.5542745980107694,-0.0494164902123382,0.0494164902123382,0.9014308834760496,0,NORMAL,GREEN
2026-09-01 08:00:00,N05,0.4861,0.286,0.5639939804643308,0.0097193824535614,0.0097193824535614,0.6009183184372134,0,NORMAL,GREEN
2026-09-01 08:05:00,N05,0.5395,0.317,0.6257389631467741,0.0617449826824433,0.0617449826824433,1.308168314672951,0,NORMAL,GREEN
2026-09-01 08:10:00,N05,0.5285,0.3484,0.633004589240868,0.0072656260940938,0.0072656260940938,1.532813444605995,0,NORMAL,GREEN
2026-09-01 08:15:00,N05,0.4834,0.2694,0.5534003252619211,-0.0796042639789469,0.0796042639789469,0.9284624307533864,0,NORMAL,GREEN
2026-09-01 08:20:00,N05,0.4457,0.2587,0.5153388982019502,-0.0380614270599708,0.0380614270599708,2.105279695582725,0,NORMAL,GREEN
2026-09-01 08:25:00,N05,0.6475,0.3622,0.7419198676407042,0.2265809694387539,0.2265809694387539,4.900353495657337,0,WARNING,YELLOW
2026-09-01 08:30:00,N05,0.4324,0.2339,0.4916085536277822,-0.2503113140129219,0.2503113140129219,2.838995726545741,0,WARNING,YELLOW
2026-09-01 08:35:00,N05,0.5241,0.3274,0.6179575794502402,0.126349025822458,0.126349025822458,1.0675765296115514,0,NORMAL,GREEN
2026-09-01 08:40:00,N05,0.5274,0.2873,0.6005764314389967,-0.0173811480112434,0.0173811480112434,0.5301706401803234,0,NORMAL,GREEN
2026-09-01 08:45:00,N05,0.4937,0.3164,0.5863860929455951,-0.0141903384934016,0.0141903384934016,0.0914210550295811,0,NORMAL,GREEN
2026-09-01 08:50:00,N05,0.5043,0.189,0.5385531450098495,-0.0478329479357455,0.0478329479357455,1.387520837237749,0,NORMAL,GREEN
2026-09-01 08:55:00,N05,0.4885,0.2574,0.552165745044004,0.0136126000341544,0.0136126000341544,0.9666342868157572,0,NORMAL,GREEN
2026-09-01 09:00:00,N05,0.5088,0.4493,0.6787841556783718,0.1266184106343678,0.1266184106343678,2.9482670500415,0,NORMAL,GREEN
2026-09-01 09:05:00,N05,0.5184,0.2843,0.5912402641904557,-0.087543891487916,0.087543891487916,0.2415066658078995,0,NORMAL,GREEN
2026-09-01 09:10:00,N05,0.5461,0.3241,0.635032298391192,0.0437920342007362,0.0437920342007362,1.5955079708094897,0,NORMAL,GREEN
2026-09-01 09:15:00,N05,0.521,0.3303,0.6168785050558984,-0.0181537933352936,0.0181537933352936,1.03421274177207,0,NORMAL,GREEN
2026-09-01 09:20:00,N05,0.6028,0.2435,0.6501231344906901,0.0332446294347917,0.0332446294347917,2.062099946843844,0,NORMAL,GREEN
2026-09-01 09:25:00,N05,0.5237,0.2537,0.5819152687462326,-0.0682078657444575,0.0682078657444575,0.0468118887204432,0,NORMAL,GREEN
2026-09-01 09:30:00,N05,0.5278,0.2541,0.5857812304947984,0.0038659617485657,0.0038659617485657,0.0727193764555485,0,NORMAL,GREEN
2026-09-01 09:35:00,N05,0.4791,0.2852,0.5575624180304839,-0.0282188124643144,0.0282188124643144,0.7997751216793313,0,NORMAL,GREEN
2026-09-01 09:40:00,N05,0.5488,0.3459,0.6487127638639462,0.0911503458334622,0.0911503458334622,2.01849284559813,0,NORMAL,GREEN
2026-09-01 09:45:00,N05,0.4377,0.3027,0.5321734491685958,-0.1165393146953504,0.1165393146953504,1.5847739827521805,0,NORMAL,GREEN
2026-09-01 09:50:00,N05,0.4645,0.2371,0.5215138157326228,-0.0106596334359729,0.0106596334359729,1.914358069140735,0,NORMAL,GREEN
2026-09-01 09:55:00,N05,0.4891,0.2846,0.5658762850659144,0.0443624693332915,0.0443624693332915,0.5427195402011527,0,NORMAL,GREEN
2026-09-01 10:00:00,N05,0.6213,0.3216,0.699600064322467,0.1337237792565526,0.1337237792565526,3.5918719426505974,0,NORMAL,GREEN
2026-09-01 10:05:00,N05,0.4311,0.2718,0.5096297185212024,-0.1899703458012646,0.1899703458012646,2.281801222369693,0,WARNING,YELLOW
2026-09-01 10:10:00,N05,0.5511,0.4044,0.6835572909420249,0.1739275724208224,0.1739275724208224,3.095847117829872,0,WARNING,YELLOW
2026-09-01 10:15:00,N05,0.4207,0.206,0.4684276785161184,-0.2151296124259065,0.2151296124259065,3.5557227689205844,0,WARNING,YELLOW
2026-09-01 10:20:00,N05,0.5935,0.3195,0.6740344946662596,0.2056068161501412,0.2056068161501412,2.801412780170499,0,WARNING,YELLOW
2026-09-01 10:25:00,N05,0.4566,0.3267,0.5614414038882419,-0.1125930907780177,0.1125930907780177,0.6798411654394363,0,NORMAL,GREEN
2026-09-01 10:30:00,N05,0.3682,0.3002,0.4750697632979813,-0.0863716405902606,0.0863716405902606,3.350356847316003,0,NORMAL,GREEN
2026-09-01 10:35:00,N05,0.5164,0.3462,0.6217100610413185,0.1466402977433372,0.1466402977433372,1.183599113719532,0,NORMAL,GREEN
2026-09-01 10:40:00,N05,0.4493,0.3043,0.5426499608403192,-0.0790601002009993,0.0790601002009993,1.2608518189551063,0,NORMAL,GREEN
2026-09-01 10:45:00,N05,0.4537,0.3128,0.5510785152770883,0.008428554436769,0.008428554436769,1.000250229763108,0,NORMAL,GREEN
2026-09-01 10:50:00,N05,0.4552,0.2796,0.5342126917249346,-0.0168658235521537,0.0168658235521537,1.521722856379725,0,NORMAL,GREEN
2026-09-01 10:55:00,N05,0.4502,0.3326,0.5597345799573222,0.0255218882323876,0.0255218882323876,0.7326142752538775,0,NORMAL,GREEN
2026-09-01 11:00:00,N05,0.5429,0.2883,0.6147009842191568,0.0549664042618345,0.0549664042618345,0.9668862037742824,0,NORMAL,GREEN
2026-09-01 11:05:00,N05,0.5019,0.2276,0.5510947014806076,-0.0636062827385491,0.0636062827385491,0.999749770236892,0,NORMAL,GREEN
2026-09-01 11:10:00,N05,0.485,0.2975,0.5689738570444164,0.0178791555638088,0.0178791555638088,0.4469460376047015,0,NORMAL,GREEN
2026-09-01 11:15:00,N05,0.631,0.2444,0.6766774416219297,0.1077035845775132,0.1077035845775132,2.8831297794453814,0,NORMAL,GREEN
2026-09-01 11:20:00,N05,0.5732,0.3498,0.6715044899328672,-0.0051729516890625,0.0051729516890625,2.723187829601383,0,NORMAL,GREEN
2026-09-01 11:25:00,N05,0.514,0.3879,0.6439428623721207,-0.0275616275607464,0.0275616275607464,1.8710127624611816,0,NORMAL,GREEN
2026-09-01 11:30:00,N05,0.5186,0.3195,0.6091192083656531,-0.0348236540064675,0.0348236540064675,0.7943038625378211,0,NORMAL,GREEN
2026-09-01 11:35:00,N05,0.4973,0.3612,0.614632190826351,0.0055129824606978,0.0055129824606978,0.9647591880890212,0,NORMAL,GREEN
2026-09-01 11:40:00,N05,0.5548,0.2687,0.616443614615319,0.001811423788968,0.001811423788968,1.02076640992601,0,NORMAL,GREEN
2026-09-01 11:45:00,N05,0.434,0.2899,0.5219176276003714,-0.0945259870149476,0.0945259870149476,1.9018726524231533,0,NORMAL,GREEN
2026-09-01 11:50:00,N05,0.46,0.2968,0.5474397135758421,0.0255220859754706,0.0255220859754706,1.1127579572996953,0,NORMAL,GREEN
2026-09-01 11:55:00,N05,0.5619,0.2771,0.6265109895285157,0.0790712759526736,0.0790712759526736,1.3320385172669231,0,NORMAL,GREEN
2026-09-01 12:00:00,N05,0.4979,0.3029,0.5827974090539525,-0.0437135804745631,0.0437135804745631,0.0195370852168596,0,NORMAL,GREEN
2026-09-01 12:05:00,N05,0.5424,0.1877,0.5739591013303996,-0.0088383077235528,0.0088383077235528,0.2928077932374295,0,NORMAL,GREEN
2026-09-01 12:10:00,N05,0.4697,0.3106,0.563107849350371,-0.0108512519800286,0.0108512519800286,0.6283165132596861,0,NORMAL,GREEN
2026-09-01 12:15:00,N05,0.56,0.2754,0.6240554142061425,0.0609475648557715,0.0609475648557715,1.2561148418381378,0,NORMAL,GREEN
2026-09-01 12:20:00,N05,0.4062,0.331,0.5239841982350231,-0.1000712159711194,0.1000712159711194,1.8379765720682184,0,NORMAL,GREEN
2026-09-01 12:25:00,N05,0.4682,0.2405,0.5263568086383988,0.0023726104033757,0.0023726104033757,1.7646180802542637,0,NORMAL,GREEN
2026-09-01 12:30:00,N05,0.4688,0.2908,0.5516684511552206,0.0253116425168217,0.0253116425168217,0.9820100643212174,0,NORMAL,GREEN
2026-09-01 12:35:00,N05,0.4698,0.1897,0.5066538561977003,-0.0450145949575202,0.0450145949575202,2.373811596929073,0,NORMAL,GREEN
2026-09-01 12:40:00,N05,0.5449,0.3637,0.6551287659689506,0.1484749097712503,0.1484749097712503,2.216868540667416,0,NORMAL,GREEN
2026-09-01 12:45:00,N05,0.5326,0.2431,0.5854574023786872,-0.0696713635902634,0.0696713635902634,0.0627069689523729,0,NORMAL,GREEN
2026-09-01 12:50:00,N05,0.4899,0.2997,0.5743014017047147,-0.0111560006739724,0.0111560006739724,0.2822242439234014,0,NORMAL,GREEN
2026-09-01 12:55:00,N05,0.5299,0.3334,0.6260587592231259,0.0517573575184112,0.0517573575184112,1.3180560559623804,0,NORMAL,GREEN
2026-09-01 13:00:00,N05,0.4633,0.3041,0.5541874231701762,-0.0718713360529497,0.0718713360529497,0.9041262332144384,0,NORMAL,GREEN
2026-09-01 13:05:00,N05,0.5229,0.3728,0.6421870833331982,0.0879996601630219,0.0879996601630219,1.816726014805244,0,NORMAL,GREEN
2026-09-01 13:10:00,N05,0.5352,0.3395,0.6337975149840839,-0.0083895683491143,0.0083895683491143,1.5573298323618667,0,NORMAL,GREEN
2026-09-01 13:15:00,N05,0.5042,0.3705,0.6256899311959558,-0.008107583788128,0.008107583788128,1.3066523009365163,0,NORMAL,GREEN
2026-09-01 13:20:00,N05,0.5205,0.2569,0.5804462593556788,-0.045243671840277,0.045243671840277,0.0922320357442571,0,NORMAL,GREEN
2026-09-01 13:25:00,N05,0.5702,0.3349,0.6612760769905411,0.0808298176348623,0.0808298176348623,2.406936604355224,0,NORMAL,GREEN
2026-09-01 13:30:00,N05,0.4778,0.276,0.5517869516398517,-0.1094891253506894,0.1094891253506894,0.978346160285648,0,NORMAL,GREEN
2026-09-01 13:35:00,N05,0.5148,0.3232,0.6078464279733822,0.0560594763335304,0.0560594763335304,0.7549508992976174,0,NORMAL,GREEN
2026-09-01 13:40:00,N05,0.5099,0.3156,0.599667716322965,-0.0081787116504171,0.0081787116504171,0.5020741729702899,0,NORMAL,GREEN
2026-09-01 13:45:00,N05,0.585,0.3536,0.6835626964660959,0.0838949801431309,0.0838949801431309,3.0960142506607617,0,NORMAL,GREEN
2026-09-01 13:50:00,N05,0.5095,0.3471,0.6164970883953954,-0.0670656080707005,0.0670656080707005,1.0224197601146512,0,NORMAL,GREEN
2026-09-01 13:55:00,N05,0.4484,0.3199,0.5508162760848666,-0.0656808123105288,0.0656808123105288,1.0083583757985974,0,NORMAL,GREEN
2026-09-01 14:00:00,N05,0.5905,0.2891,0.6574717180229124,0.1066554419380457,0.1066554419380457,2.289310029091514,0,NORMAL,GREEN
2026-09-01 14:05:00,N05,0.4576,0.2674,0.5300004905658108,-0.1274712274571016,0.1274712274571016,1.6519594615175364,0,NORMAL,GREEN
2026-09-01 14:10:00,N05,0.4455,0.2608,0.5162236821378888,-0.0137768084279219,0.0137768084279219,2.077923154015968,0,NORMAL,GREEN
2026-09-01 14:15:00,N05,0.4815,0.2297,0.5334832143563656,0.0172595322184767,0.0172595322184767,1.544277490505283,0,NORMAL,GREEN
2026-09-01 14:20:00,N05,0.5008,0.3451,0.6081896496981842,0.0747064353418186,0.0747064353418186,0.7655629357505636,0,NORMAL,GREEN
2026-09-01 14:25:00,N05,0.4546,0.376,0.5899467433590934,-0.0182429063390908,0.0182429063390908,0.2015124311102583,0,NORMAL,GREEN
2026-09-01 14:30:00,N05,0.5255,0.3515,0.6322202938849717,0.0422735505258783,0.0422735505258783,1.5085638988890155,0,NORMAL,GREEN
2026-09-01 14:35:00,N05,0.4671,0.3427,0.5793321154571012,-0.0528881784278705,0.0528881784278705,0.1266801339010758,0,NORMAL,GREEN
2026-09-01 14:40:00,N05,0.4454,0.3445,0.5630820632909558,-0.0162500521661453,0.0162500521661453,0.6291137897218605,0,NORMAL,GREEN
2026-09-01 14:45:00,N05,0.5086,0.3277,0.6050299579359687,0.0419478946450129,0.0419478946450129,0.6678687580872964,0,NORMAL,GREEN
2026-09-01 14:50:00,N05,0.4412,0.2552,0.5096905727988306,-0.0953393851371381,0.0953393851371381,2.2799196753525863,0,NORMAL,GREEN
2026-09-01 14:55:00,N05,0.5299,0.2526,0.5870270607050411,0.0773364879062105,0.0773364879062105,0.1112390698487976,0,NORMAL,GREEN
2026-09-01 15:00:00,N05,0.5232,0.2316,0.5721685066481726,-0.0148585540568684,0.0148585540568684,0.3481710021112358,0,NORMAL,GREEN
2026-09-01 15:05:00,N05,0.5424,0.2384,0.592479805563025,0.0203112989148523,0.0203112989148523,0.2798319152897813,0,NORMAL,GREEN
2026-09-01 15:10:00,N05,0.5276,0.3313,0.6229939405804843,0.0305141350174592,0.0305141350174592,1.2232952503165857,0,NORMAL,GREEN
2026-09-01 15:15:00,N05,0.4652,0.3291,0.5698401968973407,-0.0531537436831436,0.0531537436831436,0.4201597667030717,0,NORMAL,GREEN
2026-09-01 15:20:00,N05,0.513,0.2731,0.5811648733363021,0.0113246764389614,0.0113246764389614,0.0700132855693708,0,NORMAL,GREEN
2026-09-01 15:25:00,N05,0.4496,0.2019,0.4928526859011727,-0.0883121874351293,0.0883121874351293,2.800528531483654,0,NORMAL,GREEN
2026-09-01 15:30:00,N05,0.5175,0.2218,0.5630288536123171,0.0701761677111444,0.0701761677111444,0.6307589741858931,0,NORMAL,GREEN
2026-09-01 15:35:00,N05,0.5048,0.2868,0.5805835684894983,0.0175547148771811,0.0175547148771811,0.0879865890603236,0,NORMAL,GREEN
2026-09-01 15:40:00,N05,0.534,0.2849,0.6052470652551734,0.024663496765675,0.024663496765675,0.6745814764821765,0,NORMAL,GREEN
2026-09-01 15:45:00,N05,0.4835,0.3366,0.5891280081612145,-0.0161190570939588,0.0161190570939588,0.1761980435370014,0,NORMAL,GREEN
2026-09-01 15:50:00,N05,0.5168,0.3158,0.605649964913728,0.0165219567525135,0.0165219567525135,0.6870386886995195,0,NORMAL,GREEN
2026-09-01 15:55:00,N05,0.5235,0.2232,0.5690962045208173,-0.0365537603929106,0.0365537603929106,0.4431631888347364,0,NORMAL,GREEN
2026-09-01 16:00:00,N05,0.5378,0.3306,0.6312885235769774,0.06219231905616,0.06219231905616,1.4797545906206913,0,NORMAL,GREEN
2026-09-01 16:05:00,N05,0.4492,0.2878,0.5334880317307971,-0.0978004918461803,0.0978004918461803,1.5441285426113125,0,NORMAL,GREEN
2026-09-01 16:10:00,N05,0.498,0.2933,0.57795232502344,0.0444642932926429,0.0444642932926429,0.1693417293693807,0,NORMAL,GREEN
2026-09-01 16:15:00,N05,0.5167,0.3716,0.6364475233670095,0.0584951983435695,0.0584951983435695,1.639265163164246,0,NORMAL,GREEN
2026-09-01 16:20:00,N05,0.5541,0.2344,0.6016395681801522,-0.0348079551868573,0.0348079551868573,0.5630416533952198,0,NORMAL,GREEN
2026-09-01 16:25:00,N05,0.5311,0.3664,0.6452256736987455,0.0435861055185933,0.0435861055185933,1.910675871106899,0,NORMAL,GREEN
2026-09-01 16:30:00,N05,0.5193,0.3545,0.6287628646795228,-0.0164628090192227,0.0164628090192227,1.4016640084963994,0,NORMAL,GREEN
2026-09-01 16:35:00,N05,0.6006,0.3512,0.6957454994464571,0.0669826347669343,0.0669826347669343,3.4726930561798945,0,NORMAL,GREEN
2026-09-01 16:40:00,N05,0.5125,0.3523,0.6219095915002437,-0.0738359079462134,0.0738359079462134,1.189768375017919,0,NORMAL,GREEN
2026-09-01 16:45:00,N05,0.5072,0.3012,0.589892600394343,-0.0320169911059007,0.0320169911059007,0.1998383904709809,0,NORMAL,GREEN
2026-09-01 16:50:00,N05,0.4824,0.3782,0.6129804238309736,0.0230878234366306,0.0230878234366306,0.9136883778807589,0,NORMAL,GREEN
2026-09-01 16:55:00,N05,0.4591,0.3766,0.5938016251240813,-0.0191787987068923,0.0191787987068923,0.3207011154379834,0,NORMAL,GREEN
2026-09-01 17:00:00,N05,0.525,0.23,0.5731710041514662,-0.0206306209726151,0.0206306209726151,0.317174887121505,0,NORMAL,GREEN
2026-09-01 17:05:00,N05,0.5184,0.195,0.5538624016847505,-0.0193086024667156,0.0193086024667156,0.914175538378082,0,NORMAL,GREEN
2026-09-01 17:10:00,N05,0.5313,0.3443,0.6331051887324886,0.079242787047738,0.079242787047738,1.5359238697192097,0,NORMAL,GREEN
2026-09-01 17:15:00,N05,0.4704,0.3062,0.5612794312995979,-0.0718257574328906,0.0718257574328906,0.684849178892139,0,NORMAL,GREEN
2026-09-01 17:20:00,N05,0.5977,0.2747,0.6578034508878773,0.0965240195882793,0.0965240195882793,2.2995668426940856,0,NORMAL,GREEN
2026-09-01 17:25:00,N05,0.4471,0.3741,0.5829658823636251,-0.0748375685242521,0.0748375685242521,0.0143280766535891,0,NORMAL,GREEN
2026-09-01 17:30:00,N05,0.5981,0.3002,0.6692112147894713,0.0862453324258462,0.0862453324258462,2.6522822963564017,0,NORMAL,GREEN
2026-09-01 17:35:00,N05,0.5506,0.3671,0.6617573346779013,-0.0074538801115699,0.0074538801115699,2.4218165602335184,0,NORMAL,GREEN
2026-09-01 17:40:00,N05,0.4629,0.2757,0.5387827948255215,-0.1229745398523798,0.1229745398523798,1.3804203187122133,0,NORMAL,GREEN
2026-09-01 17:45:00,N05,0.5615,0.3843,0.6804180626644181,0.1416352678388965,0.1416352678388965,2.998785648497487,0,NORMAL,GREEN
2026-09-01 17:50:00,N05,0.5281,0.256,0.5868778493008575,-0.0935402133635605,0.0935402133635605,0.1066256181178374,0,NORMAL,GREEN
2026-09-01 17:55:00,N05,0.5994,0.2735,0.6588494592848962,0.0719716099840387,0.0719716099840387,2.331908266435997,0,NORMAL,GREEN
2026-09-01 18:00:00,N05,0.4832,0.3171,0.57795730811194,-0.0808921511729562,0.0808921511729562,0.1691876577795321,0,NORMAL,GREEN
2026-09-01 18:05:00,N05,0.5777,0.3427,0.6716997692421816,0.0937424611302415,0.0937424611302415,2.7292256500515477,0,NORMAL,GREEN
2026-09-01 18:10:00,N05,0.5207,0.3232,0.6128513114940687,-0.0588484577481128,0.0588484577481128,0.9096963670995344,0,NORMAL,GREEN
2026-09-01 18:15:00,N05,0.5022,0.3279,0.5997693306597128,-0.0130819808343558,0.0130819808343558,0.505215975973383,0,NORMAL,GREEN
2026-09-01 18:20:00,N05,0.3735,0.2852,0.4699375384027116,-0.1298317922570012,0.1298317922570012,3.509039569701162,0,NORMAL,GREEN
2026-09-01 18:25:00,N05,0.5121,0.2424,0.5665722990051667,0.0966347606024551,0.0966347606024551,0.5211995583312281,0,NORMAL,GREEN
2026-09-01 18:30:00,N05,0.5193,0.2898,0.5946902807344341,0.0281179817292673,0.0281179817292673,0.348177364899225,0,NORMAL,GREEN
2026-09-01 18:35:00,N05,0.5878,0.3787,0.6992299550219513,0.1045396742875172,0.1045396742875172,3.58042857206876,0,NORMAL,GREEN
2026-09-01 18:40:00,N05,0.4767,0.2925,0.5592844893254237,-0.1399454656965275,0.1399454656965275,0.746530580218521,0,NORMAL,GREEN
2026-09-01 18:45:00,N05,0.4963,0.2774,0.5685634968937067,0.0092790075682829,0.0092790075682829,0.4596339199952453,0,NORMAL,GREEN
2026-09-01 18:50:00,N05,0.5098,0.2621,0.5732298404654106,0.0046663435717039,0.0046663435717039,0.3153557333115433,0,NORMAL,GREEN
2026-09-01 18:55:00,N05,0.4435,0.3311,0.5534613446303184,-0.0197684958350922,0.0197684958350922,0.9265757793121312,0,NORMAL,GREEN
2026-09-01 19:00:00,N05,0.5315,0.2598,0.591598081470858,0.0381367368405396,0.0381367368405396,0.2525699807111538,0,NORMAL,GREEN
2026-09-01 19:05:00,N05,0.5448,0.2684,0.6073266007676594,0.0157285192968014,0.0157285192968014,0.7388784165328844,0,NORMAL,GREEN
2026-09-01 19:10:00,N05,0.5127,0.341,0.6157453126090364,0.0084187118413769,0.0084187118413769,0.9991756835519426,0,NORMAL,GREEN
2026-09-01 19:15:00,N05,0.4983,0.3227,0.5936650402373379,-0.0220802723716985,0.0220802723716985,0.3164780616733117,0,NORMAL,GREEN
2026-09-01 19:20:00,N05,0.4742,0.2902,0.5559511489330695,-0.0377138913042683,0.0377138913042683,0.84959378163487,0,NORMAL,GREEN
2026-09-01 19:25:00,N05,0.4897,0.2627,0.5557133973551475,-0.000237751577922,0.000237751577922,0.8569447976963078,0,NORMAL,GREEN
2026-09-01 19:30:00,N05,0.4912,0.2226,0.539284896877337,-0.0164285004778104,0.0164285004778104,1.3648958781190696,0,NORMAL,GREEN
2026-09-01 19:35:00,N05,0.4754,0.2858,0.5546952316362562,0.0154103347589191,0.0154103347589191,0.8884253565981238,0,NORMAL,GREEN
2026-09-01 19:40:00,N05,0.4872,0.2879,0.5659065735613963,0.01121134192514,0.01121134192514,0.5417830533912212,0,NORMAL,GREEN
2026-09-01 19:45:00,N05,0.4969,0.324,0.593199468981556,0.0272928954201596,0.0272928954201596,0.3020831129250896,0,NORMAL,GREEN
2026-09-01 19:50:00,N05,0.5437,0.2675,0.6059421919622365,0.0127427229806805,0.0127427229806805,0.6960740261132501,0,NORMAL,GREEN
2026-09-01 19:55:00,N05,0.4398,0.2479,0.5048548801388375,-0.101087311823399,0.101087311823399,2.4294339487066003,0,NORMAL,GREEN
2026-09-01 20:00:00,N05,0.4756,0.2824,0.5531230604485768,0.0482681803097393,0.0482681803097393,0.9370351523898888,0,NORMAL,GREEN
2026-09-01 20:05:00,N05,0.4615,0.2352,0.5179780786867336,-0.0351449817618432,0.0351449817618432,2.0236791514255104,0,NORMAL,GREEN
2026-09-01 20:10:00,N05,0.4772,0.3091,0.568561913954848,0.0505838352681143,0.0505838352681143,0.4596828627155248,0,NORMAL,GREEN
2026-09-01 20:15:00,N05,0.5298,0.2721,0.5955891620907822,0.0270272481359341,0.0270272481359341,0.3759697831266577,0,NORMAL,GREEN
2026-09-01 20:20:00,N05,0.4794,0.2537,0.5423910489674401,-0.0531981131233421,0.0531981131233421,1.2688570879533876,0,NORMAL,GREEN
2026-09-01 20:25:00,N05,0.4984,0.2576,0.5610350434687659,0.0186439945013258,0.0186439945013258,0.6924053805601472,0,NORMAL,GREEN
2026-09-01 20:30:00,N05,0.5287,0.2107,0.5691381027483575,0.0081030592795916,0.0081030592795916,0.4418677419389235,0,NORMAL,GREEN
2026-09-01 20:35:00,N05,0.482,0.3151,0.5758576299746317,0.0067195272262742,0.0067195272262742,0.2341073855310898,0,NORMAL,GREEN
2026-09-01 20:40:00,N05,0.5092,0.4347,0.6695138012020364,0.0936561712274046,0.0936561712274046,2.661637933859123,0,NORMAL,GREEN
2026-09-01 20:45:00,N05,0.5175,0.2498,0.5746357890003023,-0.094878012201734,0.094878012201734,0.2718853582592587,0,NORMAL,GREEN
2026-09-01 20:50:00,N05,0.4952,0.2112,0.5383572048370858,-0.0362785841632165,0.0362785841632165,1.3935790908554773,0,NORMAL,GREEN
2026-09-01 20:55:00,N05,0.496,0.2583,0.559227046913863,0.0208698420767772,0.0208698420767772,0.7483066361071125,0,NORMAL,GREEN
2026-09-01 21:00:00,N05,0.5458,0.2725,0.6100441705319378,0.0508171236180747,0.0508171236180747,0.8229026705878364,0,NORMAL,GREEN
2026-09-01 21:05:00,N05,0.4942,0.2682,0.5622854079557819,-0.0477587625761559,0.0477587625761559,0.6537454923396812,0,NORMAL,GREEN
2026-09-01 21:10:00,N05,0.5869,0.2839,0.6519592165158798,0.0896738085600979,0.0896738085600979,2.118869574096167,0,NORMAL,GREEN
2026-09-01 21:15:00,N05,0.5916,0.3407,0.6826910355351095,0.0307318190192296,0.0307318190192296,3.0690634579055187,0,NORMAL,GREEN
2026-09-01 21:20:00,N05,0.5241,0.3184,0.6132367976565007,-0.0694542378786087,0.0694542378786087,0.921615173259589,0,NORMAL,GREEN
2026-09-01 21:25:00,N05,0.5197,0.2036,0.5581586244070766,-0.0550781732494241,0.0550781732494241,0.7813410793542713,0,NORMAL,GREEN
2026-09-01 21:30:00,N05,0.4861,0.3423,0.5945271230145854,0.0363684986075087,0.0363684986075087,0.3431327084993074,0,NORMAL,GREEN
2026-09-01 21:35:00,N05,0.4976,0.2297,0.5480582542029634,-0.046468868811622,0.046468868811622,1.093633364628806,0,NORMAL,GREEN
2026-09-01 21:40:00,N05,0.4974,0.3852,0.6291150928089391,0.0810568386059756,0.0810568386059756,1.4125545130274693,0,NORMAL,GREEN
2026-09-01 21:45:00,N05,0.5623,0.2969,0.6358701911553961,0.006755098346457,0.006755098346457,1.62141468916341,0,NORMAL,GREEN
2026-09-01 21:50:00,N05,0.5476,0.2817,0.615808939525889,-0.0200612516295071,0.0200612516295071,1.0011429575099575,0,NORMAL,GREEN
2026-09-01 21:55:00,N05,0.4148,0.2538,0.4862853894576723,-0.1295235500682167,0.1295235500682167,3.0035820803110878,0,NORMAL,GREEN
2026-09-01 22:00:00,N05,0.5781,0.2863,0.6451103006463312,0.1588249111886589,0.1588249111886589,1.907108663819499,0,WARNING,YELLOW
2026-09-01 22:05:00,N05,0.4878,0.285,0.5649547238496196,-0.0801555767967115,0.0801555767967115,0.5712131946357056,0,NORMAL,GREEN
2026-09-01 22:10:00,N05,0.5952,0.3813,0.7068611815625468,0.1419064577129272,0.1419064577129272,3.816377663800046,0,NORMAL,GREEN
2026-09-01 22:15:00,N05,0.6109,0.292,0.677098818489591,-0.0297623630729558,0.0297623630729558,2.8961582865500204,0,NORMAL,GREEN
2026-09-01 22:20:00,N05,0.5148,0.2242,0.5615021638426695,-0.1155966546469214,0.1155966546469214,0.6779625347914595,0,NORMAL,GREEN
2026-09-01 22:25:00,N05,0.5738,0.2416,0.6225889494682667,0.0610867856255972,0.0610867856255972,1.2107733726631509,0,NORMAL,GREEN
2026-09-01 22:30:00,N05,0.5108,0.2451,0.5665603674808185,-0.0560285819874482,0.0560285819874482,0.5215684678791167,0,NORMAL,GREEN
2026-09-01 22:35:00,N05,0.4706,0.2581,0.5367308170768659,-0.0298295504039526,0.0298295504039526,1.443865203158052,0,NORMAL,GREEN
2026-09-01 22:40:00,N05,0.4696,0.273,0.5431879601022099,0.006457143025344,0.006457143025344,1.244217476294732,0,NORMAL,GREEN
2026-09-01 22:45:00,N05,0.4726,0.3417,0.5831892060043636,0.0400012459021537,0.0400012459021537,0.0074231564662421,0,NORMAL,GREEN
2026-09-01 22:50:00,N05,0.4448,0.311,0.5427412274740145,-0.040447978530349,0.040447978530349,1.2580299554956451,0,NORMAL,GREEN
2026-09-01 22:55:00,N05,0.5609,0.2743,0.6243791316179617,0.0816379041439471,0.0816379041439471,1.2661238264869368,0,NORMAL,GREEN
2026-09-01 23:00:00,N05,0.4641,0.2885,0.5464623134306702,-0.0779168181872914,0.0779168181872914,1.1429780897101975,0,NORMAL,GREEN
2026-09-01 23:05:00,N05,0.559,0.3097,0.6390579707663461,0.0925956573356758,0.0925956573356758,1.7199773120710058,0,NORMAL,GREEN
2026-09-01 23:10:00,N05,0.4734,0.3242,0.5737710344728113,-0.0652869362935347,0.0652869362935347,0.2986226126503595,0,NORMAL,GREEN
2026-09-01 23:15:00,N05,0.4449,0.3341,0.5563801038858237,-0.0173909305869875,0.0173909305869875,0.8363309685133388,0,NORMAL,GREEN
2026-09-01 23:20:00,N05,0.5204,0.2846,0.5931385335653047,0.0367584296794809,0.0367584296794809,0.3001990571914174,0,NORMAL,GREEN
2026-09-01 23:25:00,N05,0.4581,0.2557,0.5246313944094463,-0.0685071391558583,0.0685071391558583,1.8179659815406304,0,NORMAL,GREEN
2026-09-01 23:30:00,N05,0.5267,0.3614,0.6387666631877402,0.1141352687782939,0.1141352687782939,1.710970403650603,0,NORMAL,GREEN
2026-09-01 23:35:00,N05,0.4681,0.3229,0.5686668796404447,-0.0700997835472955,0.0700997835472955,0.45643743970944,0,NORMAL,GREEN
2026-09-01 23:40:00,N05,0.3956,0.2708,0.4794079682274795,-0.0892589114129652,0.0892589114129652,3.2162243448389622,0,NORMAL,GREEN
2026-09-01 23:45:00,N05,0.4984,0.2545,0.5596184503748961,0.0802104821474166,0.0802104821474166,0.7362048736132389,0,NORMAL,GREEN
2026-09-01 23:50:00,N05,0.4532,0.2666,0.525800152149084,-0.033818298225812,0.033818298225812,1.7818292837693808,0,NORMAL,GREEN
2026-09-01 23:55:00,N05,0.5146,0.2906,0.5909835192287514,0.0651833670796673,0.0651833670796673,0.2335683953085939,0,NORMAL,GREEN
2026-09-22 00:49:01,N01,0.4972,0.3019,0.5817,0.0014,0.0014,0.0137,0,NORMAL,#22c55e
2026-09-22 00:49:01,N02,0.4911,0.3024,0.5767,0.0064,0.0064,0.0638,0,NORMAL,#22c55e
2026-09-22 00:49:01,N03,1.026,0.7108,1.2481,0.0275,0.0275,0.2749,0,WARNING,#eab308
2026-09-22 00:49:01,N04,2.2513,1.522,2.7175,0.0548,0.0548,0.5484,1,CRITICAL,#ef4444
2026-09-22 00:49:01,N05,0.495,0.2942,0.5759,0.0072,0.0072,0.0722,0,NORMAL,#22c55e
2026-09-22 00:49:06,N01,0.4876,0.2894,0.567,0.0148,0.0148,0.1477,0,NORMAL,#22c55e
2026-09-22 00:49:06,N02,0.485,0.294,0.5672,0.0095,0.0095,0.0954,0,NORMAL,#22c55e
2026-09-22 00:49:06,N03,1.0387,0.7265,1.2676,0.0195,0.0195,0.1947,0,WARNING,#eab308
2026-09-22 00:49:06,N04,2.2951,1.5432,2.7657,0.0481,0.0481,0.4814,1,CRITICAL,#ef4444
2026-09-22 00:49:06,N05,0.5003,0.2783,0.5726,0.0033,0.0033,0.0331,0,NORMAL,#22c55e
2026-09-22 00:49:11,N01,0.4755,0.305,0.5649,0.002,0.002,0.0204,0,NORMAL,#22c55e
2026-09-22 00:49:11,N02,0.5012,0.3127,0.5908,0.0236,0.0236,0.2361,0,NORMAL,#22c55e
2026-09-22 00:49:11,N03,1.0369,0.7351,1.271,0.0034,0.0034,0.034,0,WARNING,#eab308
2026-09-22 00:49:11,N04,2.374,1.585,2.8545,0.0888,0.0888,0.8878,1,CRITICAL,#ef4444
2026-09-22 00:49:11,N05,0.5022,0.2932,0.5815,0.0089,0.0089,0.0895,0,NORMAL,#22c55e
2026-09-22 00:49:16,N01,0.4801,0.3095,0.5713,0.0064,0.0064,0.0635,0,NORMAL,#22c55e
2026-09-22 00:49:16,N02,0.5029,0.3237,0.598,0.0072,0.0072,0.0723,0,NORMAL,#22c55e
2026-09-22 00:49:16,N03,1.0587,0.7523,1.2988,0.0278,0.0278,0.2775,0,WARNING,#eab308
2026-09-22 00:49:16,N04,2.4339,1.6431,2.9366,0.0822,0.0822,0.8216,1,CRITICAL,#ef4444
2026-09-22 00:49:16,N05,0.4966,0.304,0.5823,0.0008,0.0008,0.0077,0,NORMAL,#22c55e
2026-09-22 00:49:21,N01,0.4714,0.3119,0.5652,0.0061,0.0061,0.0606,0,NORMAL,#22c55e
2026-09-22 00:49:21,N02,0.5042,0.3141,0.594,0.004,0.004,0.0402,0,NORMAL,#22c55e
2026-09-22 00:49:21,N03,1.0915,0.7458,1.322,0.0232,0.0232,0.2323,0,WARNING,#eab308
2026-09-22 00:49:21,N04,2.4838,1.686,3.002,0.0653,0.0653,0.6534,1,CRITICAL,#ef4444
2026-09-22 00:49:21,N05,0.4849,0.3216,0.5819,0.0004,0.0004,0.0039,0,NORMAL,#22c55e
2026-09-22 00:49:26,N01,0.4621,0.315,0.5593,0.006,0.006,0.0596,0,NORMAL,#22c55e
2026-09-22 00:49:26,N02,0.5196,0.3241,0.6124,0.0184,0.0184,0.1839,0,NORMAL,#22c55e
2026-09-22 00:49:26,N03,1.0962,0.7416,1.3235,0.0015,0.0015,0.0148,0,WARNING,#eab308
2026-09-22 00:49:26,N04,2.536,1.7344,3.0724,0.0705,0.0705,0.7045,1,CRITICAL,#ef4444
2026-09-22 00:49:26,N05,0.4816,0.3347,0.5865,0.0046,0.0046,0.0462,0,NORMAL,#22c55e
2026-09-22 00:49:31,N01,0.4617,0.3341,0.5699,0.0107,0.0107,0.1065,0,NORMAL,#22c55e
2026-09-22 00:49:31,N02,0.5016,0.3123,0.5909,0.0215,0.0215,0.2152,0,NORMAL,#22c55e
2026-09-22 00:49:31,N03,1.1051,0.7339,1.3266,0.0031,0.0031,0.0307,0,WARNING,#eab308
2026-09-22 00:49:31,N04,2.579,1.7815,3.1345,0.0621,0.0621,0.6213,1,CRITICAL,#ef4444
2026-09-22 00:49:31,N05,0.4815,0.33,0.5837,0.0028,0.0028,0.028,0,NORMAL,#22c55e
2026-09-22 00:49:36,N01,0.4607,0.3249,0.5637,0.0062,0.0062,0.0617,0,NORMAL,#22c55e
2026-09-22 00:49:36,N02,0.5203,0.3192,0.6104,0.0195,0.0195,0.1954,0,NORMAL,#22c55e
2026-09-22 00:49:36,N03,1.1063,0.7546,1.3391,0.0126,0.0126,0.1256,0,WARNING,#eab308
2026-09-22 00:49:36,N04,2.6493,1.8213,3.215,0.0804,0.0804,0.8044,1,CRITICAL,#ef4444
2026-09-22 00:49:36,N05,0.4984,0.3219,0.5933,0.0096,0.0096,0.0959,0,NORMAL,#22c55e
2026-09-22 00:49:41,N01,0.4441,0.3295,0.553,0.0108,0.0108,0.1076,0,NORMAL,#22c55e
2026-09-22 00:49:41,N02,0.5093,0.322,0.6026,0.0079,0.0079,0.0785,0,NORMAL,#22c55e
2026-09-22 00:49:41,N03,1.131,0.7528,1.3586,0.0195,0.0195,0.1948,0,WARNING,#eab308
2026-09-22 00:49:41,N04,2.7292,1.8806,3.3144,0.0994,0.0994,0.9936,1,CRITICAL,#ef4444
2026-09-22 00:49:41,N05,0.5135,0.328,0.6093,0.016,0.016,0.16,0,NORMAL,#22c55e
2026-09-22 00:49:46,N01,0.454,0.3314,0.5621,0.0091,0.0091,0.0913,0,NORMAL,#22c55e
2026-09-22 00:49:46,N02,0.5184,0.3261,0.6125,0.0099,0.0099,0.0992,0,NORMAL,#22c55e
2026-09-22 00:49:46,N03,1.1653,0.7478,1.3846,0.026,0.026,0.2602,0,WARNING,#eab308
2026-09-22 00:49:46,N04,2.7763,1.9071,3.3682,0.0539,0.0539,0.5385,1,CRITICAL,#ef4444
2026-09-22 00:49:46,N05,0.5065,0.3435,0.612,0.0027,0.0027,0.0268,0,NORMAL,#22c55e
2026-09-22 00:49:51,N01,0.4617,0.3164,0.5597,0.0024,0.0024,0.0237,0,NORMAL,#22c55e
2026-09-22 00:49:51,N02,0.5103,0.3251,0.605,0.0074,0.0074,0.0744,0,NORMAL,#22c55e
2026-09-22 00:49:51,N03,1.1814,0.7612,1.4054,0.0208,0.0208,0.2076,0,WARNING,#eab308
2026-09-22 00:49:51,N04,2.8312,1.9646,3.446,0.0778,0.0778,0.7785,1,CRITICAL,#ef4444
2026-09-22 00:49:51,N05,0.4961,0.3422,0.6027,0.0092,0.0092,0.0925,0,NORMAL,#22c55e
2026-09-22 00:49:56,N01,0.4714,0.3316,0.5764,0.0166,0.0166,0.1663,0,NORMAL,#22c55e
2026-09-22 00:49:56,N02,0.5002,0.3261,0.5972,0.0079,0.0079,0.0788,0,NORMAL,#22c55e
2026-09-22 00:49:56,N03,1.1788,0.7552,1.4,0.0054,0.0054,0.0537,0,WARNING,#eab308
2026-09-22 00:49:56,N04,2.8856,1.9958,3.5086,0.0625,0.0625,0.6251,1,CRITICAL,#ef4444
2026-09-22 00:49:56,N05,0.501,0.3498,0.611,0.0083,0.0083,0.0831,0,NORMAL,#22c55e
2026-09-22 00:50:01,N01,0.4708,0.3248,0.5719,0.0044,0.0044,0.0444,0,NORMAL,#22c55e
2026-09-22 00:50:01,N02,0.5186,0.3158,0.6072,0.01,0.01,0.1003,0,NORMAL,#22c55e
2026-09-22 00:50:01,N03,1.1883,0.7615,1.4114,0.0114,0.0114,0.1139,0,WARNING,#eab308
2026-09-22 00:50:01,N04,2.9498,2.0301,3.5809,0.0724,0.0724,0.7235,1,CRITICAL,#ef4444
2026-09-22 00:50:01,N05,0.4882,0.3521,0.6019,0.0091,0.0091,0.0914,0,NORMAL,#22c55e
2026-09-22 00:50:06,N01,0.4583,0.3374,0.5691,0.0028,0.0028,0.0279,0,NORMAL,#22c55e
2026-09-22 00:50:06,N02,0.5029,0.2972,0.5841,0.0231,0.0231,0.2306,0,NORMAL,#22c55e
2026-09-22 00:50:06,N03,1.2122,0.7727,1.4375,0.0261,0.0261,0.2608,0,WARNING,#eab308
2026-09-22 00:50:06,N04,3.0178,2.084,3.6675,0.0866,0.0866,0.8657,1,CRITICAL,#ef4444
2026-09-22 00:50:06,N05,0.4914,0.3394,0.5972,0.0047,0.0047,0.0468,0,NORMAL,#22c55e
2026-09-22 00:50:11,N01,0.4736,0.3283,0.5763,0.0071,0.0071,0.0712,0,NORMAL,#22c55e
2026-09-22 00:50:11,N02,0.5073,0.2967,0.5877,0.0036,0.0036,0.0358,0,NORMAL,#22c55e
2026-09-22 00:50:11,N03,1.2236,0.7689,1.4451,0.0076,0.0076,0.0763,0,WARNING,#eab308
2026-09-22 00:50:11,N04,3.0974,2.1424,3.7662,0.0987,0.0987,0.9868,1,CRITICAL,#ef4444
2026-09-22 00:50:11,N05,0.4791,0.3405,0.5878,0.0094,0.0094,0.0944,0,NORMAL,#22c55e
2026-09-22 00:50:16,N01,0.4826,0.325,0.5818,0.0056,0.0056,0.0557,0,NORMAL,#22c55e
2026-09-22 00:50:16,N02,0.516,0.292,0.5929,0.0052,0.0052,0.0519,0,NORMAL,#22c55e
2026-09-22 00:50:16,N03,1.2202,0.7737,1.4448,0.0003,0.0003,0.0029,0,WARNING,#eab308
2026-09-22 00:50:16,N04,3.1378,2.1867,3.8246,0.0585,0.0585,0.5846,1,CRITICAL,#ef4444
2026-09-22 00:50:16,N05,0.4779,0.3352,0.5837,0.0041,0.0041,0.0405,0,NORMAL,#22c55e
2026-09-22 00:50:21,N01,0.4684,0.3345,0.5756,0.0063,0.0063,0.0627,0,NORMAL,#22c55e
2026-09-22 00:50:21,N02,0.5329,0.2795,0.6017,0.0088,0.0088,0.0883,0,NORMAL,#22c55e
2026-09-22 00:50:21,N03,1.2258,0.7761,1.4508,0.006,0.006,0.0602,0,WARNING,#eab308
2026-09-22 00:50:21,N04,3.2027,2.2297,3.9024,0.0778,0.0778,0.7778,1,CRITICAL,#ef4444
2026-09-22 00:50:21,N05,0.4961,0.3372,0.5999,0.0161,0.0161,0.1614,0,NORMAL,#22c55e
2026-09-22 00:50:26,N01,0.4576,0.3177,0.5571,0.0185,0.0185,0.1847,0,NORMAL,#22c55e
2026-09-22 00:50:26,N02,0.5247,0.2811,0.5953,0.0065,0.0065,0.0646,0,NORMAL,#22c55e
2026-09-22 00:50:26,N03,1.2279,0.798,1.4645,0.0136,0.0136,0.1362,0,WARNING,#eab308
2026-09-22 00:50:26,N04,3.2696,2.2782,3.985,0.0826,0.0826,0.8262,1,CRITICAL,#ef4444
2026-09-22 00:50:26,N05,0.482,0.3339,0.5864,0.0135,0.0135,0.1348,0,NORMAL,#22c55e
2026-09-22 00:50:31,N01,0.4509,0.2979,0.5404,0.0167,0.0167,0.1669,0,NORMAL,#22c55e
2026-09-22 00:50:31,N02,0.5396,0.2652,0.6012,0.006,0.006,0.0597,0,NORMAL,#22c55e
2026-09-22 00:50:31,N03,1.249,0.8006,1.4835,0.0191,0.0191,0.1909,0,WARNING,#eab308
2026-09-22 00:50:31,N04,3.3274,2.3081,4.0495,0.0645,0.0645,0.6451,1,CRITICAL,#ef4444
2026-09-22 00:50:31,N05,0.4633,0.3259,0.5665,0.0199,0.0199,0.1991,0,NORMAL,#22c55e
2026-09-22 00:50:36,N01,0.4581,0.3115,0.5539,0.0135,0.0135,0.1355,0,NORMAL,#22c55e
2026-09-22 00:50:36,N02,0.5589,0.2481,0.6115,0.0102,0.0102,0.1025,0,NORMAL,#22c55e
2026-09-22 00:50:36,N03,1.2537,0.8219,1.4991,0.0156,0.0156,0.1557,0,WARNING,#eab308
2026-09-22 00:50:36,N04,3.3892,2.3468,4.1224,0.0729,0.0729,0.7288,1,CRITICAL,#ef4444
2026-09-22 00:50:36,N05,0.4504,0.3266,0.5564,0.0101,0.0101,0.1009,0,NORMAL,#22c55e
2026-09-22 00:50:41,N01,0.4708,0.3262,0.5728,0.0188,0.0188,0.1883,0,NORMAL,#22c55e
2026-09-22 00:50:41,N02,0.5403,0.2379,0.5903,0.0212,0.0212,0.2115,0,NORMAL,#22c55e
2026-09-22 00:50:41,N03,1.2685,0.8401,1.5215,0.0223,0.0223,0.2235,1,HIGH,#f97316
2026-09-22 00:50:41,N04,3.4405,2.3849,4.1863,0.0639,0.0639,0.6388,1,CRITICAL,#ef4444
2026-09-22 00:50:41,N05,0.4496,0.3325,0.5592,0.0029,0.0029,0.0287,0,NORMAL,#22c55e
2026-09-22 00:50:46,N01,0.4558,0.3132,0.553,0.0198,0.0198,0.1977,0,NORMAL,#22c55e
2026-09-22 00:50:46,N02,0.5393,0.2439,0.5919,0.0016,0.0016,0.0156,0,NORMAL,#22c55e
2026-09-22 00:50:46,N03,1.2979,0.8495,1.5512,0.0297,0.0297,0.2971,1,HIGH,#f97316
2026-09-22 00:50:46,N04,3.5091,2.4339,4.2706,0.0843,0.0843,0.8429,1,CRITICAL,#ef4444
2026-09-22 00:50:46,N05,0.4364,0.3383,0.5521,0.0071,0.0071,0.0709,0,NORMAL,#22c55e
2026-09-22 00:50:51,N01,0.436,0.2961,0.527,0.026,0.026,0.26,0,NORMAL,#22c55e
2026-09-22 00:50:51,N02,0.5297,0.2379,0.5807,0.0112,0.0112,0.1122,0,NORMAL,#22c55e
2026-09-22 00:50:51,N03,1.3273,0.8503,1.5763,0.0251,0.0251,0.2512,1,HIGH,#f97316
2026-09-22 00:50:51,N04,3.5605,2.4589,4.327,0.0564,0.0564,0.5643,1,CRITICAL,#ef4444
2026-09-22 00:50:51,N05,0.4195,0.3246,0.5304,0.0217,0.0217,0.2173,0,NORMAL,#22c55e
2026-09-22 00:50:56,N01,0.4549,0.2936,0.5414,0.0144,0.0144,0.144,0,NORMAL,#22c55e
2026-09-22 00:50:56,N02,0.5382,0.2525,0.5945,0.0138,0.0138,0.1382,0,NORMAL,#22c55e
2026-09-22 00:50:56,N03,1.3346,0.8427,1.5784,0.0021,0.0021,0.0209,1,HIGH,#f97316
2026-09-22 00:50:56,N04,3.6306,2.4832,4.3985,0.0715,0.0715,0.7152,1,CRITICAL,#ef4444
2026-09-22 00:50:56,N05,0.4334,0.341,0.5515,0.0211,0.0211,0.2109,0,NORMAL,#22c55e
2026-09-22 00:51:01,N01,0.4533,0.2995,0.5434,0.002,0.002,0.0196,0,NORMAL,#22c55e
2026-09-22 00:51:01,N02,0.5295,0.2651,0.5922,0.0023,0.0023,0.0231,0,NORMAL,#22c55e
2026-09-22 00:51:01,N03,1.3428,0.8391,1.5834,0.005,0.005,0.0503,1,HIGH,#f97316
2026-09-22 00:51:01,N04,3.6867,2.5254,4.4687,0.0702,0.0702,0.7021,1,CRITICAL,#ef4444
2026-09-22 00:51:01,N05,0.4464,0.3483,0.5662,0.0147,0.0147,0.1473,0,NORMAL,#22c55e
2026-09-22 00:51:06,N01,0.4349,0.2963,0.5262,0.0171,0.0171,0.1714,0,NORMAL,#22c55e
2026-09-22 00:51:06,N02,0.5432,0.2627,0.6034,0.0112,0.0112,0.1124,0,NORMAL,#22c55e
2026-09-22 00:51:06,N03,1.3699,0.8602,1.6175,0.0341,0.0341,0.3411,1,HIGH,#f97316
2026-09-22 00:51:06,N04,3.7285,2.5821,4.5353,0.0666,0.0666,0.6656,1,CRITICAL,#ef4444
2026-09-22 00:51:06,N05,0.4267,0.335,0.5424,0.0238,0.0238,0.2379,0,NORMAL,#22c55e
2026-09-22 00:51:11,N01,0.4168,0.294,0.51,0.0162,0.0162,0.1623,0,NORMAL,#22c55e
2026-09-22 00:51:11,N02,0.55,0.2468,0.6028,0.0006,0.0006,0.006,0,NORMAL,#22c55e
2026-09-22 00:51:11,N03,1.3715,0.8891,1.6345,0.017,0.017,0.1696,1,HIGH,#f97316
2026-09-22 00:51:11,N04,3.8027,2.6334,4.6256,0.0903,0.0903,0.9026,1,CRITICAL,#ef4444
2026-09-22 00:51:11,N05,0.4172,0.3234,0.5279,0.0146,0.0146,0.1458,0,NORMAL,#22c55e
2026-09-22 00:51:16,N01,0.422,0.2769,0.5047,0.0053,0.0053,0.0526,0,NORMAL,#22c55e
2026-09-22 00:51:16,N02,0.5495,0.24,0.5996,0.0032,0.0032,0.0322,0,NORMAL,#22c55e
2026-09-22 00:51:16,N03,1.3894,0.8894,1.6497,0.0153,0.0153,0.1527,1,HIGH,#f97316
2026-09-22 00:51:16,N04,3.8526,2.6923,4.7001,0.0745,0.0745,0.7452,1,CRITICAL,#ef4444
2026-09-22 00:51:16,N05,0.4181,0.3163,0.5243,0.0036,0.0036,0.0358,0,NORMAL,#22c55e
2026-09-22 00:51:21,N01,0.4039,0.264,0.4825,0.0222,0.0222,0.2224,0,NORMAL,#22c55e
2026-09-22 00:51:21,N02,0.5614,0.237,0.6094,0.0098,0.0098,0.098,0,NORMAL,#22c55e
2026-09-22 00:51:21,N03,1.4018,0.9131,1.673,0.0232,0.0232,0.2321,1,HIGH,#f97316
2026-09-22 00:51:21,N04,3.9176,2.7439,4.783,0.0829,0.0829,0.8293,1,CRITICAL,#ef4444
2026-09-22 00:51:21,N05,0.4221,0.3069,0.5219,0.0024,0.0024,0.0238,0,NORMAL,#22c55e
2026-09-22 00:51:26,N01,0.4015,0.2456,0.4707,0.0118,0.0118,0.1183,0,NORMAL,#22c55e
2026-09-22 00:51:26,N02,0.5762,0.2195,0.6166,0.0072,0.0072,0.0721,0,NORMAL,#22c55e
2026-09-22 00:51:26,N03,1.4279,0.9085,1.6925,0.0195,0.0195,0.195,1,HIGH,#f97316
2026-09-22 00:51:26,N04,3.9831,2.7825,4.8587,0.0757,0.0757,0.7574,1,CRITICAL,#ef4444
2026-09-22 00:51:26,N05,0.4185,0.2981,0.5138,0.008,0.008,0.0804,0,NORMAL,#22c55e
2026-09-22 00:51:31,N01,0.4164,0.2278,0.4747,0.004,0.004,0.0401,0,NORMAL,#22c55e
2026-09-22 00:51:31,N02,0.5696,0.2196,0.6104,0.0062,0.0062,0.0615,0,NORMAL,#22c55e
2026-09-22 00:51:31,N03,1.4405,0.9381,1.7191,0.0266,0.0266,0.2662,1,HIGH,#f97316
2026-09-22 00:51:31,N04,4.0375,2.8288,4.9298,0.0711,0.0711,0.711,1,CRITICAL,#ef4444
2026-09-22 00:51:31,N05,0.4228,0.3067,0.5223,0.0085,0.0085,0.085,0,NORMAL,#22c55e
2026-09-22 00:51:36,N01,0.4293,0.2214,0.483,0.0083,0.0083,0.0834,0,NORMAL,#22c55e
2026-09-22 00:51:36,N02,0.5811,0.2183,0.6208,0.0103,0.0103,0.1032,0,NORMAL,#22c55e
2026-09-22 00:51:36,N03,1.4458,0.9305,1.7193,0.0003,0.0003,0.0026,1,HIGH,#f97316
2026-09-22 00:51:36,N04,4.1156,2.8488,5.0054,0.0755,0.0755,0.7552,1,CRITICAL,#ef4444
2026-09-22 00:51:36,N05,0.4338,0.3198,0.5389,0.0165,0.0165,0.1655,0,NORMAL,#22c55e
2026-09-22 00:51:41,N01,0.4388,0.203,0.4835,0.0005,0.0005,0.005,0,NORMAL,#22c55e
2026-09-22 00:51:41,N02,0.5794,0.2121,0.617,0.0038,0.0038,0.0378,0,NORMAL,#22c55e
2026-09-22 00:51:41,N03,1.4593,0.9512,1.7419,0.0226,0.0226,0.2257,1,HIGH,#f97316
2026-09-22 00:51:41,N04,4.1791,2.8996,5.0865,0.0811,0.0811,0.8113,1,CRITICAL,#ef4444
2026-09-22 00:51:41,N05,0.4454,0.2998,0.5369,0.002,0.002,0.0203,0,NORMAL,#22c55e
2026-09-22 00:51:46,N01,0.4455,0.2011,0.4888,0.0053,0.0053,0.0531,0,NORMAL,#22c55e
2026-09-22 00:51:46,N02,0.5879,0.2277,0.6304,0.0135,0.0135,0.1346,0,NORMAL,#22c55e
2026-09-22 00:51:46,N03,1.4867,0.9578,1.7685,0.0266,0.0266,0.2663,1,HIGH,#f97316
2026-09-22 00:51:46,N04,4.2512,2.9268,5.1613,0.0748,0.0748,0.7479,1,CRITICAL,#ef4444
2026-09-22 00:51:46,N05,0.4273,0.3048,0.5249,0.0119,0.0119,0.1192,0,NORMAL,#22c55e
2026-09-22 00:51:51,N01,0.4593,0.2194,0.509,0.0202,0.0202,0.2021,0,NORMAL,#22c55e
2026-09-22 00:51:51,N02,0.5724,0.2134,0.6109,0.0196,0.0196,0.1955,0,NORMAL,#22c55e
2026-09-22 00:51:51,N03,1.5022,0.9794,1.7933,0.0247,0.0247,0.2474,1,HIGH,#f97316
2026-09-22 00:51:51,N04,4.3052,2.9519,5.22,0.0587,0.0587,0.5873,1,CRITICAL,#ef4444
2026-09-22 00:51:51,N05,0.4427,0.3043,0.5372,0.0123,0.0123,0.123,0,NORMAL,#22c55e
2026-09-22 00:51:56,N01,0.4658,0.2304,0.5196,0.0106,0.0106,0.1058,0,NORMAL,#22c55e
2026-09-22 00:51:56,N02,0.5757,0.2192,0.616,0.0051,0.0051,0.0508,0,NORMAL,#22c55e
2026-09-22 00:51:56,N03,1.5235,0.9905,1.8172,0.0239,0.0239,0.2388,1,HIGH,#f97316
2026-09-22 00:51:56,N04,4.3476,2.9758,5.2685,0.0484,0.0484,0.4843,1,CRITICAL,#ef4444
2026-09-22 00:51:56,N05,0.4469,0.304,0.5405,0.0033,0.0033,0.0328,0,NORMAL,#22c55e
2026-09-22 00:52:01,N01,0.4819,0.2108,0.526,0.0064,0.0064,0.0638,0,NORMAL,#22c55e
2026-09-22 00:52:01,N02,0.5751,0.2242,0.6173,0.0013,0.0013,0.0129,0,NORMAL,#22c55e
2026-09-22 00:52:01,N03,1.5214,1.0083,1.8252,0.008,0.008,0.0802,1,HIGH,#f97316
2026-09-22 00:52:01,N04,4.4126,3.0189,5.3465,0.0781,0.0781,0.7808,1,CRITICAL,#ef4444
2026-09-22 00:52:01,N05,0.4413,0.3112,0.54,0.0005,0.0005,0.0052,0,NORMAL,#22c55e
2026-09-22 00:52:06,N01,0.4645,0.1991,0.5054,0.0206,0.0206,0.206,0,NORMAL,#22c55e
2026-09-22 00:52:06,N02,0.5765,0.2359,0.6229,0.0057,0.0057,0.0568,0,NORMAL,#22c55e
2026-09-22 00:52:06,N03,1.552,1.0264,1.8607,0.0355,0.0355,0.3551,1,HIGH,#f97316
2026-09-22 00:52:06,N04,4.4787,3.0463,5.4165,0.0699,0.0699,0.6994,1,CRITICAL,#ef4444
2026-09-22 00:52:06,N05,0.4567,0.2933,0.5428,0.0028,0.0028,0.0278,0,NORMAL,#22c55e
2026-09-22 00:52:11,N01,0.4471,0.195,0.4878,0.0176,0.0176,0.1762,0,NORMAL,#22c55e
2026-09-22 00:52:11,N02,0.5804,0.2216,0.6213,0.0017,0.0017,0.0169,0,NORMAL,#22c55e
2026-09-22 00:52:11,N03,1.5513,1.0306,1.8625,0.0018,0.0018,0.0179,1,HIGH,#f97316
2026-09-22 00:52:11,N04,4.5264,3.1036,5.4883,0.0718,0.0718,0.7179,1,CRITICAL,#ef4444
2026-09-22 00:52:11,N05,0.4603,0.2786,0.538,0.0047,0.0047,0.0473,0,NORMAL,#22c55e
2026-09-22 00:52:16,N01,0.4651,0.1962,0.5048,0.017,0.017,0.1704,0,NORMAL,#22c55e
2026-09-22 00:52:16,N02,0.5975,0.203,0.6311,0.0098,0.0098,0.098,0,NORMAL,#22c55e
2026-09-22 00:52:16,N03,1.5692,1.0283,1.8761,0.0136,0.0136,0.1363,1,HIGH,#f97316
2026-09-22 00:52:16,N04,4.5858,3.1249,5.5493,0.061,0.061,0.6102,1,CRITICAL,#ef4444
2026-09-22 00:52:16,N05,0.4553,0.2966,0.5434,0.0053,0.0053,0.0531,0,NORMAL,#22c55e
2026-09-22 00:52:21,N01,0.4477,0.2044,0.4922,0.0127,0.0127,0.1266,0,NORMAL,#22c55e
2026-09-22 00:52:21,N02,0.6011,0.1947,0.6319,0.0008,0.0008,0.0084,0,NORMAL,#22c55e
2026-09-22 00:52:21,N03,1.6026,1.0306,1.9054,0.0293,0.0293,0.2926,1,HIGH,#f97316
2026-09-22 00:52:21,N04,4.6594,3.1468,5.6225,0.0732,0.0732,0.7318,1,CRITICAL,#ef4444
2026-09-22 00:52:21,N05,0.4598,0.3107,0.555,0.0116,0.0116,0.1162,0,NORMAL,#22c55e
2026-09-22 00:52:26,N01,0.4327,0.2016,0.4773,0.0149,0.0149,0.1485,0,NORMAL,#22c55e
2026-09-22 00:52:26,N02,0.6026,0.2132,0.6392,0.0073,0.0073,0.0733,0,NORMAL,#22c55e
2026-09-22 00:52:26,N03,1.6171,1.0461,1.926,0.0206,0.0206,0.2062,1,HIGH,#f97316
2026-09-22 00:52:26,N04,4.7339,3.206,5.7173,0.0949,0.0949,0.9486,1,CRITICAL,#ef4444
2026-09-22 00:52:26,N05,0.4731,0.3226,0.5726,0.0177,0.0177,0.1766,0,NORMAL,#22c55e
2026-09-22 00:52:31,N01,0.4194,0.1843,0.4581,0.0192,0.0192,0.1923,0,NORMAL,#22c55e
2026-09-22 00:52:31,N02,0.5965,0.2126,0.6332,0.006,0.006,0.0602,0,NORMAL,#22c55e
2026-09-22 00:52:31,N03,1.6468,1.0585,1.9576,0.0316,0.0316,0.3162,1,HIGH,#f97316
2026-09-22 00:52:31,N04,4.8016,3.2344,5.7893,0.072,0.072,0.72,1,CRITICAL,#ef4444
2026-09-22 00:52:31,N05,0.4872,0.3261,0.5863,0.0136,0.0136,0.1362,0,NORMAL,#22c55e
2026-09-22 00:52:36,N01,0.4038,0.1685,0.4375,0.0206,0.0206,0.2057,0,NORMAL,#22c55e
2026-09-22 00:52:36,N02,0.6162,0.2124,0.6517,0.0185,0.0185,0.1852,0,NORMAL,#22c55e
2026-09-22 00:52:36,N03,1.6609,1.0618,1.9713,0.0137,0.0137,0.1373,1,HIGH,#f97316
2026-09-22 00:52:36,N04,4.8776,3.2766,5.876,0.0867,0.0867,0.8666,1,CRITICAL,#ef4444
2026-09-22 00:52:36,N05,0.497,0.3163,0.5891,0.0028,0.0028,0.0282,0,NORMAL,#22c55e
2026-09-22 00:52:41,N01,0.414,0.1681,0.4469,0.0094,0.0094,0.0937,0,NORMAL,#22c55e
2026-09-22 00:52:41,N02,0.6002,0.2171,0.6383,0.0134,0.0134,0.1344,0,NORMAL,#22c55e
2026-09-22 00:52:41,N03,1.6761,1.0878,1.9981,0.0268,0.0268,0.2681,1,HIGH,#f97316
2026-09-22 00:52:41,N04,4.9275,3.3172,5.94,0.064,0.064,0.6405,1,CRITICAL,#ef4444
2026-09-22 00:52:41,N05,0.4968,0.3205,0.5912,0.0021,0.0021,0.0209,0,NORMAL,#22c55e
2026-09-22 00:52:46,N01,0.4156,0.157,0.4443,0.0026,0.0026,0.026,0,NORMAL,#22c55e
2026-09-22 00:52:46,N02,0.588,0.2186,0.6273,0.011,0.011,0.1098,0,NORMAL,#22c55e
2026-09-22 00:52:46,N03,1.6733,1.087,1.9954,0.0028,0.0028,0.0278,1,HIGH,#f97316
2026-09-22 00:52:46,N04,5.0059,3.3603,6.0291,0.0891,0.0891,0.8911,1,CRITICAL,#ef4444
2026-09-22 00:52:46,N05,0.479,0.3109,0.5711,0.0201,0.0201,0.2011,0,NORMAL,#22c55e
2026-09-22 00:52:51,N01,0.4159,0.1584,0.445,0.0007,0.0007,0.0072,0,NORMAL,#22c55e
2026-09-22 00:52:51,N02,0.5921,0.2379,0.6381,0.0108,0.0108,0.1084,0,NORMAL,#22c55e
2026-09-22 00:52:51,N03,1.6943,1.1155,2.0285,0.0331,0.0331,0.3312,1,CRITICAL,#ef4444
2026-09-22 00:52:51,N04,5.07,3.3821,6.0945,0.0654,0.0654,0.654,1,CRITICAL,#ef4444
2026-09-22 00:52:51,N05,0.4647,0.3205,0.5645,0.0066,0.0066,0.0661,0,NORMAL,#22c55e
2026-09-22 00:52:56,N01,0.4229,0.1425,0.4463,0.0013,0.0013,0.0129,0,NORMAL,#22c55e
2026-09-22 00:52:56,N02,0.5989,0.238,0.6445,0.0063,0.0063,0.0633,0,NORMAL,#22c55e
2026-09-22 00:52:56,N03,1.7244,1.1286,2.0609,0.0324,0.0324,0.324,1,CRITICAL,#ef4444
2026-09-22 00:52:56,N04,5.1188,3.4278,6.1606,0.066,0.066,0.6602,1,CRITICAL,#ef4444
2026-09-22 00:52:56,N05,0.4726,0.3397,0.582,0.0176,0.0176,0.1759,0,NORMAL,#22c55e
2026-09-22 01:09:36,N01,0.4917,0.2861,0.5689,0.0142,0.0142,0.142,0,NORMAL,#22c55e
2026-09-22 01:09:36,N02,0.4886,0.3193,0.5837,0.0006,0.0006,0.0058,0,NORMAL,#22c55e
2026-09-22 01:09:36,N03,1.0013,0.7158,1.2308,0.0102,0.0102,0.1017,0,WARNING,#eab308
2026-09-22 01:09:36,N04,0.5794,0.3791,0.6924,0.035,0.035,0.3504,0,NORMAL,#22c55e
2026-09-22 01:09:36,N05,0.4854,0.2948,0.5679,0.0152,0.0152,0.1516,0,NORMAL,#22c55e
2026-09-22 01:09:41,N01,0.4773,0.2778,0.5522,0.0167,0.0167,0.1665,0,NORMAL,#22c55e
2026-09-22 01:09:41,N02,0.5069,0.3139,0.5962,0.0125,0.0125,0.1251,0,NORMAL,#22c55e
2026-09-22 01:09:41,N03,1.0183,0.7315,1.2538,0.023,0.023,0.2303,0,WARNING,#eab308
2026-09-22 01:09:41,N04,0.6003,0.4176,0.7313,0.0389,0.0389,0.3892,0,NORMAL,#22c55e
2026-09-22 01:09:41,N05,0.4672,0.2775,0.5434,0.0246,0.0246,0.2455,0,NORMAL,#22c55e
2026-09-22 01:09:46,N01,0.4702,0.2909,0.5529,0.0006,0.0006,0.0062,0,NORMAL,#22c55e
2026-09-22 01:09:46,N02,0.5087,0.3123,0.5969,0.0007,0.0007,0.0071,0,NORMAL,#22c55e
2026-09-22 01:09:46,N03,1.0454,0.7414,1.2816,0.0278,0.0278,0.2777,0,WARNING,#eab308
2026-09-22 01:09:46,N04,0.6466,0.4596,0.7933,0.062,0.062,0.6201,1,NORMAL,#22c55e
2026-09-22 01:09:46,N05,0.4681,0.2768,0.5438,0.0004,0.0004,0.004,0,NORMAL,#22c55e
2026-09-22 01:09:51,N01,0.4716,0.2782,0.5476,0.0053,0.0053,0.0529,0,NORMAL,#22c55e
2026-09-22 01:09:51,N02,0.5046,0.3176,0.5963,0.0006,0.0006,0.0062,0,NORMAL,#22c55e
2026-09-22 01:09:51,N03,1.0717,0.7589,1.3131,0.0315,0.0315,0.3152,0,WARNING,#eab308
2026-09-22 01:09:51,N04,0.6937,0.4988,0.8544,0.0611,0.0611,0.6112,1,NORMAL,#22c55e
2026-09-22 01:09:51,N05,0.4778,0.2759,0.5517,0.008,0.008,0.0797,0,NORMAL,#22c55e
2026-09-22 01:09:56,N01,0.4883,0.2921,0.5689,0.0214,0.0214,0.2137,0,NORMAL,#22c55e
2026-09-22 01:09:56,N02,0.5087,0.3001,0.5906,0.0057,0.0057,0.0567,0,NORMAL,#22c55e
2026-09-22 01:09:56,N03,1.0915,0.7771,1.3399,0.0267,0.0267,0.2673,0,WARNING,#eab308
2026-09-22 01:09:56,N04,0.7159,0.5217,0.8858,0.0314,0.0314,0.3141,0,NORMAL,#22c55e
2026-09-22 01:09:56,N05,0.4699,0.2625,0.5382,0.0135,0.0135,0.1354,0,NORMAL,#22c55e
2026-09-22 01:10:01,N01,0.4902,0.3065,0.5781,0.0092,0.0092,0.092,0,NORMAL,#22c55e
2026-09-22 01:10:01,N02,0.5073,0.2864,0.5825,0.0081,0.0081,0.0808,0,NORMAL,#22c55e
2026-09-22 01:10:01,N03,1.0964,0.7894,1.351,0.0111,0.0111,0.1115,0,WARNING,#eab308
2026-09-22 01:10:01,N04,0.7365,0.5479,0.918,0.0322,0.0322,0.3216,0,NORMAL,#22c55e
2026-09-22 01:10:01,N05,0.4864,0.2655,0.5541,0.0159,0.0159,0.1591,0,NORMAL,#22c55e
2026-09-22 01:10:06,N01,0.5077,0.2926,0.586,0.0078,0.0078,0.0783,0,NORMAL,#22c55e
2026-09-22 01:10:06,N02,0.4982,0.3045,0.5839,0.0013,0.0013,0.0132,0,NORMAL,#22c55e
2026-09-22 01:10:06,N03,1.1109,0.8055,1.3721,0.0211,0.0211,0.2114,0,WARNING,#eab308
2026-09-22 01:10:06,N04,0.772,0.5561,0.9515,0.0335,0.0335,0.3346,0,NORMAL,#22c55e
2026-09-22 01:10:06,N05,0.4712,0.2494,0.5331,0.0211,0.0211,0.2105,0,NORMAL,#22c55e
2026-09-22 01:10:11,N01,0.5254,0.3075,0.6088,0.0228,0.0228,0.2281,0,NORMAL,#22c55e
2026-09-22 01:10:11,N02,0.5112,0.2994,0.5924,0.0086,0.0086,0.0857,0,NORMAL,#22c55e
2026-09-22 01:10:11,N03,1.1142,0.8104,1.3778,0.0056,0.0056,0.0561,0,WARNING,#eab308
2026-09-22 01:10:11,N04,0.7997,0.578,0.9868,0.0353,0.0353,0.3531,0,NORMAL,#22c55e
2026-09-22 01:10:11,N05,0.4689,0.2303,0.5224,0.0107,0.0107,0.1066,0,NORMAL,#22c55e
2026-09-22 01:10:16,N01,0.5145,0.2938,0.5925,0.0163,0.0163,0.1631,0,NORMAL,#22c55e
2026-09-22 01:10:16,N02,0.5237,0.3101,0.6087,0.0163,0.0163,0.1626,0,NORMAL,#22c55e
2026-09-22 01:10:16,N03,1.1234,0.8088,1.3843,0.0065,0.0065,0.0652,0,WARNING,#eab308
2026-09-22 01:10:16,N04,0.8324,0.6149,1.0349,0.0481,0.0481,0.4812,0,WARNING,#eab308
2026-09-22 01:10:16,N05,0.4522,0.2332,0.5088,0.0137,0.0137,0.1365,0,NORMAL,#22c55e
2026-09-22 01:10:21,N01,0.4946,0.301,0.579,0.0135,0.0135,0.1349,0,NORMAL,#22c55e
2026-09-22 01:10:21,N02,0.5107,0.2993,0.592,0.0167,0.0167,0.167,0,NORMAL,#22c55e
2026-09-22 01:10:21,N03,1.1363,0.8115,1.3963,0.0121,0.0121,0.1207,0,WARNING,#eab308
2026-09-22 01:10:21,N04,0.849,0.628,1.056,0.0211,0.0211,0.2113,0,WARNING,#eab308
2026-09-22 01:10:21,N05,0.4394,0.2465,0.5038,0.0049,0.0049,0.0492,0,NORMAL,#22c55e
2026-09-22 01:10:26,N01,0.4971,0.3083,0.585,0.006,0.006,0.0598,0,NORMAL,#22c55e
2026-09-22 01:10:26,N02,0.5127,0.319,0.6038,0.0118,0.0118,0.1184,0,NORMAL,#22c55e
2026-09-22 01:10:26,N03,1.1635,0.8135,1.4197,0.0234,0.0234,0.2339,0,WARNING,#eab308
2026-09-22 01:10:26,N04,0.8742,0.6402,1.0835,0.0275,0.0275,0.2753,0,WARNING,#eab308
2026-09-22 01:10:26,N05,0.4443,0.2647,0.5172,0.0134,0.0134,0.1338,0,NORMAL,#22c55e
2026-09-22 01:10:31,N01,0.5127,0.325,0.6071,0.0221,0.0221,0.221,0,NORMAL,#22c55e
2026-09-22 01:10:31,N02,0.5309,0.3197,0.6197,0.0159,0.0159,0.1588,0,NORMAL,#22c55e
2026-09-22 01:10:31,N03,1.1922,0.8324,1.454,0.0343,0.0343,0.3428,0,WARNING,#eab308
2026-09-22 01:10:31,N04,0.8987,0.6529,1.1108,0.0273,0.0273,0.2726,0,WARNING,#eab308
2026-09-22 01:10:31,N05,0.4493,0.2788,0.5288,0.0116,0.0116,0.1156,0,NORMAL,#22c55e
2026-09-22 01:10:36,N01,0.4989,0.3134,0.5892,0.0179,0.0179,0.1786,0,NORMAL,#22c55e
2026-09-22 01:10:36,N02,0.5271,0.3302,0.622,0.0023,0.0023,0.0228,0,NORMAL,#22c55e
2026-09-22 01:10:36,N03,1.2256,0.8246,1.4772,0.0232,0.0232,0.2316,0,WARNING,#eab308
2026-09-22 01:10:36,N04,0.9202,0.6659,1.1359,0.0251,0.0251,0.251,0,WARNING,#eab308
2026-09-22 01:10:36,N05,0.452,0.2766,0.5299,0.0011,0.0011,0.0114,0,NORMAL,#22c55e
2026-09-22 01:10:41,N01,0.5053,0.3018,0.5885,0.0007,0.0007,0.0065,0,NORMAL,#22c55e
2026-09-22 01:10:41,N02,0.5139,0.345,0.619,0.003,0.003,0.0301,0,NORMAL,#22c55e
2026-09-22 01:10:41,N03,1.2534,0.8179,1.4967,0.0195,0.0195,0.1949,0,WARNING,#eab308
2026-09-22 01:10:41,N04,0.9744,0.6875,1.1925,0.0566,0.0566,0.566,1,WARNING,#eab308
2026-09-22 01:10:41,N05,0.4542,0.2687,0.5277,0.0022,0.0022,0.022,0,NORMAL,#22c55e
2026-09-22 01:10:46,N01,0.5154,0.3076,0.6002,0.0117,0.0117,0.1168,0,NORMAL,#22c55e
2026-09-22 01:10:46,N02,0.5114,0.3264,0.6067,0.0123,0.0123,0.1227,0,NORMAL,#22c55e
2026-09-22 01:10:46,N03,1.2526,0.8094,1.4913,0.0053,0.0053,0.0534,0,WARNING,#eab308
2026-09-22 01:10:46,N04,1.0178,0.7009,1.2358,0.0433,0.0433,0.4327,0,WARNING,#eab308
2026-09-22 01:10:46,N05,0.4345,0.2811,0.5175,0.0102,0.0102,0.1023,0,NORMAL,#22c55e
2026-09-22 01:10:51,N01,0.5136,0.3041,0.5969,0.0034,0.0034,0.0336,0,NORMAL,#22c55e
2026-09-22 01:10:51,N02,0.4954,0.3159,0.5875,0.0192,0.0192,0.1917,0,NORMAL,#22c55e
2026-09-22 01:10:51,N03,1.2605,0.8327,1.5107,0.0194,0.0194,0.1938,1,HIGH,#f97316
2026-09-22 01:10:51,N04,1.0354,0.7083,1.2545,0.0187,0.0187,0.1873,0,WARNING,#eab308
2026-09-22 01:10:51,N05,0.4538,0.2632,0.5246,0.0071,0.0071,0.0712,0,NORMAL,#22c55e
2026-09-22 01:13:03,N01,0.5179,0.3033,0.6002,0.0171,0.0171,0.171,0,NORMAL,#22c55e
2026-09-22 01:13:03,N02,0.4881,0.2827,0.5641,0.019,0.019,0.1904,0,NORMAL,#22c55e
2026-09-22 01:13:03,N03,0.9965,0.6996,1.2175,0.0031,0.0031,0.0311,0,WARNING,#eab308
2026-09-22 01:13:03,N04,0.5874,0.3901,0.7051,0.0478,0.0478,0.4779,0,NORMAL,#22c55e
2026-09-22 01:13:03,N05,0.4823,0.3082,0.5723,0.0108,0.0108,0.1077,0,NORMAL,#22c55e
2026-09-22 01:13:08,N01,0.5019,0.2863,0.5778,0.0224,0.0224,0.2238,0,NORMAL,#22c55e
2026-09-22 01:13:08,N02,0.4787,0.2934,0.5615,0.0026,0.0026,0.0256,0,NORMAL,#22c55e
2026-09-22 01:13:08,N03,1.0035,0.6903,1.218,0.0005,0.0005,0.0047,0,WARNING,#eab308
2026-09-22 01:13:08,N04,0.6322,0.4148,0.7562,0.051,0.051,0.5104,1,NORMAL,#22c55e
2026-09-22 01:13:08,N05,0.4924,0.2955,0.5743,0.0019,0.0019,0.0194,0,NORMAL,#22c55e
2026-09-22 01:13:13,N01,0.5028,0.2841,0.5775,0.0003,0.0003,0.0031,0,NORMAL,#22c55e
2026-09-22 01:13:13,N02,0.4599,0.2925,0.5451,0.0164,0.0164,0.1642,0,NORMAL,#22c55e
2026-09-22 01:13:13,N03,1.032,0.7091,1.2522,0.0341,0.0341,0.3414,0,WARNING,#eab308
2026-09-22 01:13:13,N04,0.6727,0.4437,0.8059,0.0497,0.0497,0.4969,0,NORMAL,#22c55e
2026-09-22 01:13:13,N05,0.5052,0.3035,0.5893,0.0151,0.0151,0.1508,0,NORMAL,#22c55e
2026-09-22 01:13:18,N01,0.4887,0.2808,0.5636,0.0139,0.0139,0.1386,0,NORMAL,#22c55e
2026-09-22 01:13:18,N02,0.4418,0.2885,0.5277,0.0174,0.0174,0.174,0,NORMAL,#22c55e
2026-09-22 01:13:18,N03,1.0637,0.7192,1.2841,0.0319,0.0319,0.3189,0,WARNING,#eab308
2026-09-22 01:13:18,N04,0.691,0.4671,0.8341,0.0282,0.0282,0.2821,0,NORMAL,#22c55e
2026-09-22 01:13:18,N05,0.5001,0.3229,0.5953,0.0059,0.0059,0.0592,0,NORMAL,#22c55e
2026-09-22 01:13:23,N01,0.4738,0.2758,0.5483,0.0154,0.0154,0.1539,0,NORMAL,#22c55e
2026-09-22 01:13:23,N02,0.4459,0.2854,0.5293,0.0017,0.0017,0.0166,0,NORMAL,#22c55e
2026-09-22 01:13:23,N03,1.0694,0.7379,1.2993,0.0152,0.0152,0.152,0,WARNING,#eab308
2026-09-22 01:13:23,N04,0.735,0.4869,0.8816,0.0476,0.0476,0.4755,0,NORMAL,#22c55e
2026-09-22 01:13:23,N05,0.4877,0.329,0.5883,0.007,0.007,0.0696,0,NORMAL,#22c55e
2026-09-22 01:13:28,N01,0.4781,0.2848,0.5565,0.0083,0.0083,0.0828,0,NORMAL,#22c55e
2026-09-22 01:13:28,N02,0.4554,0.2935,0.5417,0.0124,0.0124,0.1238,0,NORMAL,#22c55e
2026-09-22 01:13:28,N03,1.0986,0.7309,1.3195,0.0203,0.0203,0.2026,0,WARNING,#eab308
2026-09-22 01:13:28,N04,0.7856,0.511,0.9372,0.0555,0.0555,0.5555,1,NORMAL,#22c55e
2026-09-22 01:13:28,N05,0.4984,0.3308,0.5982,0.0099,0.0099,0.0986,0,NORMAL,#22c55e
2026-09-22 01:13:33,N01,0.4827,0.2723,0.5542,0.0023,0.0023,0.0231,0,NORMAL,#22c55e
2026-09-22 01:13:33,N02,0.4617,0.2828,0.5414,0.0003,0.0003,0.0032,0,NORMAL,#22c55e
2026-09-22 01:13:33,N03,1.0998,0.7446,1.3281,0.0086,0.0086,0.0862,0,WARNING,#eab308
2026-09-22 01:13:33,N04,0.8071,0.5356,0.9687,0.0315,0.0315,0.3151,0,NORMAL,#22c55e
2026-09-22 01:13:33,N05,0.4805,0.3343,0.5854,0.0128,0.0128,0.1279,0,NORMAL,#22c55e
2026-09-22 01:13:38,N01,0.4846,0.2756,0.5575,0.0033,0.0033,0.0331,0,NORMAL,#22c55e
2026-09-22 01:13:38,N02,0.4812,0.2932,0.5635,0.0221,0.0221,0.221,0,NORMAL,#22c55e
2026-09-22 01:13:38,N03,1.1134,0.7572,1.3465,0.0183,0.0183,0.1833,0,WARNING,#eab308
2026-09-22 01:13:38,N04,0.8237,0.5519,0.9915,0.0229,0.0229,0.2285,0,NORMAL,#22c55e
2026-09-22 01:13:38,N05,0.4929,0.3303,0.5934,0.008,0.008,0.08,0,NORMAL,#22c55e
2026-09-22 01:13:43,N01,0.4809,0.2654,0.5493,0.0083,0.0083,0.0825,0,NORMAL,#22c55e
2026-09-22 01:13:43,N02,0.482,0.2946,0.5648,0.0013,0.0013,0.0134,0,NORMAL,#22c55e
2026-09-22 01:13:43,N03,1.1156,0.7479,1.3431,0.0034,0.0034,0.0337,0,WARNING,#eab308
2026-09-22 01:13:43,N04,0.8781,0.5623,1.0427,0.0511,0.0511,0.5114,1,WARNING,#eab308
2026-09-22 01:13:43,N05,0.479,0.3116,0.5714,0.022,0.022,0.2198,0,NORMAL,#22c55e
2026-09-22 01:13:48,N01,0.5004,0.2493,0.559,0.0098,0.0098,0.0975,0,NORMAL,#22c55e
2026-09-22 01:13:48,N02,0.4957,0.2933,0.576,0.0111,0.0111,0.1115,0,NORMAL,#22c55e
2026-09-22 01:13:48,N03,1.112,0.7413,1.3364,0.0067,0.0067,0.0669,0,WARNING,#eab308
2026-09-22 01:13:48,N04,0.9248,0.5824,1.0929,0.0502,0.0502,0.5022,1,WARNING,#eab308
2026-09-22 01:13:48,N05,0.4786,0.3,0.5649,0.0066,0.0066,0.0656,0,NORMAL,#22c55e
2026-09-22 01:13:53,N01,0.4921,0.2364,0.5459,0.0131,0.0131,0.131,0,NORMAL,#22c55e
2026-09-22 01:13:53,N02,0.4958,0.2857,0.5722,0.0038,0.0038,0.0383,0,NORMAL,#22c55e
2026-09-22 01:13:53,N03,1.1315,0.7516,1.3584,0.022,0.022,0.2197,0,WARNING,#eab308
2026-09-22 01:13:53,N04,0.9528,0.6047,1.1285,0.0356,0.0356,0.3561,0,WARNING,#eab308
2026-09-22 01:13:53,N05,0.4644,0.301,0.5534,0.0115,0.0115,0.1145,0,NORMAL,#22c55e
2026-09-22 01:13:58,N01,0.4853,0.2554,0.5484,0.0025,0.0025,0.0249,0,NORMAL,#22c55e
2026-09-22 01:13:58,N02,0.4951,0.2997,0.5787,0.0065,0.0065,0.0651,0,NORMAL,#22c55e
2026-09-22 01:13:58,N03,1.1376,0.7748,1.3764,0.018,0.018,0.1801,0,WARNING,#eab308
2026-09-22 01:13:58,N04,0.999,0.6426,1.1879,0.0594,0.0594,0.5936,1,WARNING,#eab308
2026-09-22 01:13:58,N05,0.4787,0.2945,0.5621,0.0087,0.0087,0.0867,0,NORMAL,#22c55e
2026-09-22 01:14:03,N01,0.4986,0.2593,0.562,0.0135,0.0135,0.1353,0,NORMAL,#22c55e
2026-09-22 01:14:03,N02,0.509,0.3006,0.5911,0.0125,0.0125,0.1246,0,NORMAL,#22c55e
2026-09-22 01:14:03,N03,1.1646,0.7688,1.3955,0.0191,0.0191,0.1912,0,WARNING,#eab308
2026-09-22 01:14:03,N04,1.0407,0.6508,1.2275,0.0396,0.0396,0.396,0,WARNING,#eab308
2026-09-22 01:14:03,N05,0.4947,0.3026,0.5799,0.0178,0.0178,0.1781,0,NORMAL,#22c55e
2026-09-22 01:14:08,N01,0.5153,0.2572,0.5759,0.0139,0.0139,0.1394,0,NORMAL,#22c55e
2026-09-22 01:14:08,N02,0.492,0.3166,0.585,0.0061,0.0061,0.0613,0,NORMAL,#22c55e
2026-09-22 01:14:08,N03,1.1852,0.7787,1.4182,0.0227,0.0227,0.2265,0,WARNING,#eab308
2026-09-22 01:14:08,N04,1.0617,0.6921,1.2673,0.0399,0.0399,0.3987,0,WARNING,#eab308
2026-09-22 01:14:08,N05,0.4778,0.3116,0.5704,0.0095,0.0095,0.0948,0,NORMAL,#22c55e
2026-09-22 01:14:13,N01,0.5079,0.2705,0.5754,0.0005,0.0005,0.005,0,NORMAL,#22c55e
2026-09-22 01:14:13,N02,0.5047,0.327,0.6013,0.0163,0.0163,0.163,0,NORMAL,#22c55e
2026-09-22 01:14:13,N03,1.211,0.7762,1.4384,0.0202,0.0202,0.2021,0,WARNING,#eab308
2026-09-22 01:14:13,N04,1.0944,0.7067,1.3027,0.0354,0.0354,0.3538,0,WARNING,#eab308
2026-09-22 01:14:13,N05,0.4747,0.307,0.5653,0.0051,0.0051,0.0506,0,NORMAL,#22c55e
2026-09-22 01:14:18,N01,0.5218,0.2874,0.5957,0.0203,0.0203,0.2032,0,NORMAL,#22c55e
2026-09-22 01:14:18,N02,0.5138,0.3137,0.602,0.0007,0.0007,0.0069,0,NORMAL,#22c55e
2026-09-22 01:14:18,N03,1.2291,0.7717,1.4513,0.0129,0.0129,0.1292,0,WARNING,#eab308
2026-09-22 01:14:18,N04,1.1233,0.7217,1.3351,0.0324,0.0324,0.3243,0,WARNING,#eab308
2026-09-22 01:14:18,N05,0.4612,0.3122,0.5569,0.0084,0.0084,0.084,0,NORMAL,#22c55e
2026-09-22 01:14:23,N01,0.5202,0.2725,0.5873,0.0084,0.0084,0.0841,0,NORMAL,#22c55e
2026-09-22 01:14:23,N02,0.5027,0.3196,0.5957,0.0063,0.0063,0.0632,0,NORMAL,#22c55e
2026-09-22 01:14:23,N03,1.2553,0.7957,1.4862,0.035,0.035,0.3495,0,WARNING,#eab308
2026-09-22 01:14:23,N04,1.1487,0.76,1.3773,0.0422,0.0422,0.4219,0,WARNING,#eab308
2026-09-22 01:14:23,N05,0.4686,0.3099,0.5617,0.0048,0.0048,0.0481,0,NORMAL,#22c55e
2026-09-22 01:14:28,N01,0.5133,0.289,0.5891,0.0018,0.0018,0.0176,0,NORMAL,#22c55e
2026-09-22 01:14:28,N02,0.5067,0.3386,0.6095,0.0138,0.0138,0.1378,0,NORMAL,#22c55e
2026-09-22 01:14:28,N03,1.2725,0.7932,1.4995,0.0133,0.0133,0.1325,0,WARNING,#eab308
2026-09-22 01:14:28,N04,1.1897,0.8011,1.4343,0.0569,0.0569,0.5693,1,WARNING,#eab308
2026-09-22 01:14:28,N05,0.4764,0.3218,0.5749,0.0131,0.0131,0.1314,0,NORMAL,#22c55e
2026-09-22 01:14:33,N01,0.5277,0.3048,0.6094,0.0204,0.0204,0.2036,0,NORMAL,#22c55e
2026-09-22 01:14:33,N02,0.5248,0.3213,0.6153,0.0058,0.0058,0.0584,0,NORMAL,#22c55e
2026-09-22 01:14:33,N03,1.3075,0.8139,1.5401,0.0406,0.0406,0.4062,1,HIGH,#f97316
2026-09-22 01:14:33,N04,1.2138,0.8295,1.4701,0.0359,0.0359,0.3588,0,WARNING,#eab308
2026-09-22 01:14:33,N05,0.4869,0.3338,0.5903,0.0155,0.0155,0.1545,0,NORMAL,#22c55e
2026-09-22 01:14:38,N01,0.5194,0.2924,0.5961,0.0134,0.0134,0.1337,0,NORMAL,#22c55e
2026-09-22 01:14:38,N02,0.5068,0.3337,0.6068,0.0085,0.0085,0.085,0,NORMAL,#22c55e
2026-09-22 01:14:38,N03,1.319,0.8083,1.547,0.0069,0.0069,0.0689,1,HIGH,#f97316
2026-09-22 01:14:38,N04,1.2684,0.8577,1.5312,0.061,0.061,0.6103,1,HIGH,#f97316
2026-09-22 01:14:38,N05,0.4822,0.3248,0.5814,0.009,0.009,0.0896,0,NORMAL,#22c55e
2026-09-22 01:14:43,N01,0.5221,0.2734,0.5894,0.0067,0.0067,0.0669,0,NORMAL,#22c55e
2026-09-22 01:14:43,N02,0.5123,0.3532,0.6223,0.0155,0.0155,0.1548,0,NORMAL,#22c55e
2026-09-22 01:14:43,N03,1.3189,0.8233,1.5548,0.0078,0.0078,0.0778,1,HIGH,#f97316
2026-09-22 01:14:43,N04,1.3183,0.8771,1.5834,0.0523,0.0523,0.5227,1,HIGH,#f97316
2026-09-22 01:14:43,N05,0.4948,0.3164,0.5873,0.0059,0.0059,0.0591,0,NORMAL,#22c55e
2026-09-22 01:14:48,N01,0.5258,0.2894,0.6002,0.0108,0.0108,0.1081,0,NORMAL,#22c55e
2026-09-22 01:14:48,N02,0.5001,0.34,0.6047,0.0176,0.0176,0.176,0,NORMAL,#22c55e
2026-09-22 01:14:48,N03,1.332,0.8311,1.57,0.0152,0.0152,0.1522,1,HIGH,#f97316
2026-09-22 01:14:48,N04,1.3582,0.9032,1.6311,0.0476,0.0476,0.4764,1,HIGH,#f97316
2026-09-22 01:14:48,N05,0.4751,0.3335,0.5805,0.0068,0.0068,0.0677,0,NORMAL,#22c55e
2026-09-22 01:14:53,N01,0.5418,0.2942,0.6165,0.0164,0.0164,0.1635,0,NORMAL,#22c55e
2026-09-22 01:14:53,N02,0.5126,0.3529,0.6224,0.0177,0.0177,0.1767,0,NORMAL,#22c55e
2026-09-22 01:14:53,N03,1.3591,0.8286,1.5918,0.0218,0.0218,0.2176,1,HIGH,#f97316
2026-09-22 01:14:53,N04,1.3768,0.9329,1.6631,0.032,0.032,0.3199,1,HIGH,#f97316
2026-09-22 01:14:53,N05,0.4736,0.3271,0.5755,0.005,0.005,0.0497,0,NORMAL,#22c55e
2026-09-22 01:14:58,N01,0.5299,0.2968,0.6074,0.0091,0.0091,0.0914,0,NORMAL,#22c55e
2026-09-22 01:14:58,N02,0.4978,0.3378,0.6016,0.0208,0.0208,0.2076,0,NORMAL,#22c55e
2026-09-22 01:14:58,N03,1.3822,0.8372,1.6159,0.0242,0.0242,0.2418,1,HIGH,#f97316
2026-09-22 01:14:58,N04,1.4138,0.9397,1.6976,0.0346,0.0346,0.3455,1,HIGH,#f97316
2026-09-22 01:14:58,N05,0.4672,0.3219,0.5673,0.0082,0.0082,0.0819,0,NORMAL,#22c55e
2026-09-22 01:15:03,N01,0.5192,0.3138,0.6066,0.0007,0.0007,0.0074,0,NORMAL,#22c55e
2026-09-22 01:15:03,N02,0.5139,0.3423,0.6175,0.0159,0.0159,0.1587,0,NORMAL,#22c55e
2026-09-22 01:15:03,N03,1.3804,0.8545,1.6235,0.0075,0.0075,0.0752,1,HIGH,#f97316
2026-09-22 01:15:03,N04,1.442,0.9814,1.7443,0.0466,0.0466,0.4664,1,HIGH,#f97316
2026-09-22 01:15:03,N05,0.47,0.326,0.572,0.0047,0.0047,0.0467,0,NORMAL,#22c55e
2026-09-22 01:15:08,N01,0.5073,0.3194,0.5994,0.0072,0.0072,0.0721,0,NORMAL,#22c55e
2026-09-22 01:15:08,N02,0.5063,0.3414,0.6106,0.0068,0.0068,0.0684,0,NORMAL,#22c55e
2026-09-22 01:15:08,N03,1.4079,0.8762,1.6583,0.0348,0.0348,0.3479,1,HIGH,#f97316
2026-09-22 01:15:08,N04,1.4901,0.9896,1.7888,0.0445,0.0445,0.4452,1,HIGH,#f97316
2026-09-22 01:15:08,N05,0.4701,0.3286,0.5736,0.0015,0.0015,0.0154,0,NORMAL,#22c55e
2026-09-22 01:15:13,N01,0.5105,0.3358,0.6111,0.0116,0.0116,0.1161,0,NORMAL,#22c55e
2026-09-22 01:15:13,N02,0.5169,0.3403,0.6189,0.0082,0.0082,0.0825,0,NORMAL,#22c55e
2026-09-22 01:15:13,N03,1.4132,0.8893,1.6697,0.0115,0.0115,0.1147,1,HIGH,#f97316
2026-09-22 01:15:13,N04,1.5228,1.0068,1.8255,0.0367,0.0367,0.3674,1,HIGH,#f97316
2026-09-22 01:15:13,N05,0.4751,0.338,0.5831,0.0095,0.0095,0.0952,0,NORMAL,#22c55e
2026-09-22 01:15:18,N01,0.5028,0.3417,0.608,0.0031,0.0031,0.0308,0,NORMAL,#22c55e
2026-09-22 01:15:18,N02,0.5191,0.3311,0.6157,0.0032,0.0032,0.032,0,NORMAL,#22c55e
2026-09-22 01:15:18,N03,1.4394,0.9175,1.707,0.0372,0.0372,0.3723,1,HIGH,#f97316
2026-09-22 01:15:18,N04,1.5571,1.0182,1.8605,0.0349,0.0349,0.3495,1,HIGH,#f97316
2026-09-22 01:15:18,N05,0.4882,0.3502,0.6008,0.0177,0.0177,0.1774,0,NORMAL,#22c55e
2026-09-22 01:56:10,N01,0.5111,0.292,0.5886,0.0055,0.0055,0.0552,0,NORMAL,#22c55e
2026-09-22 01:56:10,N02,0.5184,0.2934,0.5957,0.0126,0.0126,0.1256,0,NORMAL,#22c55e
2026-09-22 01:56:10,N03,1.0102,0.7177,1.2391,0.0185,0.0185,0.1849,0,WARNING,#eab308
2026-09-22 01:56:10,N04,0.5968,0.3887,0.7122,0.0549,0.0549,0.5486,1,NORMAL,#22c55e
2026-09-22 01:56:10,N05,0.4955,0.2997,0.5791,0.004,0.004,0.0403,0,NORMAL,#22c55e
2026-09-22 01:56:15,N01,0.5116,0.2841,0.5852,0.0034,0.0034,0.0341,0,NORMAL,#22c55e
2026-09-22 01:56:15,N02,0.499,0.3008,0.5827,0.013,0.013,0.1297,0,NORMAL,#22c55e
2026-09-22 01:56:15,N03,1.0148,0.7179,1.2431,0.0039,0.0039,0.0393,0,WARNING,#eab308
2026-09-22 01:56:15,N04,0.6496,0.4008,0.7633,0.0511,0.0511,0.5111,1,NORMAL,#22c55e
2026-09-22 01:56:15,N05,0.4763,0.3093,0.5679,0.0112,0.0112,0.1116,0,NORMAL,#22c55e
2026-09-22 01:56:20,N01,0.4928,0.3035,0.5787,0.0065,0.0065,0.0646,0,NORMAL,#22c55e
2026-09-22 01:56:20,N02,0.5076,0.2846,0.5819,0.0008,0.0008,0.0076,0,NORMAL,#22c55e
2026-09-22 01:56:20,N03,1.0266,0.7364,1.2634,0.0203,0.0203,0.2034,0,WARNING,#eab308
2026-09-22 01:56:20,N04,0.7036,0.4305,0.8249,0.0616,0.0616,0.6157,1,NORMAL,#22c55e
2026-09-22 01:56:20,N05,0.4665,0.2919,0.5503,0.0176,0.0176,0.1759,0,NORMAL,#22c55e
2026-09-22 01:56:25,N01,0.473,0.3186,0.5703,0.0085,0.0085,0.0847,0,NORMAL,#22c55e
2026-09-22 01:56:25,N02,0.4907,0.2809,0.5654,0.0165,0.0165,0.1649,0,NORMAL,#22c55e
2026-09-22 01:56:25,N03,1.0534,0.7276,1.2803,0.0168,0.0168,0.1684,0,WARNING,#eab308
2026-09-22 01:56:25,N04,0.7584,0.466,0.8901,0.0652,0.0652,0.6521,1,NORMAL,#22c55e
2026-09-22 01:56:25,N05,0.4601,0.2767,0.5369,0.0134,0.0134,0.134,0,NORMAL,#22c55e
2026-09-22 01:56:30,N01,0.4685,0.3046,0.5588,0.0115,0.0115,0.1149,0,NORMAL,#22c55e
2026-09-22 01:56:30,N02,0.505,0.2915,0.5831,0.0177,0.0177,0.1768,0,NORMAL,#22c55e
2026-09-22 01:56:30,N03,1.0824,0.7375,1.3098,0.0296,0.0296,0.2955,0,WARNING,#eab308
2026-09-22 01:56:30,N04,0.7774,0.4832,0.9153,0.0252,0.0252,0.2524,0,NORMAL,#22c55e
2026-09-22 01:56:30,N05,0.4428,0.2719,0.5196,0.0173,0.0173,0.1728,0,NORMAL,#22c55e
2026-09-22 01:56:35,N01,0.4874,0.3085,0.5768,0.018,0.018,0.1801,0,NORMAL,#22c55e
2026-09-22 01:56:35,N02,0.5089,0.2879,0.5847,0.0016,0.0016,0.0158,0,NORMAL,#22c55e
2026-09-22 01:56:35,N03,1.1148,0.7438,1.3401,0.0303,0.0303,0.3031,0,WARNING,#eab308
2026-09-22 01:56:35,N04,0.7974,0.5226,0.9534,0.038,0.038,0.3804,0,NORMAL,#22c55e
2026-09-22 01:56:35,N05,0.424,0.2623,0.4986,0.021,0.021,0.21,0,NORMAL,#22c55e
2026-09-22 01:56:40,N01,0.5013,0.2886,0.5785,0.0017,0.0017,0.0165,0,NORMAL,#22c55e
2026-09-22 01:56:40,N02,0.4928,0.2918,0.5727,0.012,0.012,0.1196,0,NORMAL,#22c55e
2026-09-22 01:56:40,N03,1.1275,0.7612,1.3604,0.0203,0.0203,0.2027,0,WARNING,#eab308
2026-09-22 01:56:40,N04,0.8497,0.5418,1.0077,0.0543,0.0543,0.5433,1,WARNING,#eab308
2026-09-22 01:56:40,N05,0.421,0.2549,0.4921,0.0065,0.0065,0.065,0,NORMAL,#22c55e
2026-09-22 01:56:45,N01,0.5063,0.2961,0.5865,0.0081,0.0081,0.0806,0,NORMAL,#22c55e
2026-09-22 01:56:45,N02,0.4951,0.3062,0.5821,0.0094,0.0094,0.0937,0,NORMAL,#22c55e
2026-09-22 01:56:45,N03,1.1307,0.7782,1.3726,0.0122,0.0122,0.1223,0,WARNING,#eab308
2026-09-22 01:56:45,N04,0.8693,0.5765,1.0431,0.0354,0.0354,0.3536,0,WARNING,#eab308
2026-09-22 01:56:45,N05,0.4307,0.2644,0.5054,0.0132,0.0132,0.1324,0,NORMAL,#22c55e
2026-09-22 01:56:50,N01,0.5082,0.2914,0.5858,0.0007,0.0007,0.0073,0,NORMAL,#22c55e
2026-09-22 01:56:50,N02,0.4793,0.3203,0.5765,0.0056,0.0056,0.056,0,NORMAL,#22c55e
2026-09-22 01:56:50,N03,1.1264,0.7824,1.3715,0.0011,0.0011,0.0113,0,WARNING,#eab308
2026-09-22 01:56:50,N04,0.9085,0.6187,1.0992,0.0561,0.0561,0.561,1,WARNING,#eab308
2026-09-22 01:56:50,N05,0.4347,0.2628,0.508,0.0026,0.0026,0.0265,0,NORMAL,#22c55e
2026-09-22 01:56:55,N01,0.5184,0.2935,0.5957,0.01,0.01,0.0995,0,NORMAL,#22c55e
2026-09-22 01:56:55,N02,0.4622,0.3156,0.5597,0.0168,0.0168,0.1681,0,NORMAL,#22c55e
2026-09-22 01:56:55,N03,1.1526,0.7784,1.3908,0.0194,0.0194,0.1935,0,WARNING,#eab308
2026-09-22 01:56:55,N04,0.9439,0.6405,1.1407,0.0416,0.0416,0.4156,0,WARNING,#eab308
2026-09-22 01:56:55,N05,0.4243,0.2691,0.5024,0.0056,0.0056,0.0562,0,NORMAL,#22c55e
2026-09-22 01:57:00,N01,0.525,0.3127,0.6111,0.0154,0.0154,0.1536,0,NORMAL,#22c55e
2026-09-22 01:57:00,N02,0.4484,0.3055,0.5426,0.0171,0.0171,0.1712,0,NORMAL,#22c55e
2026-09-22 01:57:00,N03,1.1532,0.7838,1.3944,0.0035,0.0035,0.0354,0,WARNING,#eab308
2026-09-22 01:57:00,N04,0.9695,0.6809,1.1847,0.044,0.044,0.4398,0,WARNING,#eab308
2026-09-22 01:57:00,N05,0.4223,0.2799,0.5067,0.0043,0.0043,0.0429,0,NORMAL,#22c55e
2026-09-22 01:57:05,N01,0.5155,0.3279,0.611,0.0001,0.0001,0.0011,0,NORMAL,#22c55e
2026-09-22 01:57:05,N02,0.4616,0.2878,0.544,0.0014,0.0014,0.0143,0,NORMAL,#22c55e
2026-09-22 01:57:05,N03,1.1878,0.8013,1.4328,0.0385,0.0385,0.3846,0,WARNING,#eab308
2026-09-22 01:57:05,N04,1.0242,0.6875,1.2336,0.0489,0.0489,0.4886,0,WARNING,#eab308
2026-09-22 01:57:05,N05,0.4333,0.2808,0.5163,0.0096,0.0096,0.0963,0,NORMAL,#22c55e
2026-09-22 01:57:10,N01,0.5099,0.311,0.5972,0.0138,0.0138,0.1378,0,NORMAL,#22c55e
2026-09-22 01:57:10,N02,0.4764,0.2797,0.5525,0.0085,0.0085,0.0848,0,NORMAL,#22c55e
2026-09-22 01:57:10,N03,1.2005,0.8297,1.4593,0.0265,0.0265,0.2648,0,WARNING,#eab308
2026-09-22 01:57:10,N04,1.0477,0.6976,1.2587,0.0251,0.0251,0.2513,0,WARNING,#eab308
2026-09-22 01:57:10,N05,0.434,0.2969,0.5258,0.0095,0.0095,0.0952,0,NORMAL,#22c55e
2026-09-22 01:57:15,N01,0.4912,0.3047,0.578,0.0192,0.0192,0.1917,0,NORMAL,#22c55e
2026-09-22 01:57:15,N02,0.474,0.2963,0.559,0.0065,0.0065,0.0651,0,NORMAL,#22c55e
2026-09-22 01:57:15,N03,1.1981,0.8251,1.4547,0.0046,0.0046,0.0461,0,WARNING,#eab308
2026-09-22 01:57:15,N04,1.0819,0.7406,1.3111,0.0524,0.0524,0.5242,1,WARNING,#eab308
2026-09-22 01:57:15,N05,0.438,0.307,0.5349,0.009,0.009,0.0904,0,NORMAL,#22c55e
2026-09-22 01:57:20,N01,0.5002,0.2924,0.5794,0.0014,0.0014,0.0136,0,NORMAL,#22c55e
2026-09-22 01:57:20,N02,0.4926,0.2844,0.5688,0.0098,0.0098,0.0977,0,NORMAL,#22c55e
2026-09-22 01:57:20,N03,1.1994,0.8406,1.4647,0.01,0.01,0.0996,0,WARNING,#eab308
2026-09-22 01:57:20,N04,1.1047,0.7647,1.3435,0.0324,0.0324,0.3239,0,WARNING,#eab308
2026-09-22 01:57:20,N05,0.4271,0.3009,0.5225,0.0124,0.0124,0.124,0,NORMAL,#22c55e
2026-09-22 01:57:25,N01,0.4933,0.2946,0.5745,0.0049,0.0049,0.0487,0,NORMAL,#22c55e
2026-09-22 01:57:25,N02,0.5067,0.283,0.5804,0.0117,0.0117,0.1166,0,NORMAL,#22c55e
2026-09-22 01:57:25,N03,1.2209,0.8373,1.4805,0.0158,0.0158,0.158,0,WARNING,#eab308
2026-09-22 01:57:25,N04,1.1316,0.7845,1.3769,0.0334,0.0334,0.3343,0,WARNING,#eab308
2026-09-22 01:57:25,N05,0.4217,0.3096,0.5232,0.0007,0.0007,0.0067,0,NORMAL,#22c55e
2026-09-22 01:57:30,N01,0.4988,0.2984,0.5812,0.0067,0.0067,0.0669,0,NORMAL,#22c55e
2026-09-22 01:57:30,N02,0.4929,0.2958,0.5749,0.0055,0.0055,0.0554,0,NORMAL,#22c55e
2026-09-22 01:57:30,N03,1.2403,0.8577,1.508,0.0275,0.0275,0.2751,1,HIGH,#f97316
2026-09-22 01:57:30,N04,1.1835,0.8056,1.4317,0.0547,0.0547,0.5473,1,WARNING,#eab308
2026-09-22 01:57:30,N05,0.4194,0.2939,0.5121,0.011,0.011,0.1101,0,NORMAL,#22c55e
2026-09-22 01:57:35,N01,0.5041,0.3048,0.5891,0.0078,0.0078,0.0785,0,NORMAL,#22c55e
2026-09-22 01:57:35,N02,0.4965,0.2801,0.57,0.0048,0.0048,0.0485,0,NORMAL,#22c55e
2026-09-22 01:57:35,N03,1.251,0.8697,1.5236,0.0157,0.0157,0.1565,1,HIGH,#f97316
2026-09-22 01:57:35,N04,1.2047,0.8418,1.4697,0.038,0.038,0.38,0,WARNING,#eab308
2026-09-22 01:57:35,N05,0.4064,0.2762,0.4914,0.0208,0.0208,0.2078,0,NORMAL,#22c55e
2026-09-22 01:57:40,N01,0.4943,0.3225,0.5902,0.0011,0.0011,0.0112,0,NORMAL,#22c55e
2026-09-22 01:57:40,N02,0.5003,0.2986,0.5826,0.0126,0.0126,0.1259,0,NORMAL,#22c55e
2026-09-22 01:57:40,N03,1.2654,0.8959,1.5505,0.0268,0.0268,0.2683,1,HIGH,#f97316
2026-09-22 01:57:40,N04,1.2511,0.8761,1.5274,0.0577,0.0577,0.5769,1,HIGH,#f97316
2026-09-22 01:57:40,N05,0.3988,0.2822,0.4886,0.0028,0.0028,0.028,0,NORMAL,#22c55e
2026-09-22 01:57:45,N01,0.5072,0.3097,0.5943,0.0041,0.0041,0.0411,0,NORMAL,#22c55e
2026-09-22 01:57:45,N02,0.493,0.2851,0.5695,0.0131,0.0131,0.1309,0,NORMAL,#22c55e
2026-09-22 01:57:45,N03,1.2645,0.9212,1.5645,0.0141,0.0141,0.1405,1,HIGH,#f97316
2026-09-22 01:57:45,N04,1.2871,0.9031,1.5723,0.0449,0.0449,0.4493,1,HIGH,#f97316
2026-09-22 01:57:45,N05,0.4171,0.2995,0.5135,0.0249,0.0249,0.2493,0,NORMAL,#22c55e
